2025-09-15 20:01:20 [ERROR]: GET /property/nearby | STATUS: 
Invalid `prisma.$queryRawUnsafe()` invocation:


Raw query failed. Code: `42601`. Message: `ERROR: syntax error at or near "WHERE"` | MESSAGE: {"code":"P2010","meta":{"code":"42601","message":"ERROR: syntax error at or near \"WHERE\""},"clientVersion":"6.13.0","name":"PrismaClientKnownRequestError"}
2025-09-15 20:01:25 [ERROR]: GET /property/nearby | STATUS: 
Invalid `prisma.$queryRawUnsafe()` invocation:


Raw query failed. Code: `42601`. Message: `ERROR: syntax error at or near "WHERE"` | MESSAGE: {"code":"P2010","meta":{"code":"42601","message":"ERROR: syntax error at or near \"WHERE\""},"clientVersion":"6.13.0","name":"PrismaClientKnownRequestError"}
2025-09-15 20:01:50 [ERROR]: GET /property/nearby | STATUS: 
Invalid `prisma.$queryRawUnsafe()` invocation:


Raw query failed. Code: `42601`. Message: `ERROR: syntax error at or near "WHERE"` | MESSAGE: {"code":"P2010","meta":{"code":"42601","message":"ERROR: syntax error at or near \"WHERE\""},"clientVersion":"6.13.0","name":"PrismaClientKnownRequestError"}
2025-09-15 20:01:52 [ERROR]: GET /property/nearby | STATUS: 
Invalid `prisma.$queryRawUnsafe()` invocation:


Raw query failed. Code: `42601`. Message: `ERROR: syntax error at or near "WHERE"` | MESSAGE: {"code":"P2010","meta":{"code":"42601","message":"ERROR: syntax error at or near \"WHERE\""},"clientVersion":"6.13.0","name":"PrismaClientKnownRequestError"}
2025-09-15 20:01:56 [ERROR]: GET /property/nearby | STATUS: 
Invalid `prisma.$queryRawUnsafe()` invocation:


Raw query failed. Code: `42601`. Message: `ERROR: syntax error at or near "WHERE"` | MESSAGE: {"code":"P2010","meta":{"code":"42601","message":"ERROR: syntax error at or near \"WHERE\""},"clientVersion":"6.13.0","name":"PrismaClientKnownRequestError"}
2025-09-15 20:02:01 [ERROR]: GET /property/nearby | STATUS: 
Invalid `prisma.$queryRawUnsafe()` invocation:


Raw query failed. Code: `42601`. Message: `ERROR: syntax error at or near "WHERE"` | MESSAGE: {"code":"P2010","meta":{"code":"42601","message":"ERROR: syntax error at or near \"WHERE\""},"clientVersion":"6.13.0","name":"PrismaClientKnownRequestError"}
2025-09-15 20:02:53 [ERROR]: GET /property/nearby | STATUS: 
Invalid `prisma.$queryRawUnsafe()` invocation:


Raw query failed. Code: `42601`. Message: `ERROR: syntax error at or near "WHERE"` | MESSAGE: {"code":"P2010","meta":{"code":"42601","message":"ERROR: syntax error at or near \"WHERE\""},"clientVersion":"6.13.0","name":"PrismaClientKnownRequestError"}
2025-09-15 20:08:14 [ERROR]: GET /property/nearby | STATUS: 
Invalid `prisma.$queryRawUnsafe()` invocation:


Raw query failed. Code: `42883`. Message: `ERROR: operator does not exist: "PropertyCategory" = text
HINT: No operator matches the given name and argument types. You might need to add explicit type casts.` | MESSAGE: {"code":"P2010","meta":{"code":"42883","message":"ERROR: operator does not exist: \"PropertyCategory\" = text\nHINT: No operator matches the given name and argument types. You might need to add explicit type casts."},"clientVersion":"6.13.0","name":"PrismaClientKnownRequestError"}
2025-09-15 20:08:16 [ERROR]: GET /property/nearby | STATUS: 
Invalid `prisma.$queryRawUnsafe()` invocation:


Raw query failed. Code: `42883`. Message: `ERROR: operator does not exist: "PropertyCategory" = text
HINT: No operator matches the given name and argument types. You might need to add explicit type casts.` | MESSAGE: {"code":"P2010","meta":{"code":"42883","message":"ERROR: operator does not exist: \"PropertyCategory\" = text\nHINT: No operator matches the given name and argument types. You might need to add explicit type casts."},"clientVersion":"6.13.0","name":"PrismaClientKnownRequestError"}
2025-09-15 20:08:16 [ERROR]: GET /property/nearby | STATUS: 
Invalid `prisma.$queryRawUnsafe()` invocation:


Raw query failed. Code: `42883`. Message: `ERROR: operator does not exist: "PropertyCategory" = text
HINT: No operator matches the given name and argument types. You might need to add explicit type casts.` | MESSAGE: {"code":"P2010","meta":{"code":"42883","message":"ERROR: operator does not exist: \"PropertyCategory\" = text\nHINT: No operator matches the given name and argument types. You might need to add explicit type casts."},"clientVersion":"6.13.0","name":"PrismaClientKnownRequestError"}
2025-09-15 20:08:19 [ERROR]: GET /property/nearby | STATUS: 
Invalid `prisma.$queryRawUnsafe()` invocation:


Raw query failed. Code: `42883`. Message: `ERROR: operator does not exist: "PropertyCategory" = text
HINT: No operator matches the given name and argument types. You might need to add explicit type casts.` | MESSAGE: {"code":"P2010","meta":{"code":"42883","message":"ERROR: operator does not exist: \"PropertyCategory\" = text\nHINT: No operator matches the given name and argument types. You might need to add explicit type casts."},"clientVersion":"6.13.0","name":"PrismaClientKnownRequestError"}
2025-09-15 20:08:24 [ERROR]: GET /property/nearby | STATUS: 
Invalid `prisma.$queryRawUnsafe()` invocation:


Raw query failed. Code: `42883`. Message: `ERROR: operator does not exist: "PropertyCategory" = text
HINT: No operator matches the given name and argument types. You might need to add explicit type casts.` | MESSAGE: {"code":"P2010","meta":{"code":"42883","message":"ERROR: operator does not exist: \"PropertyCategory\" = text\nHINT: No operator matches the given name and argument types. You might need to add explicit type casts."},"clientVersion":"6.13.0","name":"PrismaClientKnownRequestError"}
2025-09-15 20:08:48 [ERROR]: GET /property/nearby | STATUS: 
Invalid `prisma.$queryRawUnsafe()` invocation:


Raw query failed. Code: `42883`. Message: `ERROR: operator does not exist: "PropertyCategory" = text
HINT: No operator matches the given name and argument types. You might need to add explicit type casts.` | MESSAGE: {"code":"P2010","meta":{"code":"42883","message":"ERROR: operator does not exist: \"PropertyCategory\" = text\nHINT: No operator matches the given name and argument types. You might need to add explicit type casts."},"clientVersion":"6.13.0","name":"PrismaClientKnownRequestError"}
2025-09-16 13:14:37 [ERROR]: GET /user/me | STATUS: Unauthorized | MESSAGE: {"statusCode":401,"success":false,"message":"Unauthorized"}
2025-09-16 13:19:12 [ERROR]: GET /user/me | STATUS: Unauthorized | MESSAGE: {"statusCode":401,"success":false,"message":"Unauthorized"}
2025-09-16 13:22:45 [ERROR]: GET /user/me | STATUS: Unauthorized | MESSAGE: {"statusCode":401,"success":false,"message":"Unauthorized"}
2025-09-16 13:22:55 [ERROR]: GET /user/me | STATUS: Unauthorized | MESSAGE: {"statusCode":401,"success":false,"message":"Unauthorized"}
2025-09-16 13:27:18 [ERROR]: GET /user/me | STATUS: Unauthorized | MESSAGE: {"statusCode":401,"success":false,"message":"Unauthorized"}
2025-09-16 13:30:32 [ERROR]: GET /user/me | STATUS: Unauthorized | MESSAGE: {"statusCode":401,"success":false,"message":"Unauthorized"}
2025-09-16 13:31:07 [ERROR]: GET /user/me | STATUS: Unauthorized | MESSAGE: {"statusCode":401,"success":false,"message":"Unauthorized"}
2025-09-16 13:34:32 [ERROR]: GET /user/me | STATUS: Unauthorized | MESSAGE: {"statusCode":401,"success":false,"message":"Unauthorized"}
2025-09-16 13:39:22 [ERROR]: GET /user/me | STATUS: Unauthorized | MESSAGE: {"statusCode":401,"success":false,"message":"Unauthorized"}
2025-09-16 13:51:13 [ERROR]: GET /user/me | STATUS: Unauthorized | MESSAGE: {"statusCode":401,"success":false,"message":"Unauthorized"}
2025-09-16 13:57:09 [ERROR]: GET /user/me | STATUS: Unauthorized | MESSAGE: {"statusCode":401,"success":false,"message":"Unauthorized"}
2025-09-16 13:57:20 [ERROR]: GET /user/me | STATUS: Unauthorized | MESSAGE: {"statusCode":401,"success":false,"message":"Unauthorized"}
2025-09-16 13:57:45 [ERROR]: GET /user/me | STATUS: Unauthorized | MESSAGE: {"statusCode":401,"success":false,"message":"Unauthorized"}
2025-09-16 13:57:51 [ERROR]: GET /user/me | STATUS: Unauthorized | MESSAGE: {"statusCode":401,"success":false,"message":"Unauthorized"}
2025-09-16 14:05:36 [ERROR]: GET /user/me | STATUS: Unauthorized | MESSAGE: {"statusCode":401,"success":false,"message":"Unauthorized"}
2025-09-16 14:06:09 [ERROR]: GET /user/me | STATUS: Unauthorized | MESSAGE: {"statusCode":401,"success":false,"message":"Unauthorized"}
2025-09-16 14:12:28 [ERROR]: GET /user/me | STATUS: Unauthorized | MESSAGE: {"statusCode":401,"success":false,"message":"Unauthorized"}
2025-09-16 14:19:54 [ERROR]: GET /user/me | STATUS: Unauthorized | MESSAGE: {"statusCode":401,"success":false,"message":"Unauthorized"}
2025-09-16 14:20:54 [ERROR]: GET /user/me | STATUS: Unauthorized | MESSAGE: {"statusCode":401,"success":false,"message":"Unauthorized"}
2025-09-16 14:21:42 [ERROR]: GET /user/me | STATUS: Unauthorized | MESSAGE: {"statusCode":401,"success":false,"message":"Unauthorized"}
2025-09-16 14:30:59 [ERROR]: GET /user/me | STATUS: Unauthorized | MESSAGE: {"statusCode":401,"success":false,"message":"Unauthorized"}
2025-09-16 14:31:21 [ERROR]: GET /user/me | STATUS: Unauthorized | MESSAGE: {"statusCode":401,"success":false,"message":"Unauthorized"}
2025-09-16 14:32:38 [ERROR]: GET /user/me | STATUS: Unauthorized | MESSAGE: {"statusCode":401,"success":false,"message":"Unauthorized"}
2025-09-16 14:34:10 [ERROR]: GET /user/me | STATUS: Unauthorized | MESSAGE: {"statusCode":401,"success":false,"message":"Unauthorized"}
2025-09-16 14:34:26 [ERROR]: GET /user/me | STATUS: Unauthorized | MESSAGE: {"statusCode":401,"success":false,"message":"Unauthorized"}
2025-09-16 14:39:59 [ERROR]: GET /user/me | STATUS: Unauthorized | MESSAGE: {"statusCode":401,"success":false,"message":"Unauthorized"}
2025-09-16 14:40:21 [ERROR]: GET /user/me | STATUS: Unauthorized | MESSAGE: {"statusCode":401,"success":false,"message":"Unauthorized"}
2025-09-16 14:46:27 [ERROR]: GET /user/me | STATUS: Unauthorized | MESSAGE: {"statusCode":401,"success":false,"message":"Unauthorized"}
2025-09-16 14:47:20 [ERROR]: GET /user/me | STATUS: Unauthorized | MESSAGE: {"statusCode":401,"success":false,"message":"Unauthorized"}
2025-09-16 14:53:14 [ERROR]: GET /user/me | STATUS: Unauthorized | MESSAGE: {"statusCode":401,"success":false,"message":"Unauthorized"}
2025-09-16 14:57:48 [ERROR]: GET /user/me | STATUS: Unauthorized | MESSAGE: {"statusCode":401,"success":false,"message":"Unauthorized"}
2025-09-16 15:02:11 [ERROR]: GET /user/me | STATUS: Unauthorized | MESSAGE: {"statusCode":401,"success":false,"message":"Unauthorized"}
2025-09-16 15:02:20 [ERROR]: GET /user/me | STATUS: Unauthorized | MESSAGE: {"statusCode":401,"success":false,"message":"Unauthorized"}
2025-09-16 15:05:42 [ERROR]: GET /property/all | STATUS: 
Invalid `prisma.properties.findMany()` invocation in
D:\adi\purwhadika\FINPRO\Property Renting Web App\backend\src\repositories\property\property.repository.ts:16:28

  13 }) => {
  14   const { property_category, name } = filters;
  15 
→ 16   return prisma.properties.findMany(
Can't reach database server at `aws-0-us-west-1.pooler.supabase.com:6543`

Please make sure your database server is running at `aws-0-us-west-1.pooler.supabase.com:6543`. | MESSAGE: {"code":"P1001","meta":{"modelName":"properties","database_location":"aws-0-us-west-1.pooler.supabase.com:6543"},"clientVersion":"6.13.0","name":"PrismaClientKnownRequestError"}
2025-09-16 15:05:44 [ERROR]: GET /user/me | STATUS: Unauthorized | MESSAGE: {"statusCode":401,"success":false,"message":"Unauthorized"}
2025-09-16 15:05:49 [ERROR]: GET /room/search | STATUS: 
Invalid `prisma.rooms.findMany()` invocation in
D:\adi\purwhadika\FINPRO\Property Renting Web App\backend\src\repositories\rooms\rooms.repository.ts:170:29

  167   checkIn?: string,
  168   checkOut?: string
  169 ) => {
→ 170   return await prisma.rooms.findMany(
Can't reach database server at `aws-0-us-west-1.pooler.supabase.com:6543`

Please make sure your database server is running at `aws-0-us-west-1.pooler.supabase.com:6543`. | MESSAGE: {"code":"P1001","meta":{"modelName":"rooms","database_location":"aws-0-us-west-1.pooler.supabase.com:6543"},"clientVersion":"6.13.0","name":"PrismaClientKnownRequestError"}
2025-09-16 15:05:55 [ERROR]: GET /room/search | STATUS: 
Invalid `prisma.rooms.findMany()` invocation in
D:\adi\purwhadika\FINPRO\Property Renting Web App\backend\src\repositories\rooms\rooms.repository.ts:170:29

  167   checkIn?: string,
  168   checkOut?: string
  169 ) => {
→ 170   return await prisma.rooms.findMany(
Can't reach database server at `aws-0-us-west-1.pooler.supabase.com:6543`

Please make sure your database server is running at `aws-0-us-west-1.pooler.supabase.com:6543`. | MESSAGE: {"code":"P1001","meta":{"modelName":"rooms","database_location":"aws-0-us-west-1.pooler.supabase.com:6543"},"clientVersion":"6.13.0","name":"PrismaClientKnownRequestError"}
2025-09-16 15:06:59 [ERROR]: GET /property/all | STATUS: 
Invalid `prisma.properties.findMany()` invocation in
D:\adi\purwhadika\FINPRO\Property Renting Web App\backend\src\repositories\property\property.repository.ts:16:28

  13 }) => {
  14   const { property_category, name } = filters;
  15 
→ 16   return prisma.properties.findMany(
Can't reach database server at `aws-0-us-west-1.pooler.supabase.com:6543`

Please make sure your database server is running at `aws-0-us-west-1.pooler.supabase.com:6543`. | MESSAGE: {"code":"P1001","meta":{"modelName":"properties","database_location":"aws-0-us-west-1.pooler.supabase.com:6543"},"clientVersion":"6.13.0","name":"PrismaClientKnownRequestError"}
2025-09-16 15:11:40 [ERROR]: GET /property/all | STATUS: 
Invalid `prisma.properties.findMany()` invocation in
D:\adi\purwhadika\FINPRO\Property Renting Web App\backend\src\repositories\property\property.repository.ts:16:28

  13 }) => {
  14   const { property_category, name } = filters;
  15 
→ 16   return prisma.properties.findMany(
Can't reach database server at `aws-0-us-west-1.pooler.supabase.com:6543`

Please make sure your database server is running at `aws-0-us-west-1.pooler.supabase.com:6543`. | MESSAGE: {"code":"P1001","meta":{"modelName":"properties","database_location":"aws-0-us-west-1.pooler.supabase.com:6543"},"clientVersion":"6.13.0","name":"PrismaClientKnownRequestError"}
2025-09-16 15:11:47 [ERROR]: GET /property/all | STATUS: 
Invalid `prisma.properties.findMany()` invocation in
D:\adi\purwhadika\FINPRO\Property Renting Web App\backend\src\repositories\property\property.repository.ts:16:28

  13 }) => {
  14   const { property_category, name } = filters;
  15 
→ 16   return prisma.properties.findMany(
Can't reach database server at `aws-0-us-west-1.pooler.supabase.com:6543`

Please make sure your database server is running at `aws-0-us-west-1.pooler.supabase.com:6543`. | MESSAGE: {"code":"P1001","meta":{"modelName":"properties","database_location":"aws-0-us-west-1.pooler.supabase.com:6543"},"clientVersion":"6.13.0","name":"PrismaClientKnownRequestError"}
2025-09-16 15:11:52 [ERROR]: GET /user/me | STATUS: Unauthorized | MESSAGE: {"statusCode":401,"success":false,"message":"Unauthorized"}
2025-09-16 15:11:55 [ERROR]: GET /user/me | STATUS: Unauthorized | MESSAGE: {"statusCode":401,"success":false,"message":"Unauthorized"}
2025-09-16 15:12:24 [ERROR]: GET /user/me | STATUS: Unauthorized | MESSAGE: {"statusCode":401,"success":false,"message":"Unauthorized"}
2025-09-16 15:19:32 [ERROR]: GET /property/all | STATUS: 
Invalid `prisma.properties.findMany()` invocation in
D:\adi\purwhadika\FINPRO\Property Renting Web App\backend\src\repositories\property\property.repository.ts:16:28

  13 }) => {
  14   const { property_category, name } = filters;
  15 
→ 16   return prisma.properties.findMany(
Can't reach database server at `aws-0-us-west-1.pooler.supabase.com:6543`

Please make sure your database server is running at `aws-0-us-west-1.pooler.supabase.com:6543`. | MESSAGE: {"code":"P1001","meta":{"modelName":"properties","database_location":"aws-0-us-west-1.pooler.supabase.com:6543"},"clientVersion":"6.13.0","name":"PrismaClientKnownRequestError"}
2025-09-16 15:19:37 [ERROR]: GET /property/all | STATUS: 
Invalid `prisma.properties.findMany()` invocation in
D:\adi\purwhadika\FINPRO\Property Renting Web App\backend\src\repositories\property\property.repository.ts:16:28

  13 }) => {
  14   const { property_category, name } = filters;
  15 
→ 16   return prisma.properties.findMany(
Can't reach database server at `aws-0-us-west-1.pooler.supabase.com:6543`

Please make sure your database server is running at `aws-0-us-west-1.pooler.supabase.com:6543`. | MESSAGE: {"code":"P1001","meta":{"modelName":"properties","database_location":"aws-0-us-west-1.pooler.supabase.com:6543"},"clientVersion":"6.13.0","name":"PrismaClientKnownRequestError"}
2025-09-16 15:19:43 [ERROR]: GET /property/all | STATUS: 
Invalid `prisma.properties.findMany()` invocation in
D:\adi\purwhadika\FINPRO\Property Renting Web App\backend\src\repositories\property\property.repository.ts:16:28

  13 }) => {
  14   const { property_category, name } = filters;
  15 
→ 16   return prisma.properties.findMany(
Can't reach database server at `aws-0-us-west-1.pooler.supabase.com:6543`

Please make sure your database server is running at `aws-0-us-west-1.pooler.supabase.com:6543`. | MESSAGE: {"code":"P1001","meta":{"modelName":"properties","database_location":"aws-0-us-west-1.pooler.supabase.com:6543"},"clientVersion":"6.13.0","name":"PrismaClientKnownRequestError"}
2025-09-16 15:19:50 [ERROR]: GET /property/all | STATUS: 
Invalid `prisma.properties.findMany()` invocation in
D:\adi\purwhadika\FINPRO\Property Renting Web App\backend\src\repositories\property\property.repository.ts:16:28

  13 }) => {
  14   const { property_category, name } = filters;
  15 
→ 16   return prisma.properties.findMany(
Can't reach database server at `aws-0-us-west-1.pooler.supabase.com:6543`

Please make sure your database server is running at `aws-0-us-west-1.pooler.supabase.com:6543`. | MESSAGE: {"code":"P1001","meta":{"modelName":"properties","database_location":"aws-0-us-west-1.pooler.supabase.com:6543"},"clientVersion":"6.13.0","name":"PrismaClientKnownRequestError"}
2025-09-16 15:19:53 [ERROR]: GET /user/me | STATUS: 
Invalid `prisma.users.findUnique()` invocation in
D:\adi\purwhadika\FINPRO\Property Renting Web App\backend\src\repositories\user\user.respository.ts:7:23

  4 import AppError from "../../errors/AppError";
  5 
  6 export const findUserById = async (userId: string) => {
→ 7   return prisma.users.findUnique(
Can't reach database server at `aws-0-us-west-1.pooler.supabase.com:6543`

Please make sure your database server is running at `aws-0-us-west-1.pooler.supabase.com:6543`. | MESSAGE: {"code":"P1001","meta":{"modelName":"users","database_location":"aws-0-us-west-1.pooler.supabase.com:6543"},"clientVersion":"6.13.0","name":"PrismaClientKnownRequestError"}
2025-09-16 15:20:01 [ERROR]: GET /property/all | STATUS: 
Invalid `prisma.properties.findMany()` invocation in
D:\adi\purwhadika\FINPRO\Property Renting Web App\backend\src\repositories\property\property.repository.ts:16:28

  13 }) => {
  14   const { property_category, name } = filters;
  15 
→ 16   return prisma.properties.findMany(
Can't reach database server at `aws-0-us-west-1.pooler.supabase.com:6543`

Please make sure your database server is running at `aws-0-us-west-1.pooler.supabase.com:6543`. | MESSAGE: {"code":"P1001","meta":{"modelName":"properties","database_location":"aws-0-us-west-1.pooler.supabase.com:6543"},"clientVersion":"6.13.0","name":"PrismaClientKnownRequestError"}
2025-09-16 15:20:12 [ERROR]: GET /user/me | STATUS: Unauthorized | MESSAGE: {"statusCode":401,"success":false,"message":"Unauthorized"}
2025-09-16 15:20:14 [ERROR]: GET /property/all | STATUS: 
Invalid `prisma.properties.findMany()` invocation in
D:\adi\purwhadika\FINPRO\Property Renting Web App\backend\src\repositories\property\property.repository.ts:16:28

  13 }) => {
  14   const { property_category, name } = filters;
  15 
→ 16   return prisma.properties.findMany(
Can't reach database server at `aws-0-us-west-1.pooler.supabase.com:6543`

Please make sure your database server is running at `aws-0-us-west-1.pooler.supabase.com:6543`. | MESSAGE: {"code":"P1001","meta":{"modelName":"properties","database_location":"aws-0-us-west-1.pooler.supabase.com:6543"},"clientVersion":"6.13.0","name":"PrismaClientKnownRequestError"}
2025-09-16 15:20:17 [ERROR]: GET /property/all | STATUS: 
Invalid `prisma.properties.findMany()` invocation in
D:\adi\purwhadika\FINPRO\Property Renting Web App\backend\src\repositories\property\property.repository.ts:16:28

  13 }) => {
  14   const { property_category, name } = filters;
  15 
→ 16   return prisma.properties.findMany(
Can't reach database server at `aws-0-us-west-1.pooler.supabase.com:6543`

Please make sure your database server is running at `aws-0-us-west-1.pooler.supabase.com:6543`. | MESSAGE: {"code":"P1001","meta":{"modelName":"properties","database_location":"aws-0-us-west-1.pooler.supabase.com:6543"},"clientVersion":"6.13.0","name":"PrismaClientKnownRequestError"}
2025-09-16 15:20:23 [ERROR]: GET /property/all | STATUS: 
Invalid `prisma.properties.findMany()` invocation in
D:\adi\purwhadika\FINPRO\Property Renting Web App\backend\src\repositories\property\property.repository.ts:16:28

  13 }) => {
  14   const { property_category, name } = filters;
  15 
→ 16   return prisma.properties.findMany(
Can't reach database server at `aws-0-us-west-1.pooler.supabase.com:6543`

Please make sure your database server is running at `aws-0-us-west-1.pooler.supabase.com:6543`. | MESSAGE: {"code":"P1001","meta":{"modelName":"properties","database_location":"aws-0-us-west-1.pooler.supabase.com:6543"},"clientVersion":"6.13.0","name":"PrismaClientKnownRequestError"}
2025-09-16 15:20:30 [ERROR]: GET /property/all | STATUS: 
Invalid `prisma.properties.findMany()` invocation in
D:\adi\purwhadika\FINPRO\Property Renting Web App\backend\src\repositories\property\property.repository.ts:16:28

  13 }) => {
  14   const { property_category, name } = filters;
  15 
→ 16   return prisma.properties.findMany(
Can't reach database server at `aws-0-us-west-1.pooler.supabase.com:6543`

Please make sure your database server is running at `aws-0-us-west-1.pooler.supabase.com:6543`. | MESSAGE: {"code":"P1001","meta":{"modelName":"properties","database_location":"aws-0-us-west-1.pooler.supabase.com:6543"},"clientVersion":"6.13.0","name":"PrismaClientKnownRequestError"}
2025-09-16 15:21:38 [ERROR]: GET /property/all | STATUS: 
Invalid `prisma.properties.findMany()` invocation in
D:\adi\purwhadika\FINPRO\Property Renting Web App\backend\src\repositories\property\property.repository.ts:16:28

  13 }) => {
  14   const { property_category, name } = filters;
  15 
→ 16   return prisma.properties.findMany(
Can't reach database server at `aws-0-us-west-1.pooler.supabase.com:6543`

Please make sure your database server is running at `aws-0-us-west-1.pooler.supabase.com:6543`. | MESSAGE: {"clientVersion":"6.13.0","name":"PrismaClientInitializationError"}
2025-09-16 15:21:44 [ERROR]: GET /property/all | STATUS: 
Invalid `prisma.properties.findMany()` invocation in
D:\adi\purwhadika\FINPRO\Property Renting Web App\backend\src\repositories\property\property.repository.ts:16:28

  13 }) => {
  14   const { property_category, name } = filters;
  15 
→ 16   return prisma.properties.findMany(
Can't reach database server at `aws-0-us-west-1.pooler.supabase.com:6543`

Please make sure your database server is running at `aws-0-us-west-1.pooler.supabase.com:6543`. | MESSAGE: {"clientVersion":"6.13.0","name":"PrismaClientInitializationError"}
2025-09-16 15:21:59 [ERROR]: GET /property/all | STATUS: 
Invalid `prisma.properties.findMany()` invocation in
D:\adi\purwhadika\FINPRO\Property Renting Web App\backend\src\repositories\property\property.repository.ts:16:28

  13 }) => {
  14   const { property_category, name } = filters;
  15 
→ 16   return prisma.properties.findMany(
Can't reach database server at `aws-0-us-west-1.pooler.supabase.com:6543`

Please make sure your database server is running at `aws-0-us-west-1.pooler.supabase.com:6543`. | MESSAGE: {"clientVersion":"6.13.0","name":"PrismaClientInitializationError"}
2025-09-16 15:23:00 [ERROR]: GET /user/me | STATUS: Unauthorized | MESSAGE: {"statusCode":401,"success":false,"message":"Unauthorized"}
2025-09-16 15:23:04 [ERROR]: GET /user/me | STATUS: Unauthorized | MESSAGE: {"statusCode":401,"success":false,"message":"Unauthorized"}
2025-09-16 15:26:36 [ERROR]: GET /user/me | STATUS: Unauthorized | MESSAGE: {"statusCode":401,"success":false,"message":"Unauthorized"}
2025-09-16 15:26:49 [ERROR]: GET /user/me | STATUS: Unauthorized | MESSAGE: {"statusCode":401,"success":false,"message":"Unauthorized"}
2025-09-16 15:29:14 [ERROR]: GET /user/me | STATUS: Unauthorized | MESSAGE: {"statusCode":401,"success":false,"message":"Unauthorized"}
2025-09-16 15:29:24 [ERROR]: GET /user/me | STATUS: Unauthorized | MESSAGE: {"statusCode":401,"success":false,"message":"Unauthorized"}
2025-09-16 15:31:12 [ERROR]: GET /user/me | STATUS: Unauthorized | MESSAGE: {"statusCode":401,"success":false,"message":"Unauthorized"}
2025-09-16 15:32:16 [ERROR]: GET /user/me | STATUS: Unauthorized | MESSAGE: {"statusCode":401,"success":false,"message":"Unauthorized"}
2025-09-16 15:32:27 [ERROR]: GET /user/me | STATUS: Unauthorized | MESSAGE: {"statusCode":401,"success":false,"message":"Unauthorized"}
2025-09-16 15:34:05 [ERROR]: GET /user/me | STATUS: Unauthorized | MESSAGE: {"statusCode":401,"success":false,"message":"Unauthorized"}
2025-09-16 15:34:18 [ERROR]: GET /user/me | STATUS: Unauthorized | MESSAGE: {"statusCode":401,"success":false,"message":"Unauthorized"}
2025-09-16 15:39:41 [ERROR]: GET /user/me | STATUS: Unauthorized | MESSAGE: {"statusCode":401,"success":false,"message":"Unauthorized"}
2025-09-16 15:41:44 [ERROR]: GET /user/me | STATUS: Unauthorized | MESSAGE: {"statusCode":401,"success":false,"message":"Unauthorized"}
2025-09-16 15:41:55 [ERROR]: GET /user/me | STATUS: Unauthorized | MESSAGE: {"statusCode":401,"success":false,"message":"Unauthorized"}
2025-09-16 15:43:33 [ERROR]: GET /user/me | STATUS: Unauthorized | MESSAGE: {"statusCode":401,"success":false,"message":"Unauthorized"}
2025-09-16 15:44:01 [ERROR]: GET /user/me | STATUS: Unauthorized | MESSAGE: {"statusCode":401,"success":false,"message":"Unauthorized"}
2025-09-16 15:45:33 [ERROR]: GET /user/me | STATUS: Unauthorized | MESSAGE: {"statusCode":401,"success":false,"message":"Unauthorized"}
2025-09-16 15:47:50 [ERROR]: GET /user/me | STATUS: Unauthorized | MESSAGE: {"statusCode":401,"success":false,"message":"Unauthorized"}
2025-09-16 15:54:13 [ERROR]: GET /user/me | STATUS: Unauthorized | MESSAGE: {"statusCode":401,"success":false,"message":"Unauthorized"}
2025-09-16 15:56:08 [ERROR]: GET /user/me | STATUS: Unauthorized | MESSAGE: {"statusCode":401,"success":false,"message":"Unauthorized"}
2025-09-16 15:56:27 [ERROR]: GET /user/me | STATUS: Unauthorized | MESSAGE: {"statusCode":401,"success":false,"message":"Unauthorized"}
2025-09-16 15:57:58 [ERROR]: GET /user/me | STATUS: Unauthorized | MESSAGE: {"statusCode":401,"success":false,"message":"Unauthorized"}
2025-09-16 15:58:12 [ERROR]: GET /user/me | STATUS: Unauthorized | MESSAGE: {"statusCode":401,"success":false,"message":"Unauthorized"}
2025-09-16 15:59:42 [ERROR]: GET /user/me | STATUS: Unauthorized | MESSAGE: {"statusCode":401,"success":false,"message":"Unauthorized"}
2025-09-16 15:59:57 [ERROR]: GET /user/me | STATUS: Unauthorized | MESSAGE: {"statusCode":401,"success":false,"message":"Unauthorized"}
2025-09-16 16:03:53 [ERROR]: GET /user/me | STATUS: Unauthorized | MESSAGE: {"statusCode":401,"success":false,"message":"Unauthorized"}
2025-09-16 16:04:12 [ERROR]: GET /user/me | STATUS: Unauthorized | MESSAGE: {"statusCode":401,"success":false,"message":"Unauthorized"}
2025-09-16 16:06:56 [ERROR]: GET /user/me | STATUS: Unauthorized | MESSAGE: {"statusCode":401,"success":false,"message":"Unauthorized"}
2025-09-16 16:07:47 [ERROR]: GET /user/me | STATUS: Unauthorized | MESSAGE: {"statusCode":401,"success":false,"message":"Unauthorized"}
2025-09-16 16:09:31 [ERROR]: GET /user/me | STATUS: Unauthorized | MESSAGE: {"statusCode":401,"success":false,"message":"Unauthorized"}
2025-09-16 16:09:41 [ERROR]: GET /user/me | STATUS: Unauthorized | MESSAGE: {"statusCode":401,"success":false,"message":"Unauthorized"}
2025-09-16 16:10:58 [ERROR]: GET /user/me | STATUS: Unauthorized | MESSAGE: {"statusCode":401,"success":false,"message":"Unauthorized"}
2025-09-16 16:11:12 [ERROR]: GET /user/me | STATUS: Unauthorized | MESSAGE: {"statusCode":401,"success":false,"message":"Unauthorized"}
2025-09-16 16:22:52 [ERROR]: GET /user/me | STATUS: Unauthorized | MESSAGE: {"statusCode":401,"success":false,"message":"Unauthorized"}
2025-09-16 16:23:18 [ERROR]: GET /user/me | STATUS: Unauthorized | MESSAGE: {"statusCode":401,"success":false,"message":"Unauthorized"}
2025-09-16 16:23:30 [ERROR]: GET /user/me | STATUS: Unauthorized | MESSAGE: {"statusCode":401,"success":false,"message":"Unauthorized"}
2025-09-16 16:25:21 [ERROR]: GET /user/me | STATUS: Unauthorized | MESSAGE: {"statusCode":401,"success":false,"message":"Unauthorized"}
2025-09-16 16:35:10 [ERROR]: GET /user/me | STATUS: Unauthorized | MESSAGE: {"statusCode":401,"success":false,"message":"Unauthorized"}
2025-09-16 16:44:16 [ERROR]: GET /property/all | STATUS: 
Invalid `prisma.properties.findMany()` invocation in
D:\adi\purwhadika\FINPRO\Property Renting Web App\backend\src\repositories\property\property.repository.ts:16:28

  13 }) => {
  14   const { property_category, name } = filters;
  15 
→ 16   return prisma.properties.findMany(
Can't reach database server at `aws-0-us-west-1.pooler.supabase.com:6543`

Please make sure your database server is running at `aws-0-us-west-1.pooler.supabase.com:6543`. | MESSAGE: {"code":"P1001","meta":{"modelName":"properties","database_location":"aws-0-us-west-1.pooler.supabase.com:6543"},"clientVersion":"6.13.0","name":"PrismaClientKnownRequestError"}
2025-09-16 16:44:30 [ERROR]: GET /property/all | STATUS: 
Invalid `prisma.properties.findMany()` invocation in
D:\adi\purwhadika\FINPRO\Property Renting Web App\backend\src\repositories\property\property.repository.ts:16:28

  13 }) => {
  14   const { property_category, name } = filters;
  15 
→ 16   return prisma.properties.findMany(
Can't reach database server at `aws-0-us-west-1.pooler.supabase.com:6543`

Please make sure your database server is running at `aws-0-us-west-1.pooler.supabase.com:6543`. | MESSAGE: {"code":"P1001","meta":{"modelName":"properties","database_location":"aws-0-us-west-1.pooler.supabase.com:6543"},"clientVersion":"6.13.0","name":"PrismaClientKnownRequestError"}
2025-09-16 17:06:41 [ERROR]: GET /property/all | STATUS: 
Invalid `prisma.properties.findMany()` invocation in
D:\adi\purwhadika\FINPRO\Property Renting Web App\backend\src\repositories\property\property.repository.ts:16:28

  13 }) => {
  14   const { property_category, name } = filters;
  15 
→ 16   return prisma.properties.findMany(
Can't reach database server at `aws-0-us-west-1.pooler.supabase.com:6543`

Please make sure your database server is running at `aws-0-us-west-1.pooler.supabase.com:6543`. | MESSAGE: {"code":"P1001","meta":{"modelName":"properties","database_location":"aws-0-us-west-1.pooler.supabase.com:6543"},"clientVersion":"6.13.0","name":"PrismaClientKnownRequestError"}
2025-09-16 17:06:42 [ERROR]: GET /property/all | STATUS: 
Invalid `prisma.properties.findMany()` invocation in
D:\adi\purwhadika\FINPRO\Property Renting Web App\backend\src\repositories\property\property.repository.ts:16:28

  13 }) => {
  14   const { property_category, name } = filters;
  15 
→ 16   return prisma.properties.findMany(
Can't reach database server at `aws-0-us-west-1.pooler.supabase.com:6543`

Please make sure your database server is running at `aws-0-us-west-1.pooler.supabase.com:6543`. | MESSAGE: {"code":"P1001","meta":{"modelName":"properties","database_location":"aws-0-us-west-1.pooler.supabase.com:6543"},"clientVersion":"6.13.0","name":"PrismaClientKnownRequestError"}
2025-09-16 17:06:44 [ERROR]: GET /user/me | STATUS: Unauthorized | MESSAGE: {"statusCode":401,"success":false,"message":"Unauthorized"}
2025-09-16 17:06:49 [ERROR]: GET /property/all | STATUS: 
Invalid `prisma.properties.findMany()` invocation in
D:\adi\purwhadika\FINPRO\Property Renting Web App\backend\src\repositories\property\property.repository.ts:16:28

  13 }) => {
  14   const { property_category, name } = filters;
  15 
→ 16   return prisma.properties.findMany(
Can't reach database server at `aws-0-us-west-1.pooler.supabase.com:6543`

Please make sure your database server is running at `aws-0-us-west-1.pooler.supabase.com:6543`. | MESSAGE: {"code":"P1001","meta":{"modelName":"properties","database_location":"aws-0-us-west-1.pooler.supabase.com:6543"},"clientVersion":"6.13.0","name":"PrismaClientKnownRequestError"}
2025-09-16 17:06:55 [ERROR]: GET /property/all | STATUS: 
Invalid `prisma.properties.findMany()` invocation in
D:\adi\purwhadika\FINPRO\Property Renting Web App\backend\src\repositories\property\property.repository.ts:16:28

  13 }) => {
  14   const { property_category, name } = filters;
  15 
→ 16   return prisma.properties.findMany(
Can't reach database server at `aws-0-us-west-1.pooler.supabase.com:6543`

Please make sure your database server is running at `aws-0-us-west-1.pooler.supabase.com:6543`. | MESSAGE: {"code":"P1001","meta":{"modelName":"properties","database_location":"aws-0-us-west-1.pooler.supabase.com:6543"},"clientVersion":"6.13.0","name":"PrismaClientKnownRequestError"}
2025-09-16 17:06:59 [ERROR]: GET /user/me | STATUS: Unauthorized | MESSAGE: {"statusCode":401,"success":false,"message":"Unauthorized"}
2025-09-16 17:07:02 [ERROR]: GET /property/all | STATUS: 
Invalid `prisma.properties.findMany()` invocation in
D:\adi\purwhadika\FINPRO\Property Renting Web App\backend\src\repositories\property\property.repository.ts:16:28

  13 }) => {
  14   const { property_category, name } = filters;
  15 
→ 16   return prisma.properties.findMany(
Can't reach database server at `aws-0-us-west-1.pooler.supabase.com:6543`

Please make sure your database server is running at `aws-0-us-west-1.pooler.supabase.com:6543`. | MESSAGE: {"code":"P1001","meta":{"modelName":"properties","database_location":"aws-0-us-west-1.pooler.supabase.com:6543"},"clientVersion":"6.13.0","name":"PrismaClientKnownRequestError"}
2025-09-16 17:08:45 [ERROR]: GET /property/all | STATUS: 
Invalid `prisma.properties.findMany()` invocation in
D:\adi\purwhadika\FINPRO\Property Renting Web App\backend\src\repositories\property\property.repository.ts:16:28

  13 }) => {
  14   const { property_category, name } = filters;
  15 
→ 16   return prisma.properties.findMany(
Can't reach database server at `aws-0-us-west-1.pooler.supabase.com:6543`

Please make sure your database server is running at `aws-0-us-west-1.pooler.supabase.com:6543`. | MESSAGE: {"clientVersion":"6.13.0","name":"PrismaClientInitializationError"}
2025-09-16 17:08:45 [ERROR]: GET /user/me | STATUS: Unauthorized | MESSAGE: {"statusCode":401,"success":false,"message":"Unauthorized"}
2025-09-16 17:08:50 [ERROR]: GET /property/all | STATUS: 
Invalid `prisma.properties.findMany()` invocation in
D:\adi\purwhadika\FINPRO\Property Renting Web App\backend\src\repositories\property\property.repository.ts:16:28

  13 }) => {
  14   const { property_category, name } = filters;
  15 
→ 16   return prisma.properties.findMany(
Can't reach database server at `aws-0-us-west-1.pooler.supabase.com:6543`

Please make sure your database server is running at `aws-0-us-west-1.pooler.supabase.com:6543`. | MESSAGE: {"clientVersion":"6.13.0","name":"PrismaClientInitializationError"}
2025-09-16 17:08:56 [ERROR]: GET /property/all | STATUS: 
Invalid `prisma.properties.findMany()` invocation in
D:\adi\purwhadika\FINPRO\Property Renting Web App\backend\src\repositories\property\property.repository.ts:16:28

  13 }) => {
  14   const { property_category, name } = filters;
  15 
→ 16   return prisma.properties.findMany(
Can't reach database server at `aws-0-us-west-1.pooler.supabase.com:6543`


2025-09-11 11:08:58 [ERROR]: GET /user/me | STATUS: Unauthorized | MESSAGE: {"statusCode":401,"success":false,"message":"Unauthorized"}
2025-09-11 11:10:06 [ERROR]: GET /user/me | STATUS: Unauthorized | MESSAGE: {"statusCode":401,"success":false,"message":"Unauthorized"}
2025-09-12 10:06:41 [ERROR]: GET /user/me | STATUS: Unauthorized | MESSAGE: {"statusCode":401,"success":false,"message":"Unauthorized"}
2025-09-12 10:25:16 [ERROR]: GET /user/me | STATUS: Unauthorized | MESSAGE: {"statusCode":401,"success":false,"message":"Unauthorized"}
2025-09-12 11:38:48 [ERROR]: GET /property/eaf4b11b-8dfe-492f-a422-76ca555d9ccd/reviews | STATUS: 
Invalid `prisma.properties.findUnique()` invocation in
/Users/Farizkey/Documents/Purwadhika - JCWDOL 020 /Property-Renting-Web-App/backend/src/controllers/reviews/review.controller.ts:74:27

  71 );
  72 
  73 const [propertyData, totalReviews] = await Promise.all([
→ 74   prisma.properties.findUnique({
         where: {
           id: undefined,
       ?   AND?: propertiesWhereInput | propertiesWhereInput[],
       ?   OR?: propertiesWhereInput[],
       ?   NOT?: propertiesWhereInput | propertiesWhereInput[],
       ?   tenant_id?: StringFilter | String,
       ?   name?: StringFilter | String,
       ?   description?: StringNullableFilter | String | Null,
       ?   address?: StringFilter | String,
       ?   city?: StringFilter | String,
       ?   province?: StringFilter | String,
       ?   zip_code?: StringFilter | String,
       ?   latitude?: DecimalFilter | Decimal,
       ?   longitude?: DecimalFilter | Decimal,
       ?   main_image?: StringNullableFilter | String | Null,
       ?   created_at?: DateTimeFilter | DateTime,
       ?   updated_at?: DateTimeFilter | DateTime,
       ?   deleted_at?: DateTimeNullableFilter | DateTime | Null,
       ?   property_category?: EnumPropertyCategoryFilter | PropertyCategory,
       ?   bookings?: BookingsListRelationFilter,
       ?   peak_season_rates?: Peak_season_ratesListRelationFilter,
       ?   tenant?: TenantsScalarRelationFilter | tenantsWhereInput,
       ?   property_images?: Property_imagesListRelationFilter,
       ?   reviews?: ReviewsListRelationFilter,
       ?   rooms?: RoomsListRelationFilter
         },
         include: {
           reviews: {
             take: 3,
             skip: 0,
             orderBy: {
               created_at: "desc"
             },
             include: {
               user: {
                 select: {
                   full_name: true,
                   profile_picture: true
                 }
               }
             }
           }
         }
       })

Argument `where` of type propertiesWhereUniqueInput needs at least one of `id` arguments. Available options are marked with ?. | MESSAGE: {"name":"PrismaClientValidationError","clientVersion":"6.13.0"}
2025-09-12 11:38:50 [ERROR]: GET /property/eaf4b11b-8dfe-492f-a422-76ca555d9ccd/reviews | STATUS: 
Invalid `prisma.properties.findUnique()` invocation in
/Users/Farizkey/Documents/Purwadhika - JCWDOL 020 /Property-Renting-Web-App/backend/src/controllers/reviews/review.controller.ts:74:27

  71 );
  72 
  73 const [propertyData, totalReviews] = await Promise.all([
→ 74   prisma.properties.findUnique({
         where: {
           id: undefined,
       ?   AND?: propertiesWhereInput | propertiesWhereInput[],
       ?   OR?: propertiesWhereInput[],
       ?   NOT?: propertiesWhereInput | propertiesWhereInput[],
       ?   tenant_id?: StringFilter | String,
       ?   name?: StringFilter | String,
       ?   description?: StringNullableFilter | String | Null,
       ?   address?: StringFilter | String,
       ?   city?: StringFilter | String,
       ?   province?: StringFilter | String,
       ?   zip_code?: StringFilter | String,
       ?   latitude?: DecimalFilter | Decimal,
       ?   longitude?: DecimalFilter | Decimal,
       ?   main_image?: StringNullableFilter | String | Null,
       ?   created_at?: DateTimeFilter | DateTime,
       ?   updated_at?: DateTimeFilter | DateTime,
       ?   deleted_at?: DateTimeNullableFilter | DateTime | Null,
       ?   property_category?: EnumPropertyCategoryFilter | PropertyCategory,
       ?   bookings?: BookingsListRelationFilter,
       ?   peak_season_rates?: Peak_season_ratesListRelationFilter,
       ?   tenant?: TenantsScalarRelationFilter | tenantsWhereInput,
       ?   property_images?: Property_imagesListRelationFilter,
       ?   reviews?: ReviewsListRelationFilter,
       ?   rooms?: RoomsListRelationFilter
         },
         include: {
           reviews: {
             take: 3,
             skip: 0,
             orderBy: {
               created_at: "desc"
             },
             include: {
               user: {
                 select: {
                   full_name: true,
                   profile_picture: true
                 }
               }
             }
           }
         }
       })

Argument `where` of type propertiesWhereUniqueInput needs at least one of `id` arguments. Available options are marked with ?. | MESSAGE: {"name":"PrismaClientValidationError","clientVersion":"6.13.0"}
2025-09-12 11:38:53 [ERROR]: GET /property/eaf4b11b-8dfe-492f-a422-76ca555d9ccd/reviews | STATUS: 
Invalid `prisma.properties.findUnique()` invocation in
/Users/Farizkey/Documents/Purwadhika - JCWDOL 020 /Property-Renting-Web-App/backend/src/controllers/reviews/review.controller.ts:74:27

  71 );
  72 
  73 const [propertyData, totalReviews] = await Promise.all([
→ 74   prisma.properties.findUnique({
         where: {
           id: undefined,
       ?   AND?: propertiesWhereInput | propertiesWhereInput[],
       ?   OR?: propertiesWhereInput[],
       ?   NOT?: propertiesWhereInput | propertiesWhereInput[],
       ?   tenant_id?: StringFilter | String,
       ?   name?: StringFilter | String,
       ?   description?: StringNullableFilter | String | Null,
       ?   address?: StringFilter | String,
       ?   city?: StringFilter | String,
       ?   province?: StringFilter | String,
       ?   zip_code?: StringFilter | String,
       ?   latitude?: DecimalFilter | Decimal,
       ?   longitude?: DecimalFilter | Decimal,
       ?   main_image?: StringNullableFilter | String | Null,
       ?   created_at?: DateTimeFilter | DateTime,
       ?   updated_at?: DateTimeFilter | DateTime,
       ?   deleted_at?: DateTimeNullableFilter | DateTime | Null,
       ?   property_category?: EnumPropertyCategoryFilter | PropertyCategory,
       ?   bookings?: BookingsListRelationFilter,
       ?   peak_season_rates?: Peak_season_ratesListRelationFilter,
       ?   tenant?: TenantsScalarRelationFilter | tenantsWhereInput,
       ?   property_images?: Property_imagesListRelationFilter,
       ?   reviews?: ReviewsListRelationFilter,
       ?   rooms?: RoomsListRelationFilter
         },
         include: {
           reviews: {
             take: 3,
             skip: 0,
             orderBy: {
               created_at: "desc"
             },
             include: {
               user: {
                 select: {
                   full_name: true,
                   profile_picture: true
                 }
               }
             }
           }
         }
       })

Argument `where` of type propertiesWhereUniqueInput needs at least one of `id` arguments. Available options are marked with ?. | MESSAGE: {"name":"PrismaClientValidationError","clientVersion":"6.13.0"}
2025-09-12 11:38:57 [ERROR]: GET /property/eaf4b11b-8dfe-492f-a422-76ca555d9ccd/reviews | STATUS: 
Invalid `prisma.properties.findUnique()` invocation in
/Users/Farizkey/Documents/Purwadhika - JCWDOL 020 /Property-Renting-Web-App/backend/src/controllers/reviews/review.controller.ts:74:27

  71 );
  72 
  73 const [propertyData, totalReviews] = await Promise.all([
→ 74   prisma.properties.findUnique({
         where: {
           id: undefined,
       ?   AND?: propertiesWhereInput | propertiesWhereInput[],
       ?   OR?: propertiesWhereInput[],
       ?   NOT?: propertiesWhereInput | propertiesWhereInput[],
       ?   tenant_id?: StringFilter | String,
       ?   name?: StringFilter | String,
       ?   description?: StringNullableFilter | String | Null,
       ?   address?: StringFilter | String,
       ?   city?: StringFilter | String,
       ?   province?: StringFilter | String,
       ?   zip_code?: StringFilter | String,
       ?   latitude?: DecimalFilter | Decimal,
       ?   longitude?: DecimalFilter | Decimal,
       ?   main_image?: StringNullableFilter | String | Null,
       ?   created_at?: DateTimeFilter | DateTime,
       ?   updated_at?: DateTimeFilter | DateTime,
       ?   deleted_at?: DateTimeNullableFilter | DateTime | Null,
       ?   property_category?: EnumPropertyCategoryFilter | PropertyCategory,
       ?   bookings?: BookingsListRelationFilter,
       ?   peak_season_rates?: Peak_season_ratesListRelationFilter,
       ?   tenant?: TenantsScalarRelationFilter | tenantsWhereInput,
       ?   property_images?: Property_imagesListRelationFilter,
       ?   reviews?: ReviewsListRelationFilter,
       ?   rooms?: RoomsListRelationFilter
         },
         include: {
           reviews: {
             take: 3,
             skip: 0,
             orderBy: {
               created_at: "desc"
             },
             include: {
               user: {
                 select: {
                   full_name: true,
                   profile_picture: true
                 }
               }
             }
           }
         }
       })

Argument `where` of type propertiesWhereUniqueInput needs at least one of `id` arguments. Available options are marked with ?. | MESSAGE: {"name":"PrismaClientValidationError","clientVersion":"6.13.0"}
2025-09-12 11:39:17 [ERROR]: GET /property/30b7c57f-fe6f-4c5c-9936-94c689517762/reviews | STATUS: 
Invalid `prisma.properties.findUnique()` invocation in
/Users/Farizkey/Documents/Purwadhika - JCWDOL 020 /Property-Renting-Web-App/backend/src/controllers/reviews/review.controller.ts:74:27

  71 );
  72 
  73 const [propertyData, totalReviews] = await Promise.all([
→ 74   prisma.properties.findUnique({
         where: {
           id: undefined,
       ?   AND?: propertiesWhereInput | propertiesWhereInput[],
       ?   OR?: propertiesWhereInput[],
       ?   NOT?: propertiesWhereInput | propertiesWhereInput[],
       ?   tenant_id?: StringFilter | String,
       ?   name?: StringFilter | String,
       ?   description?: StringNullableFilter | String | Null,
       ?   address?: StringFilter | String,
       ?   city?: StringFilter | String,
       ?   province?: StringFilter | String,
       ?   zip_code?: StringFilter | String,
       ?   latitude?: DecimalFilter | Decimal,
       ?   longitude?: DecimalFilter | Decimal,
       ?   main_image?: StringNullableFilter | String | Null,
       ?   created_at?: DateTimeFilter | DateTime,
       ?   updated_at?: DateTimeFilter | DateTime,
       ?   deleted_at?: DateTimeNullableFilter | DateTime | Null,
       ?   property_category?: EnumPropertyCategoryFilter | PropertyCategory,
       ?   bookings?: BookingsListRelationFilter,
       ?   peak_season_rates?: Peak_season_ratesListRelationFilter,
       ?   tenant?: TenantsScalarRelationFilter | tenantsWhereInput,
       ?   property_images?: Property_imagesListRelationFilter,
       ?   reviews?: ReviewsListRelationFilter,
       ?   rooms?: RoomsListRelationFilter
         },
         include: {
           reviews: {
             take: 3,
             skip: 0,
             orderBy: {
               created_at: "desc"
             },
             include: {
               user: {
                 select: {
                   full_name: true,
                   profile_picture: true
                 }
               }
             }
           }
         }
       })

Argument `where` of type propertiesWhereUniqueInput needs at least one of `id` arguments. Available options are marked with ?. | MESSAGE: {"name":"PrismaClientValidationError","clientVersion":"6.13.0"}
2025-09-12 11:39:18 [ERROR]: GET /property/30b7c57f-fe6f-4c5c-9936-94c689517762/reviews | STATUS: 
Invalid `prisma.properties.findUnique()` invocation in
/Users/Farizkey/Documents/Purwadhika - JCWDOL 020 /Property-Renting-Web-App/backend/src/controllers/reviews/review.controller.ts:74:27

  71 );
  72 
  73 const [propertyData, totalReviews] = await Promise.all([
→ 74   prisma.properties.findUnique({
         where: {
           id: undefined,
       ?   AND?: propertiesWhereInput | propertiesWhereInput[],
       ?   OR?: propertiesWhereInput[],
       ?   NOT?: propertiesWhereInput | propertiesWhereInput[],
       ?   tenant_id?: StringFilter | String,
       ?   name?: StringFilter | String,
       ?   description?: StringNullableFilter | String | Null,
       ?   address?: StringFilter | String,
       ?   city?: StringFilter | String,
       ?   province?: StringFilter | String,
       ?   zip_code?: StringFilter | String,
       ?   latitude?: DecimalFilter | Decimal,
       ?   longitude?: DecimalFilter | Decimal,
       ?   main_image?: StringNullableFilter | String | Null,
       ?   created_at?: DateTimeFilter | DateTime,
       ?   updated_at?: DateTimeFilter | DateTime,
       ?   deleted_at?: DateTimeNullableFilter | DateTime | Null,
       ?   property_category?: EnumPropertyCategoryFilter | PropertyCategory,
       ?   bookings?: BookingsListRelationFilter,
       ?   peak_season_rates?: Peak_season_ratesListRelationFilter,
       ?   tenant?: TenantsScalarRelationFilter | tenantsWhereInput,
       ?   property_images?: Property_imagesListRelationFilter,
       ?   reviews?: ReviewsListRelationFilter,
       ?   rooms?: RoomsListRelationFilter
         },
         include: {
           reviews: {
             take: 3,
             skip: 0,
             orderBy: {
               created_at: "desc"
             },
             include: {
               user: {
                 select: {
                   full_name: true,
                   profile_picture: true
                 }
               }
             }
           }
         }
       })

Argument `where` of type propertiesWhereUniqueInput needs at least one of `id` arguments. Available options are marked with ?. | MESSAGE: {"name":"PrismaClientValidationError","clientVersion":"6.13.0"}
2025-09-12 11:39:20 [ERROR]: GET /property/30b7c57f-fe6f-4c5c-9936-94c689517762/reviews | STATUS: 
Invalid `prisma.properties.findUnique()` invocation in
/Users/Farizkey/Documents/Purwadhika - JCWDOL 020 /Property-Renting-Web-App/backend/src/controllers/reviews/review.controller.ts:74:27

  71 );
  72 
  73 const [propertyData, totalReviews] = await Promise.all([
→ 74   prisma.properties.findUnique({
         where: {
           id: undefined,
       ?   AND?: propertiesWhereInput | propertiesWhereInput[],
       ?   OR?: propertiesWhereInput[],
       ?   NOT?: propertiesWhereInput | propertiesWhereInput[],
       ?   tenant_id?: StringFilter | String,
       ?   name?: StringFilter | String,
       ?   description?: StringNullableFilter | String | Null,
       ?   address?: StringFilter | String,
       ?   city?: StringFilter | String,
       ?   province?: StringFilter | String,
       ?   zip_code?: StringFilter | String,
       ?   latitude?: DecimalFilter | Decimal,
       ?   longitude?: DecimalFilter | Decimal,
       ?   main_image?: StringNullableFilter | String | Null,
       ?   created_at?: DateTimeFilter | DateTime,
       ?   updated_at?: DateTimeFilter | DateTime,
       ?   deleted_at?: DateTimeNullableFilter | DateTime | Null,
       ?   property_category?: EnumPropertyCategoryFilter | PropertyCategory,
       ?   bookings?: BookingsListRelationFilter,
       ?   peak_season_rates?: Peak_season_ratesListRelationFilter,
       ?   tenant?: TenantsScalarRelationFilter | tenantsWhereInput,
       ?   property_images?: Property_imagesListRelationFilter,
       ?   reviews?: ReviewsListRelationFilter,
       ?   rooms?: RoomsListRelationFilter
         },
         include: {
           reviews: {
             take: 3,
             skip: 0,
             orderBy: {
               created_at: "desc"
             },
             include: {
               user: {
                 select: {
                   full_name: true,
                   profile_picture: true
                 }
               }
             }
           }
         }
       })

Argument `where` of type propertiesWhereUniqueInput needs at least one of `id` arguments. Available options are marked with ?. | MESSAGE: {"name":"PrismaClientValidationError","clientVersion":"6.13.0"}
2025-09-12 11:39:24 [ERROR]: GET /property/30b7c57f-fe6f-4c5c-9936-94c689517762/reviews | STATUS: 
Invalid `prisma.properties.findUnique()` invocation in
/Users/Farizkey/Documents/Purwadhika - JCWDOL 020 /Property-Renting-Web-App/backend/src/controllers/reviews/review.controller.ts:74:27

  71 );
  72 
  73 const [propertyData, totalReviews] = await Promise.all([
→ 74   prisma.properties.findUnique({
         where: {
           id: undefined,
       ?   AND?: propertiesWhereInput | propertiesWhereInput[],
       ?   OR?: propertiesWhereInput[],
       ?   NOT?: propertiesWhereInput | propertiesWhereInput[],
       ?   tenant_id?: StringFilter | String,
       ?   name?: StringFilter | String,
       ?   description?: StringNullableFilter | String | Null,
       ?   address?: StringFilter | String,
       ?   city?: StringFilter | String,
       ?   province?: StringFilter | String,
       ?   zip_code?: StringFilter | String,
       ?   latitude?: DecimalFilter | Decimal,
       ?   longitude?: DecimalFilter | Decimal,
       ?   main_image?: StringNullableFilter | String | Null,
       ?   created_at?: DateTimeFilter | DateTime,
       ?   updated_at?: DateTimeFilter | DateTime,
       ?   deleted_at?: DateTimeNullableFilter | DateTime | Null,
       ?   property_category?: EnumPropertyCategoryFilter | PropertyCategory,
       ?   bookings?: BookingsListRelationFilter,
       ?   peak_season_rates?: Peak_season_ratesListRelationFilter,
       ?   tenant?: TenantsScalarRelationFilter | tenantsWhereInput,
       ?   property_images?: Property_imagesListRelationFilter,
       ?   reviews?: ReviewsListRelationFilter,
       ?   rooms?: RoomsListRelationFilter
         },
         include: {
           reviews: {
             take: 3,
             skip: 0,
             orderBy: {
               created_at: "desc"
             },
             include: {
               user: {
                 select: {
                   full_name: true,
                   profile_picture: true
                 }
               }
             }
           }
         }
       })

Argument `where` of type propertiesWhereUniqueInput needs at least one of `id` arguments. Available options are marked with ?. | MESSAGE: {"name":"PrismaClientValidationError","clientVersion":"6.13.0"}
2025-09-12 11:41:03 [ERROR]: GET /user/me | STATUS: Unauthorized | MESSAGE: {"statusCode":401,"success":false,"message":"Unauthorized"}
2025-09-12 11:41:15 [ERROR]: GET /property/30b7c57f-fe6f-4c5c-9936-94c689517762/reviews | STATUS: 
Invalid `prisma.properties.findUnique()` invocation in
/Users/Farizkey/Documents/Purwadhika - JCWDOL 020 /Property-Renting-Web-App/backend/src/controllers/reviews/review.controller.ts:74:27

  71 );
  72 
  73 const [propertyData, totalReviews] = await Promise.all([
→ 74   prisma.properties.findUnique({
         where: {
           id: undefined,
       ?   AND?: propertiesWhereInput | propertiesWhereInput[],
       ?   OR?: propertiesWhereInput[],
       ?   NOT?: propertiesWhereInput | propertiesWhereInput[],
       ?   tenant_id?: StringFilter | String,
       ?   name?: StringFilter | String,
       ?   description?: StringNullableFilter | String | Null,
       ?   address?: StringFilter | String,
       ?   city?: StringFilter | String,
       ?   province?: StringFilter | String,
       ?   zip_code?: StringFilter | String,
       ?   latitude?: DecimalFilter | Decimal,
       ?   longitude?: DecimalFilter | Decimal,
       ?   main_image?: StringNullableFilter | String | Null,
       ?   created_at?: DateTimeFilter | DateTime,
       ?   updated_at?: DateTimeFilter | DateTime,
       ?   deleted_at?: DateTimeNullableFilter | DateTime | Null,
       ?   property_category?: EnumPropertyCategoryFilter | PropertyCategory,
       ?   bookings?: BookingsListRelationFilter,
       ?   peak_season_rates?: Peak_season_ratesListRelationFilter,
       ?   tenant?: TenantsScalarRelationFilter | tenantsWhereInput,
       ?   property_images?: Property_imagesListRelationFilter,
       ?   reviews?: ReviewsListRelationFilter,
       ?   rooms?: RoomsListRelationFilter
         },
         include: {
           reviews: {
             take: 3,
             skip: 0,
             orderBy: {
               created_at: "desc"
             },
             include: {
               user: {
                 select: {
                   full_name: true,
                   profile_picture: true
                 }
               }
             }
           }
         }
       })

Argument `where` of type propertiesWhereUniqueInput needs at least one of `id` arguments. Available options are marked with ?. | MESSAGE: {"name":"PrismaClientValidationError","clientVersion":"6.13.0"}
2025-09-12 11:41:16 [ERROR]: GET /property/30b7c57f-fe6f-4c5c-9936-94c689517762/reviews | STATUS: 
Invalid `prisma.properties.findUnique()` invocation in
/Users/Farizkey/Documents/Purwadhika - JCWDOL 020 /Property-Renting-Web-App/backend/src/controllers/reviews/review.controller.ts:74:27

  71 );
  72 
  73 const [propertyData, totalReviews] = await Promise.all([
→ 74   prisma.properties.findUnique({
         where: {
           id: undefined,
       ?   AND?: propertiesWhereInput | propertiesWhereInput[],
       ?   OR?: propertiesWhereInput[],
       ?   NOT?: propertiesWhereInput | propertiesWhereInput[],
       ?   tenant_id?: StringFilter | String,
       ?   name?: StringFilter | String,
       ?   description?: StringNullableFilter | String | Null,
       ?   address?: StringFilter | String,
       ?   city?: StringFilter | String,
       ?   province?: StringFilter | String,
       ?   zip_code?: StringFilter | String,
       ?   latitude?: DecimalFilter | Decimal,
       ?   longitude?: DecimalFilter | Decimal,
       ?   main_image?: StringNullableFilter | String | Null,
       ?   created_at?: DateTimeFilter | DateTime,
       ?   updated_at?: DateTimeFilter | DateTime,
       ?   deleted_at?: DateTimeNullableFilter | DateTime | Null,
       ?   property_category?: EnumPropertyCategoryFilter | PropertyCategory,
       ?   bookings?: BookingsListRelationFilter,
       ?   peak_season_rates?: Peak_season_ratesListRelationFilter,
       ?   tenant?: TenantsScalarRelationFilter | tenantsWhereInput,
       ?   property_images?: Property_imagesListRelationFilter,
       ?   reviews?: ReviewsListRelationFilter,
       ?   rooms?: RoomsListRelationFilter
         },
         include: {
           reviews: {
             take: 3,
             skip: 0,
             orderBy: {
               created_at: "desc"
             },
             include: {
               user: {
                 select: {
                   full_name: true,
                   profile_picture: true
                 }
               }
             }
           }
         }
       })

Argument `where` of type propertiesWhereUniqueInput needs at least one of `id` arguments. Available options are marked with ?. | MESSAGE: {"name":"PrismaClientValidationError","clientVersion":"6.13.0"}
2025-09-12 11:41:18 [ERROR]: GET /property/30b7c57f-fe6f-4c5c-9936-94c689517762/reviews | STATUS: 
Invalid `prisma.properties.findUnique()` invocation in
/Users/Farizkey/Documents/Purwadhika - JCWDOL 020 /Property-Renting-Web-App/backend/src/controllers/reviews/review.controller.ts:74:27

  71 );
  72 
  73 const [propertyData, totalReviews] = await Promise.all([
→ 74   prisma.properties.findUnique({
         where: {
           id: undefined,
       ?   AND?: propertiesWhereInput | propertiesWhereInput[],
       ?   OR?: propertiesWhereInput[],
       ?   NOT?: propertiesWhereInput | propertiesWhereInput[],
       ?   tenant_id?: StringFilter | String,
       ?   name?: StringFilter | String,
       ?   description?: StringNullableFilter | String | Null,
       ?   address?: StringFilter | String,
       ?   city?: StringFilter | String,
       ?   province?: StringFilter | String,
       ?   zip_code?: StringFilter | String,
       ?   latitude?: DecimalFilter | Decimal,
       ?   longitude?: DecimalFilter | Decimal,
       ?   main_image?: StringNullableFilter | String | Null,
       ?   created_at?: DateTimeFilter | DateTime,
       ?   updated_at?: DateTimeFilter | DateTime,
       ?   deleted_at?: DateTimeNullableFilter | DateTime | Null,
       ?   property_category?: EnumPropertyCategoryFilter | PropertyCategory,
       ?   bookings?: BookingsListRelationFilter,
       ?   peak_season_rates?: Peak_season_ratesListRelationFilter,
       ?   tenant?: TenantsScalarRelationFilter | tenantsWhereInput,
       ?   property_images?: Property_imagesListRelationFilter,
       ?   reviews?: ReviewsListRelationFilter,
       ?   rooms?: RoomsListRelationFilter
         },
         include: {
           reviews: {
             take: 3,
             skip: 0,
             orderBy: {
               created_at: "desc"
             },
             include: {
               user: {
                 select: {
                   full_name: true,
                   profile_picture: true
                 }
               }
             }
           }
         }
       })

Argument `where` of type propertiesWhereUniqueInput needs at least one of `id` arguments. Available options are marked with ?. | MESSAGE: {"name":"PrismaClientValidationError","clientVersion":"6.13.0"}
2025-09-12 11:41:22 [ERROR]: GET /property/30b7c57f-fe6f-4c5c-9936-94c689517762/reviews | STATUS: 
Invalid `prisma.properties.findUnique()` invocation in
/Users/Farizkey/Documents/Purwadhika - JCWDOL 020 /Property-Renting-Web-App/backend/src/controllers/reviews/review.controller.ts:74:27

  71 );
  72 
  73 const [propertyData, totalReviews] = await Promise.all([
→ 74   prisma.properties.findUnique({
         where: {
           id: undefined,
       ?   AND?: propertiesWhereInput | propertiesWhereInput[],
       ?   OR?: propertiesWhereInput[],
       ?   NOT?: propertiesWhereInput | propertiesWhereInput[],
       ?   tenant_id?: StringFilter | String,
       ?   name?: StringFilter | String,
       ?   description?: StringNullableFilter | String | Null,
       ?   address?: StringFilter | String,
       ?   city?: StringFilter | String,
       ?   province?: StringFilter | String,
       ?   zip_code?: StringFilter | String,
       ?   latitude?: DecimalFilter | Decimal,
       ?   longitude?: DecimalFilter | Decimal,
       ?   main_image?: StringNullableFilter | String | Null,
       ?   created_at?: DateTimeFilter | DateTime,
       ?   updated_at?: DateTimeFilter | DateTime,
       ?   deleted_at?: DateTimeNullableFilter | DateTime | Null,
       ?   property_category?: EnumPropertyCategoryFilter | PropertyCategory,
       ?   bookings?: BookingsListRelationFilter,
       ?   peak_season_rates?: Peak_season_ratesListRelationFilter,
       ?   tenant?: TenantsScalarRelationFilter | tenantsWhereInput,
       ?   property_images?: Property_imagesListRelationFilter,
       ?   reviews?: ReviewsListRelationFilter,
       ?   rooms?: RoomsListRelationFilter
         },
         include: {
           reviews: {
             take: 3,
             skip: 0,
             orderBy: {
               created_at: "desc"
             },
             include: {
               user: {
                 select: {
                   full_name: true,
                   profile_picture: true
                 }
               }
             }
           }
         }
       })

Argument `where` of type propertiesWhereUniqueInput needs at least one of `id` arguments. Available options are marked with ?. | MESSAGE: {"name":"PrismaClientValidationError","clientVersion":"6.13.0"}
2025-09-12 11:41:50 [ERROR]: GET /property/30b7c57f-fe6f-4c5c-9936-94c689517762/reviews | STATUS: 
Invalid `prisma.properties.findUnique()` invocation in
/Users/Farizkey/Documents/Purwadhika - JCWDOL 020 /Property-Renting-Web-App/backend/src/controllers/reviews/review.controller.ts:74:27

  71 );
  72 
  73 const [propertyData, totalReviews] = await Promise.all([
→ 74   prisma.properties.findUnique({
         where: {
           id: undefined,
       ?   AND?: propertiesWhereInput | propertiesWhereInput[],
       ?   OR?: propertiesWhereInput[],
       ?   NOT?: propertiesWhereInput | propertiesWhereInput[],
       ?   tenant_id?: StringFilter | String,
       ?   name?: StringFilter | String,
       ?   description?: StringNullableFilter | String | Null,
       ?   address?: StringFilter | String,
       ?   city?: StringFilter | String,
       ?   province?: StringFilter | String,
       ?   zip_code?: StringFilter | String,
       ?   latitude?: DecimalFilter | Decimal,
       ?   longitude?: DecimalFilter | Decimal,
       ?   main_image?: StringNullableFilter | String | Null,
       ?   created_at?: DateTimeFilter | DateTime,
       ?   updated_at?: DateTimeFilter | DateTime,
       ?   deleted_at?: DateTimeNullableFilter | DateTime | Null,
       ?   property_category?: EnumPropertyCategoryFilter | PropertyCategory,
       ?   bookings?: BookingsListRelationFilter,
       ?   peak_season_rates?: Peak_season_ratesListRelationFilter,
       ?   tenant?: TenantsScalarRelationFilter | tenantsWhereInput,
       ?   property_images?: Property_imagesListRelationFilter,
       ?   reviews?: ReviewsListRelationFilter,
       ?   rooms?: RoomsListRelationFilter
         },
         include: {
           reviews: {
             take: 3,
             skip: 0,
             orderBy: {
               created_at: "desc"
             },
             include: {
               user: {
                 select: {
                   full_name: true,
                   profile_picture: true
                 }
               }
             }
           }
         }
       })

Argument `where` of type propertiesWhereUniqueInput needs at least one of `id` arguments. Available options are marked with ?. | MESSAGE: {"name":"PrismaClientValidationError","clientVersion":"6.13.0"}
2025-09-12 11:41:52 [ERROR]: GET /property/30b7c57f-fe6f-4c5c-9936-94c689517762/reviews | STATUS: 
Invalid `prisma.properties.findUnique()` invocation in
/Users/Farizkey/Documents/Purwadhika - JCWDOL 020 /Property-Renting-Web-App/backend/src/controllers/reviews/review.controller.ts:74:27

  71 );
  72 
  73 const [propertyData, totalReviews] = await Promise.all([
→ 74   prisma.properties.findUnique({
         where: {
           id: undefined,
       ?   AND?: propertiesWhereInput | propertiesWhereInput[],
       ?   OR?: propertiesWhereInput[],
       ?   NOT?: propertiesWhereInput | propertiesWhereInput[],
       ?   tenant_id?: StringFilter | String,
       ?   name?: StringFilter | String,
       ?   description?: StringNullableFilter | String | Null,
       ?   address?: StringFilter | String,
       ?   city?: StringFilter | String,
       ?   province?: StringFilter | String,
       ?   zip_code?: StringFilter | String,
       ?   latitude?: DecimalFilter | Decimal,
       ?   longitude?: DecimalFilter | Decimal,
       ?   main_image?: StringNullableFilter | String | Null,
       ?   created_at?: DateTimeFilter | DateTime,
       ?   updated_at?: DateTimeFilter | DateTime,
       ?   deleted_at?: DateTimeNullableFilter | DateTime | Null,
       ?   property_category?: EnumPropertyCategoryFilter | PropertyCategory,
       ?   bookings?: BookingsListRelationFilter,
       ?   peak_season_rates?: Peak_season_ratesListRelationFilter,
       ?   tenant?: TenantsScalarRelationFilter | tenantsWhereInput,
       ?   property_images?: Property_imagesListRelationFilter,
       ?   reviews?: ReviewsListRelationFilter,
       ?   rooms?: RoomsListRelationFilter
         },
         include: {
           reviews: {
             take: 3,
             skip: 0,
             orderBy: {
               created_at: "desc"
             },
             include: {
               user: {
                 select: {
                   full_name: true,
                   profile_picture: true
                 }
               }
             }
           }
         }
       })

Argument `where` of type propertiesWhereUniqueInput needs at least one of `id` arguments. Available options are marked with ?. | MESSAGE: {"name":"PrismaClientValidationError","clientVersion":"6.13.0"}
2025-09-12 11:41:54 [ERROR]: GET /property/30b7c57f-fe6f-4c5c-9936-94c689517762/reviews | STATUS: 
Invalid `prisma.properties.findUnique()` invocation in
/Users/Farizkey/Documents/Purwadhika - JCWDOL 020 /Property-Renting-Web-App/backend/src/controllers/reviews/review.controller.ts:74:27

  71 );
  72 
  73 const [propertyData, totalReviews] = await Promise.all([
→ 74   prisma.properties.findUnique({
         where: {
           id: undefined,
       ?   AND?: propertiesWhereInput | propertiesWhereInput[],
       ?   OR?: propertiesWhereInput[],
       ?   NOT?: propertiesWhereInput | propertiesWhereInput[],
       ?   tenant_id?: StringFilter | String,
       ?   name?: StringFilter | String,
       ?   description?: StringNullableFilter | String | Null,
       ?   address?: StringFilter | String,
       ?   city?: StringFilter | String,
       ?   province?: StringFilter | String,
       ?   zip_code?: StringFilter | String,
       ?   latitude?: DecimalFilter | Decimal,
       ?   longitude?: DecimalFilter | Decimal,
       ?   main_image?: StringNullableFilter | String | Null,
       ?   created_at?: DateTimeFilter | DateTime,
       ?   updated_at?: DateTimeFilter | DateTime,
       ?   deleted_at?: DateTimeNullableFilter | DateTime | Null,
       ?   property_category?: EnumPropertyCategoryFilter | PropertyCategory,
       ?   bookings?: BookingsListRelationFilter,
       ?   peak_season_rates?: Peak_season_ratesListRelationFilter,
       ?   tenant?: TenantsScalarRelationFilter | tenantsWhereInput,
       ?   property_images?: Property_imagesListRelationFilter,
       ?   reviews?: ReviewsListRelationFilter,
       ?   rooms?: RoomsListRelationFilter
         },
         include: {
           reviews: {
             take: 3,
             skip: 0,
             orderBy: {
               created_at: "desc"
             },
             include: {
               user: {
                 select: {
                   full_name: true,
                   profile_picture: true
                 }
               }
             }
           }
         }
       })

Argument `where` of type propertiesWhereUniqueInput needs at least one of `id` arguments. Available options are marked with ?. | MESSAGE: {"name":"PrismaClientValidationError","clientVersion":"6.13.0"}
2025-09-12 11:41:57 [ERROR]: GET /user/me | STATUS: Unauthorized | MESSAGE: {"statusCode":401,"success":false,"message":"Unauthorized"}
2025-09-12 11:42:02 [ERROR]: GET /property/30b7c57f-fe6f-4c5c-9936-94c689517762/reviews | STATUS: 
Invalid `prisma.properties.findUnique()` invocation in
/Users/Farizkey/Documents/Purwadhika - JCWDOL 020 /Property-Renting-Web-App/backend/src/controllers/reviews/review.controller.ts:74:27

  71 );
  72 
  73 const [propertyData, totalReviews] = await Promise.all([
→ 74   prisma.properties.findUnique({
         where: {
           id: undefined,
       ?   AND?: propertiesWhereInput | propertiesWhereInput[],
       ?   OR?: propertiesWhereInput[],
       ?   NOT?: propertiesWhereInput | propertiesWhereInput[],
       ?   tenant_id?: StringFilter | String,
       ?   name?: StringFilter | String,
       ?   description?: StringNullableFilter | String | Null,
       ?   address?: StringFilter | String,
       ?   city?: StringFilter | String,
       ?   province?: StringFilter | String,
       ?   zip_code?: StringFilter | String,
       ?   latitude?: DecimalFilter | Decimal,
       ?   longitude?: DecimalFilter | Decimal,
       ?   main_image?: StringNullableFilter | String | Null,
       ?   created_at?: DateTimeFilter | DateTime,
       ?   updated_at?: DateTimeFilter | DateTime,
       ?   deleted_at?: DateTimeNullableFilter | DateTime | Null,
       ?   property_category?: EnumPropertyCategoryFilter | PropertyCategory,
       ?   bookings?: BookingsListRelationFilter,
       ?   peak_season_rates?: Peak_season_ratesListRelationFilter,
       ?   tenant?: TenantsScalarRelationFilter | tenantsWhereInput,
       ?   property_images?: Property_imagesListRelationFilter,
       ?   reviews?: ReviewsListRelationFilter,
       ?   rooms?: RoomsListRelationFilter
         },
         include: {
           reviews: {
             take: 3,
             skip: 0,
             orderBy: {
               created_at: "desc"
             },
             include: {
               user: {
                 select: {
                   full_name: true,
                   profile_picture: true
                 }
               }
             }
           }
         }
       })

Argument `where` of type propertiesWhereUniqueInput needs at least one of `id` arguments. Available options are marked with ?. | MESSAGE: {"name":"PrismaClientValidationError","clientVersion":"6.13.0"}
2025-09-12 11:42:03 [ERROR]: GET /property/30b7c57f-fe6f-4c5c-9936-94c689517762/reviews | STATUS: 
Invalid `prisma.properties.findUnique()` invocation in
/Users/Farizkey/Documents/Purwadhika - JCWDOL 020 /Property-Renting-Web-App/backend/src/controllers/reviews/review.controller.ts:74:27

  71 );
  72 
  73 const [propertyData, totalReviews] = await Promise.all([
→ 74   prisma.properties.findUnique({
         where: {
           id: undefined,
       ?   AND?: propertiesWhereInput | propertiesWhereInput[],
       ?   OR?: propertiesWhereInput[],
       ?   NOT?: propertiesWhereInput | propertiesWhereInput[],
       ?   tenant_id?: StringFilter | String,
       ?   name?: StringFilter | String,
       ?   description?: StringNullableFilter | String | Null,
       ?   address?: StringFilter | String,
       ?   city?: StringFilter | String,
       ?   province?: StringFilter | String,
       ?   zip_code?: StringFilter | String,
       ?   latitude?: DecimalFilter | Decimal,
       ?   longitude?: DecimalFilter | Decimal,
       ?   main_image?: StringNullableFilter | String | Null,
       ?   created_at?: DateTimeFilter | DateTime,
       ?   updated_at?: DateTimeFilter | DateTime,
       ?   deleted_at?: DateTimeNullableFilter | DateTime | Null,
       ?   property_category?: EnumPropertyCategoryFilter | PropertyCategory,
       ?   bookings?: BookingsListRelationFilter,
       ?   peak_season_rates?: Peak_season_ratesListRelationFilter,
       ?   tenant?: TenantsScalarRelationFilter | tenantsWhereInput,
       ?   property_images?: Property_imagesListRelationFilter,
       ?   reviews?: ReviewsListRelationFilter,
       ?   rooms?: RoomsListRelationFilter
         },
         include: {
           reviews: {
             take: 3,
             skip: 0,
             orderBy: {
               created_at: "desc"
             },
             include: {
               user: {
                 select: {
                   full_name: true,
                   profile_picture: true
                 }
               }
             }
           }
         }
       })

Argument `where` of type propertiesWhereUniqueInput needs at least one of `id` arguments. Available options are marked with ?. | MESSAGE: {"name":"PrismaClientValidationError","clientVersion":"6.13.0"}
2025-09-12 11:42:06 [ERROR]: GET /property/30b7c57f-fe6f-4c5c-9936-94c689517762/reviews | STATUS: 
Invalid `prisma.properties.findUnique()` invocation in
/Users/Farizkey/Documents/Purwadhika - JCWDOL 020 /Property-Renting-Web-App/backend/src/controllers/reviews/review.controller.ts:74:27

  71 );
  72 
  73 const [propertyData, totalReviews] = await Promise.all([
→ 74   prisma.properties.findUnique({
         where: {
           id: undefined,
       ?   AND?: propertiesWhereInput | propertiesWhereInput[],
       ?   OR?: propertiesWhereInput[],
       ?   NOT?: propertiesWhereInput | propertiesWhereInput[],
       ?   tenant_id?: StringFilter | String,
       ?   name?: StringFilter | String,
       ?   description?: StringNullableFilter | String | Null,
       ?   address?: StringFilter | String,
       ?   city?: StringFilter | String,
       ?   province?: StringFilter | String,
       ?   zip_code?: StringFilter | String,
       ?   latitude?: DecimalFilter | Decimal,
       ?   longitude?: DecimalFilter | Decimal,
       ?   main_image?: StringNullableFilter | String | Null,
       ?   created_at?: DateTimeFilter | DateTime,
       ?   updated_at?: DateTimeFilter | DateTime,
       ?   deleted_at?: DateTimeNullableFilter | DateTime | Null,
       ?   property_category?: EnumPropertyCategoryFilter | PropertyCategory,
       ?   bookings?: BookingsListRelationFilter,
       ?   peak_season_rates?: Peak_season_ratesListRelationFilter,
       ?   tenant?: TenantsScalarRelationFilter | tenantsWhereInput,
       ?   property_images?: Property_imagesListRelationFilter,
       ?   reviews?: ReviewsListRelationFilter,
       ?   rooms?: RoomsListRelationFilter
         },
         include: {
           reviews: {
             take: 3,
             skip: 0,
             orderBy: {
               created_at: "desc"
             },
             include: {
               user: {
                 select: {
                   full_name: true,
                   profile_picture: true
                 }
               }
             }
           }
         }
       })

Argument `where` of type propertiesWhereUniqueInput needs at least one of `id` arguments. Available options are marked with ?. | MESSAGE: {"name":"PrismaClientValidationError","clientVersion":"6.13.0"}
2025-09-12 11:42:10 [ERROR]: GET /property/30b7c57f-fe6f-4c5c-9936-94c689517762/reviews | STATUS: 
Invalid `prisma.properties.findUnique()` invocation in
/Users/Farizkey/Documents/Purwadhika - JCWDOL 020 /Property-Renting-Web-App/backend/src/controllers/reviews/review.controller.ts:74:27

  71 );
  72 
  73 const [propertyData, totalReviews] = await Promise.all([
→ 74   prisma.properties.findUnique({
         where: {
           id: undefined,
       ?   AND?: propertiesWhereInput | propertiesWhereInput[],
       ?   OR?: propertiesWhereInput[],
       ?   NOT?: propertiesWhereInput | propertiesWhereInput[],
       ?   tenant_id?: StringFilter | String,
       ?   name?: StringFilter | String,
       ?   description?: StringNullableFilter | String | Null,
       ?   address?: StringFilter | String,
       ?   city?: StringFilter | String,
       ?   province?: StringFilter | String,
       ?   zip_code?: StringFilter | String,
       ?   latitude?: DecimalFilter | Decimal,
       ?   longitude?: DecimalFilter | Decimal,
       ?   main_image?: StringNullableFilter | String | Null,
       ?   created_at?: DateTimeFilter | DateTime,
       ?   updated_at?: DateTimeFilter | DateTime,
       ?   deleted_at?: DateTimeNullableFilter | DateTime | Null,
       ?   property_category?: EnumPropertyCategoryFilter | PropertyCategory,
       ?   bookings?: BookingsListRelationFilter,
       ?   peak_season_rates?: Peak_season_ratesListRelationFilter,
       ?   tenant?: TenantsScalarRelationFilter | tenantsWhereInput,
       ?   property_images?: Property_imagesListRelationFilter,
       ?   reviews?: ReviewsListRelationFilter,
       ?   rooms?: RoomsListRelationFilter
         },
         include: {
           reviews: {
             take: 3,
             skip: 0,
             orderBy: {
               created_at: "desc"
             },
             include: {
               user: {
                 select: {
                   full_name: true,
                   profile_picture: true
                 }
               }
             }
           }
         }
       })

Argument `where` of type propertiesWhereUniqueInput needs at least one of `id` arguments. Available options are marked with ?. | MESSAGE: {"name":"PrismaClientValidationError","clientVersion":"6.13.0"}
2025-09-12 11:42:15 [ERROR]: GET /property/30b7c57f-fe6f-4c5c-9936-94c689517762/reviews | STATUS: 
Invalid `prisma.properties.findUnique()` invocation in
/Users/Farizkey/Documents/Purwadhika - JCWDOL 020 /Property-Renting-Web-App/backend/src/controllers/reviews/review.controller.ts:74:27

  71 );
  72 
  73 const [propertyData, totalReviews] = await Promise.all([
→ 74   prisma.properties.findUnique({
         where: {
           id: undefined,
       ?   AND?: propertiesWhereInput | propertiesWhereInput[],
       ?   OR?: propertiesWhereInput[],
       ?   NOT?: propertiesWhereInput | propertiesWhereInput[],
       ?   tenant_id?: StringFilter | String,
       ?   name?: StringFilter | String,
       ?   description?: StringNullableFilter | String | Null,
       ?   address?: StringFilter | String,
       ?   city?: StringFilter | String,
       ?   province?: StringFilter | String,
       ?   zip_code?: StringFilter | String,
       ?   latitude?: DecimalFilter | Decimal,
       ?   longitude?: DecimalFilter | Decimal,
       ?   main_image?: StringNullableFilter | String | Null,
       ?   created_at?: DateTimeFilter | DateTime,
       ?   updated_at?: DateTimeFilter | DateTime,
       ?   deleted_at?: DateTimeNullableFilter | DateTime | Null,
       ?   property_category?: EnumPropertyCategoryFilter | PropertyCategory,
       ?   bookings?: BookingsListRelationFilter,
       ?   peak_season_rates?: Peak_season_ratesListRelationFilter,
       ?   tenant?: TenantsScalarRelationFilter | tenantsWhereInput,
       ?   property_images?: Property_imagesListRelationFilter,
       ?   reviews?: ReviewsListRelationFilter,
       ?   rooms?: RoomsListRelationFilter
         },
         include: {
           reviews: {
             take: 3,
             skip: 0,
             orderBy: {
               created_at: "desc"
             },
             include: {
               user: {
                 select: {
                   full_name: true,
                   profile_picture: true
                 }
               }
             }
           }
         }
       })

Argument `where` of type propertiesWhereUniqueInput needs at least one of `id` arguments. Available options are marked with ?. | MESSAGE: {"name":"PrismaClientValidationError","clientVersion":"6.13.0"}
2025-09-12 11:42:17 [ERROR]: GET /property/30b7c57f-fe6f-4c5c-9936-94c689517762/reviews | STATUS: 
Invalid `prisma.properties.findUnique()` invocation in
/Users/Farizkey/Documents/Purwadhika - JCWDOL 020 /Property-Renting-Web-App/backend/src/controllers/reviews/review.controller.ts:74:27

  71 );
  72 
  73 const [propertyData, totalReviews] = await Promise.all([
→ 74   prisma.properties.findUnique({
         where: {
           id: undefined,
       ?   AND?: propertiesWhereInput | propertiesWhereInput[],
       ?   OR?: propertiesWhereInput[],
       ?   NOT?: propertiesWhereInput | propertiesWhereInput[],
       ?   tenant_id?: StringFilter | String,
       ?   name?: StringFilter | String,
       ?   description?: StringNullableFilter | String | Null,
       ?   address?: StringFilter | String,
       ?   city?: StringFilter | String,
       ?   province?: StringFilter | String,
       ?   zip_code?: StringFilter | String,
       ?   latitude?: DecimalFilter | Decimal,
       ?   longitude?: DecimalFilter | Decimal,
       ?   main_image?: StringNullableFilter | String | Null,
       ?   created_at?: DateTimeFilter | DateTime,
       ?   updated_at?: DateTimeFilter | DateTime,
       ?   deleted_at?: DateTimeNullableFilter | DateTime | Null,
       ?   property_category?: EnumPropertyCategoryFilter | PropertyCategory,
       ?   bookings?: BookingsListRelationFilter,
       ?   peak_season_rates?: Peak_season_ratesListRelationFilter,
       ?   tenant?: TenantsScalarRelationFilter | tenantsWhereInput,
       ?   property_images?: Property_imagesListRelationFilter,
       ?   reviews?: ReviewsListRelationFilter,
       ?   rooms?: RoomsListRelationFilter
         },
         include: {
           reviews: {
             take: 3,
             skip: 0,
             orderBy: {
               created_at: "desc"
             },
             include: {
               user: {
                 select: {
                   full_name: true,
                   profile_picture: true
                 }
               }
             }
           }
         }
       })

Argument `where` of type propertiesWhereUniqueInput needs at least one of `id` arguments. Available options are marked with ?. | MESSAGE: {"name":"PrismaClientValidationError","clientVersion":"6.13.0"}
2025-09-12 11:42:19 [ERROR]: GET /property/30b7c57f-fe6f-4c5c-9936-94c689517762/reviews | STATUS: 
Invalid `prisma.properties.findUnique()` invocation in
/Users/Farizkey/Documents/Purwadhika - JCWDOL 020 /Property-Renting-Web-App/backend/src/controllers/reviews/review.controller.ts:74:27

  71 );
  72 
  73 const [propertyData, totalReviews] = await Promise.all([
→ 74   prisma.properties.findUnique({
         where: {
           id: undefined,
       ?   AND?: propertiesWhereInput | propertiesWhereInput[],
       ?   OR?: propertiesWhereInput[],
       ?   NOT?: propertiesWhereInput | propertiesWhereInput[],
       ?   tenant_id?: StringFilter | String,
       ?   name?: StringFilter | String,
       ?   description?: StringNullableFilter | String | Null,
       ?   address?: StringFilter | String,
       ?   city?: StringFilter | String,
       ?   province?: StringFilter | String,
       ?   zip_code?: StringFilter | String,
       ?   latitude?: DecimalFilter | Decimal,
       ?   longitude?: DecimalFilter | Decimal,
       ?   main_image?: StringNullableFilter | String | Null,
       ?   created_at?: DateTimeFilter | DateTime,
       ?   updated_at?: DateTimeFilter | DateTime,
       ?   deleted_at?: DateTimeNullableFilter | DateTime | Null,
       ?   property_category?: EnumPropertyCategoryFilter | PropertyCategory,
       ?   bookings?: BookingsListRelationFilter,
       ?   peak_season_rates?: Peak_season_ratesListRelationFilter,
       ?   tenant?: TenantsScalarRelationFilter | tenantsWhereInput,
       ?   property_images?: Property_imagesListRelationFilter,
       ?   reviews?: ReviewsListRelationFilter,
       ?   rooms?: RoomsListRelationFilter
         },
         include: {
           reviews: {
             take: 3,
             skip: 0,
             orderBy: {
               created_at: "desc"
             },
             include: {
               user: {
                 select: {
                   full_name: true,
                   profile_picture: true
                 }
               }
             }
           }
         }
       })

Argument `where` of type propertiesWhereUniqueInput needs at least one of `id` arguments. Available options are marked with ?. | MESSAGE: {"name":"PrismaClientValidationError","clientVersion":"6.13.0"}
2025-09-12 11:42:23 [ERROR]: GET /property/30b7c57f-fe6f-4c5c-9936-94c689517762/reviews | STATUS: 
Invalid `prisma.properties.findUnique()` invocation in
/Users/Farizkey/Documents/Purwadhika - JCWDOL 020 /Property-Renting-Web-App/backend/src/controllers/reviews/review.controller.ts:74:27

  71 );
  72 
  73 const [propertyData, totalReviews] = await Promise.all([
→ 74   prisma.properties.findUnique({
         where: {
           id: undefined,
       ?   AND?: propertiesWhereInput | propertiesWhereInput[],
       ?   OR?: propertiesWhereInput[],
       ?   NOT?: propertiesWhereInput | propertiesWhereInput[],
       ?   tenant_id?: StringFilter | String,
       ?   name?: StringFilter | String,
       ?   description?: StringNullableFilter | String | Null,
       ?   address?: StringFilter | String,
       ?   city?: StringFilter | String,
       ?   province?: StringFilter | String,
       ?   zip_code?: StringFilter | String,
       ?   latitude?: DecimalFilter | Decimal,
       ?   longitude?: DecimalFilter | Decimal,
       ?   main_image?: StringNullableFilter | String | Null,
       ?   created_at?: DateTimeFilter | DateTime,
       ?   updated_at?: DateTimeFilter | DateTime,
       ?   deleted_at?: DateTimeNullableFilter | DateTime | Null,
       ?   property_category?: EnumPropertyCategoryFilter | PropertyCategory,
       ?   bookings?: BookingsListRelationFilter,
       ?   peak_season_rates?: Peak_season_ratesListRelationFilter,
       ?   tenant?: TenantsScalarRelationFilter | tenantsWhereInput,
       ?   property_images?: Property_imagesListRelationFilter,
       ?   reviews?: ReviewsListRelationFilter,
       ?   rooms?: RoomsListRelationFilter
         },
         include: {
           reviews: {
             take: 3,
             skip: 0,
             orderBy: {
               created_at: "desc"
             },
             include: {
               user: {
                 select: {
                   full_name: true,
                   profile_picture: true
                 }
               }
             }
           }
         }
       })

Argument `where` of type propertiesWhereUniqueInput needs at least one of `id` arguments. Available options are marked with ?. | MESSAGE: {"name":"PrismaClientValidationError","clientVersion":"6.13.0"}
2025-09-12 11:44:45 [ERROR]: GET /property/30b7c57f-fe6f-4c5c-9936-94c689517762/reviews | STATUS: 
Invalid `prisma.properties.findUnique()` invocation in
/Users/Farizkey/Documents/Purwadhika - JCWDOL 020 /Property-Renting-Web-App/backend/src/controllers/reviews/review.controller.ts:74:27

  71 );
  72 
  73 const [propertyData, totalReviews] = await Promise.all([
→ 74   prisma.properties.findUnique({
         where: {
           id: undefined,
       ?   AND?: propertiesWhereInput | propertiesWhereInput[],
       ?   OR?: propertiesWhereInput[],
       ?   NOT?: propertiesWhereInput | propertiesWhereInput[],
       ?   tenant_id?: StringFilter | String,
       ?   name?: StringFilter | String,
       ?   description?: StringNullableFilter | String | Null,
       ?   address?: StringFilter | String,
       ?   city?: StringFilter | String,
       ?   province?: StringFilter | String,
       ?   zip_code?: StringFilter | String,
       ?   latitude?: DecimalFilter | Decimal,
       ?   longitude?: DecimalFilter | Decimal,
       ?   main_image?: StringNullableFilter | String | Null,
       ?   created_at?: DateTimeFilter | DateTime,
       ?   updated_at?: DateTimeFilter | DateTime,
       ?   deleted_at?: DateTimeNullableFilter | DateTime | Null,
       ?   property_category?: EnumPropertyCategoryFilter | PropertyCategory,
       ?   bookings?: BookingsListRelationFilter,
       ?   peak_season_rates?: Peak_season_ratesListRelationFilter,
       ?   tenant?: TenantsScalarRelationFilter | tenantsWhereInput,
       ?   property_images?: Property_imagesListRelationFilter,
       ?   reviews?: ReviewsListRelationFilter,
       ?   rooms?: RoomsListRelationFilter
         },
         include: {
           reviews: {
             take: 3,
             skip: 0,
             orderBy: {
               created_at: "desc"
             },
             include: {
               user: {
                 select: {
                   full_name: true,
                   profile_picture: true
                 }
               }
             }
           }
         }
       })

Argument `where` of type propertiesWhereUniqueInput needs at least one of `id` arguments. Available options are marked with ?. | MESSAGE: {"name":"PrismaClientValidationError","clientVersion":"6.13.0"}
2025-09-12 11:44:46 [ERROR]: GET /property/30b7c57f-fe6f-4c5c-9936-94c689517762/reviews | STATUS: 
Invalid `prisma.properties.findUnique()` invocation in
/Users/Farizkey/Documents/Purwadhika - JCWDOL 020 /Property-Renting-Web-App/backend/src/controllers/reviews/review.controller.ts:74:27

  71 );
  72 
  73 const [propertyData, totalReviews] = await Promise.all([
→ 74   prisma.properties.findUnique({
         where: {
           id: undefined,
       ?   AND?: propertiesWhereInput | propertiesWhereInput[],
       ?   OR?: propertiesWhereInput[],
       ?   NOT?: propertiesWhereInput | propertiesWhereInput[],
       ?   tenant_id?: StringFilter | String,
       ?   name?: StringFilter | String,
       ?   description?: StringNullableFilter | String | Null,
       ?   address?: StringFilter | String,
       ?   city?: StringFilter | String,
       ?   province?: StringFilter | String,
       ?   zip_code?: StringFilter | String,
       ?   latitude?: DecimalFilter | Decimal,
       ?   longitude?: DecimalFilter | Decimal,
       ?   main_image?: StringNullableFilter | String | Null,
       ?   created_at?: DateTimeFilter | DateTime,
       ?   updated_at?: DateTimeFilter | DateTime,
       ?   deleted_at?: DateTimeNullableFilter | DateTime | Null,
       ?   property_category?: EnumPropertyCategoryFilter | PropertyCategory,
       ?   bookings?: BookingsListRelationFilter,
       ?   peak_season_rates?: Peak_season_ratesListRelationFilter,
       ?   tenant?: TenantsScalarRelationFilter | tenantsWhereInput,
       ?   property_images?: Property_imagesListRelationFilter,
       ?   reviews?: ReviewsListRelationFilter,
       ?   rooms?: RoomsListRelationFilter
         },
         include: {
           reviews: {
             take: 3,
             skip: 0,
             orderBy: {
               created_at: "desc"
             },
             include: {
               user: {
                 select: {
                   full_name: true,
                   profile_picture: true
                 }
               }
             }
           }
         }
       })

Argument `where` of type propertiesWhereUniqueInput needs at least one of `id` arguments. Available options are marked with ?. | MESSAGE: {"name":"PrismaClientValidationError","clientVersion":"6.13.0"}
2025-09-12 11:44:48 [ERROR]: GET /property/30b7c57f-fe6f-4c5c-9936-94c689517762/reviews | STATUS: 
Invalid `prisma.properties.findUnique()` invocation in
/Users/Farizkey/Documents/Purwadhika - JCWDOL 020 /Property-Renting-Web-App/backend/src/controllers/reviews/review.controller.ts:74:27

  71 );
  72 
  73 const [propertyData, totalReviews] = await Promise.all([
→ 74   prisma.properties.findUnique({
         where: {
           id: undefined,
       ?   AND?: propertiesWhereInput | propertiesWhereInput[],
       ?   OR?: propertiesWhereInput[],
       ?   NOT?: propertiesWhereInput | propertiesWhereInput[],
       ?   tenant_id?: StringFilter | String,
       ?   name?: StringFilter | String,
       ?   description?: StringNullableFilter | String | Null,
       ?   address?: StringFilter | String,
       ?   city?: StringFilter | String,
       ?   province?: StringFilter | String,
       ?   zip_code?: StringFilter | String,
       ?   latitude?: DecimalFilter | Decimal,
       ?   longitude?: DecimalFilter | Decimal,
       ?   main_image?: StringNullableFilter | String | Null,
       ?   created_at?: DateTimeFilter | DateTime,
       ?   updated_at?: DateTimeFilter | DateTime,
       ?   deleted_at?: DateTimeNullableFilter | DateTime | Null,
       ?   property_category?: EnumPropertyCategoryFilter | PropertyCategory,
       ?   bookings?: BookingsListRelationFilter,
       ?   peak_season_rates?: Peak_season_ratesListRelationFilter,
       ?   tenant?: TenantsScalarRelationFilter | tenantsWhereInput,
       ?   property_images?: Property_imagesListRelationFilter,
       ?   reviews?: ReviewsListRelationFilter,
       ?   rooms?: RoomsListRelationFilter
         },
         include: {
           reviews: {
             take: 3,
             skip: 0,
             orderBy: {
               created_at: "desc"
             },
             include: {
               user: {
                 select: {
                   full_name: true,
                   profile_picture: true
                 }
               }
             }
           }
         }
       })

Argument `where` of type propertiesWhereUniqueInput needs at least one of `id` arguments. Available options are marked with ?. | MESSAGE: {"name":"PrismaClientValidationError","clientVersion":"6.13.0"}
2025-09-12 11:44:52 [ERROR]: GET /property/30b7c57f-fe6f-4c5c-9936-94c689517762/reviews | STATUS: 
Invalid `prisma.properties.findUnique()` invocation in
/Users/Farizkey/Documents/Purwadhika - JCWDOL 020 /Property-Renting-Web-App/backend/src/controllers/reviews/review.controller.ts:74:27

  71 );
  72 
  73 const [propertyData, totalReviews] = await Promise.all([
→ 74   prisma.properties.findUnique({
         where: {
           id: undefined,
       ?   AND?: propertiesWhereInput | propertiesWhereInput[],
       ?   OR?: propertiesWhereInput[],
       ?   NOT?: propertiesWhereInput | propertiesWhereInput[],
       ?   tenant_id?: StringFilter | String,
       ?   name?: StringFilter | String,
       ?   description?: StringNullableFilter | String | Null,
       ?   address?: StringFilter | String,
       ?   city?: StringFilter | String,
       ?   province?: StringFilter | String,
       ?   zip_code?: StringFilter | String,
       ?   latitude?: DecimalFilter | Decimal,
       ?   longitude?: DecimalFilter | Decimal,
       ?   main_image?: StringNullableFilter | String | Null,
       ?   created_at?: DateTimeFilter | DateTime,
       ?   updated_at?: DateTimeFilter | DateTime,
       ?   deleted_at?: DateTimeNullableFilter | DateTime | Null,
       ?   property_category?: EnumPropertyCategoryFilter | PropertyCategory,
       ?   bookings?: BookingsListRelationFilter,
       ?   peak_season_rates?: Peak_season_ratesListRelationFilter,
       ?   tenant?: TenantsScalarRelationFilter | tenantsWhereInput,
       ?   property_images?: Property_imagesListRelationFilter,
       ?   reviews?: ReviewsListRelationFilter,
       ?   rooms?: RoomsListRelationFilter
         },
         include: {
           reviews: {
             take: 3,
             skip: 0,
             orderBy: {
               created_at: "desc"
             },
             include: {
               user: {
                 select: {
                   full_name: true,
                   profile_picture: true
                 }
               }
             }
           }
         }
       })

Argument `where` of type propertiesWhereUniqueInput needs at least one of `id` arguments. Available options are marked with ?. | MESSAGE: {"name":"PrismaClientValidationError","clientVersion":"6.13.0"}
2025-09-12 11:51:35 [ERROR]: GET /property/30b7c57f-fe6f-4c5c-9936-94c689517762/reviews | STATUS: 
Invalid `prisma.properties.findUnique()` invocation in
/Users/Farizkey/Documents/Purwadhika - JCWDOL 020 /Property-Renting-Web-App/backend/src/controllers/reviews/review.controller.ts:74:27

  71 );
  72 
  73 const [propertyData, totalReviews] = await Promise.all([
→ 74   prisma.properties.findUnique({
         where: {
           id: undefined,
       ?   AND?: propertiesWhereInput | propertiesWhereInput[],
       ?   OR?: propertiesWhereInput[],
       ?   NOT?: propertiesWhereInput | propertiesWhereInput[],
       ?   tenant_id?: StringFilter | String,
       ?   name?: StringFilter | String,
       ?   description?: StringNullableFilter | String | Null,
       ?   address?: StringFilter | String,
       ?   city?: StringFilter | String,
       ?   province?: StringFilter | String,
       ?   zip_code?: StringFilter | String,
       ?   latitude?: DecimalFilter | Decimal,
       ?   longitude?: DecimalFilter | Decimal,
       ?   main_image?: StringNullableFilter | String | Null,
       ?   created_at?: DateTimeFilter | DateTime,
       ?   updated_at?: DateTimeFilter | DateTime,
       ?   deleted_at?: DateTimeNullableFilter | DateTime | Null,
       ?   property_category?: EnumPropertyCategoryFilter | PropertyCategory,
       ?   bookings?: BookingsListRelationFilter,
       ?   peak_season_rates?: Peak_season_ratesListRelationFilter,
       ?   tenant?: TenantsScalarRelationFilter | tenantsWhereInput,
       ?   property_images?: Property_imagesListRelationFilter,
       ?   reviews?: ReviewsListRelationFilter,
       ?   rooms?: RoomsListRelationFilter
         },
         include: {
           reviews: {
             take: 3,
             skip: 0,
             orderBy: {
               created_at: "desc"
             },
             include: {
               user: {
                 select: {
                   full_name: true,
                   profile_picture: true
                 }
               }
             }
           }
         }
       })

Argument `where` of type propertiesWhereUniqueInput needs at least one of `id` arguments. Available options are marked with ?. | MESSAGE: {"name":"PrismaClientValidationError","clientVersion":"6.13.0"}
2025-09-12 11:51:37 [ERROR]: GET /property/30b7c57f-fe6f-4c5c-9936-94c689517762/reviews | STATUS: 
Invalid `prisma.properties.findUnique()` invocation in
/Users/Farizkey/Documents/Purwadhika - JCWDOL 020 /Property-Renting-Web-App/backend/src/controllers/reviews/review.controller.ts:74:27

  71 );
  72 
  73 const [propertyData, totalReviews] = await Promise.all([
→ 74   prisma.properties.findUnique({
         where: {
           id: undefined,
       ?   AND?: propertiesWhereInput | propertiesWhereInput[],
       ?   OR?: propertiesWhereInput[],
       ?   NOT?: propertiesWhereInput | propertiesWhereInput[],
       ?   tenant_id?: StringFilter | String,
       ?   name?: StringFilter | String,
       ?   description?: StringNullableFilter | String | Null,
       ?   address?: StringFilter | String,
       ?   city?: StringFilter | String,
       ?   province?: StringFilter | String,
       ?   zip_code?: StringFilter | String,
       ?   latitude?: DecimalFilter | Decimal,
       ?   longitude?: DecimalFilter | Decimal,
       ?   main_image?: StringNullableFilter | String | Null,
       ?   created_at?: DateTimeFilter | DateTime,
       ?   updated_at?: DateTimeFilter | DateTime,
       ?   deleted_at?: DateTimeNullableFilter | DateTime | Null,
       ?   property_category?: EnumPropertyCategoryFilter | PropertyCategory,
       ?   bookings?: BookingsListRelationFilter,
       ?   peak_season_rates?: Peak_season_ratesListRelationFilter,
       ?   tenant?: TenantsScalarRelationFilter | tenantsWhereInput,
       ?   property_images?: Property_imagesListRelationFilter,
       ?   reviews?: ReviewsListRelationFilter,
       ?   rooms?: RoomsListRelationFilter
         },
         include: {
           reviews: {
             take: 3,
             skip: 0,
             orderBy: {
               created_at: "desc"
             },
             include: {
               user: {
                 select: {
                   full_name: true,
                   profile_picture: true
                 }
               }
             }
           }
         }
       })

Argument `where` of type propertiesWhereUniqueInput needs at least one of `id` arguments. Available options are marked with ?. | MESSAGE: {"name":"PrismaClientValidationError","clientVersion":"6.13.0"}
2025-09-12 11:51:40 [ERROR]: GET /property/30b7c57f-fe6f-4c5c-9936-94c689517762/reviews | STATUS: 
Invalid `prisma.properties.findUnique()` invocation in
/Users/Farizkey/Documents/Purwadhika - JCWDOL 020 /Property-Renting-Web-App/backend/src/controllers/reviews/review.controller.ts:74:27

  71 );
  72 
  73 const [propertyData, totalReviews] = await Promise.all([
→ 74   prisma.properties.findUnique({
         where: {
           id: undefined,
       ?   AND?: propertiesWhereInput | propertiesWhereInput[],
       ?   OR?: propertiesWhereInput[],
       ?   NOT?: propertiesWhereInput | propertiesWhereInput[],
       ?   tenant_id?: StringFilter | String,
       ?   name?: StringFilter | String,
       ?   description?: StringNullableFilter | String | Null,
       ?   address?: StringFilter | String,
       ?   city?: StringFilter | String,
       ?   province?: StringFilter | String,
       ?   zip_code?: StringFilter | String,
       ?   latitude?: DecimalFilter | Decimal,
       ?   longitude?: DecimalFilter | Decimal,
       ?   main_image?: StringNullableFilter | String | Null,
       ?   created_at?: DateTimeFilter | DateTime,
       ?   updated_at?: DateTimeFilter | DateTime,
       ?   deleted_at?: DateTimeNullableFilter | DateTime | Null,
       ?   property_category?: EnumPropertyCategoryFilter | PropertyCategory,
       ?   bookings?: BookingsListRelationFilter,
       ?   peak_season_rates?: Peak_season_ratesListRelationFilter,
       ?   tenant?: TenantsScalarRelationFilter | tenantsWhereInput,
       ?   property_images?: Property_imagesListRelationFilter,
       ?   reviews?: ReviewsListRelationFilter,
       ?   rooms?: RoomsListRelationFilter
         },
         include: {
           reviews: {
             take: 3,
             skip: 0,
             orderBy: {
               created_at: "desc"
             },
             include: {
               user: {
                 select: {
                   full_name: true,
                   profile_picture: true
                 }
               }
             }
           }
         }
       })

Argument `where` of type propertiesWhereUniqueInput needs at least one of `id` arguments. Available options are marked with ?. | MESSAGE: {"name":"PrismaClientValidationError","clientVersion":"6.13.0"}
2025-09-12 11:51:44 [ERROR]: GET /property/30b7c57f-fe6f-4c5c-9936-94c689517762/reviews | STATUS: 
Invalid `prisma.properties.findUnique()` invocation in
/Users/Farizkey/Documents/Purwadhika - JCWDOL 020 /Property-Renting-Web-App/backend/src/controllers/reviews/review.controller.ts:74:27

  71 );
  72 
  73 const [propertyData, totalReviews] = await Promise.all([
→ 74   prisma.properties.findUnique({
         where: {
           id: undefined,
       ?   AND?: propertiesWhereInput | propertiesWhereInput[],
       ?   OR?: propertiesWhereInput[],
       ?   NOT?: propertiesWhereInput | propertiesWhereInput[],
       ?   tenant_id?: StringFilter | String,
       ?   name?: StringFilter | String,
       ?   description?: StringNullableFilter | String | Null,
       ?   address?: StringFilter | String,
       ?   city?: StringFilter | String,
       ?   province?: StringFilter | String,
       ?   zip_code?: StringFilter | String,
       ?   latitude?: DecimalFilter | Decimal,
       ?   longitude?: DecimalFilter | Decimal,
       ?   main_image?: StringNullableFilter | String | Null,
       ?   created_at?: DateTimeFilter | DateTime,
       ?   updated_at?: DateTimeFilter | DateTime,
       ?   deleted_at?: DateTimeNullableFilter | DateTime | Null,
       ?   property_category?: EnumPropertyCategoryFilter | PropertyCategory,
       ?   bookings?: BookingsListRelationFilter,
       ?   peak_season_rates?: Peak_season_ratesListRelationFilter,
       ?   tenant?: TenantsScalarRelationFilter | tenantsWhereInput,
       ?   property_images?: Property_imagesListRelationFilter,
       ?   reviews?: ReviewsListRelationFilter,
       ?   rooms?: RoomsListRelationFilter
         },
         include: {
           reviews: {
             take: 3,
             skip: 0,
             orderBy: {
               created_at: "desc"
             },
             include: {
               user: {
                 select: {
                   full_name: true,
                   profile_picture: true
                 }
               }
             }
           }
         }
       })

Argument `where` of type propertiesWhereUniqueInput needs at least one of `id` arguments. Available options are marked with ?. | MESSAGE: {"name":"PrismaClientValidationError","clientVersion":"6.13.0"}
2025-09-12 11:51:50 [ERROR]: GET /property/30b7c57f-fe6f-4c5c-9936-94c689517762/reviews | STATUS: 
Invalid `prisma.properties.findUnique()` invocation in
/Users/Farizkey/Documents/Purwadhika - JCWDOL 020 /Property-Renting-Web-App/backend/src/controllers/reviews/review.controller.ts:74:27

  71 );
  72 
  73 const [propertyData, totalReviews] = await Promise.all([
→ 74   prisma.properties.findUnique({
         where: {
           id: undefined,
       ?   AND?: propertiesWhereInput | propertiesWhereInput[],
       ?   OR?: propertiesWhereInput[],
       ?   NOT?: propertiesWhereInput | propertiesWhereInput[],
       ?   tenant_id?: StringFilter | String,
       ?   name?: StringFilter | String,
       ?   description?: StringNullableFilter | String | Null,
       ?   address?: StringFilter | String,
       ?   city?: StringFilter | String,
       ?   province?: StringFilter | String,
       ?   zip_code?: StringFilter | String,
       ?   latitude?: DecimalFilter | Decimal,
       ?   longitude?: DecimalFilter | Decimal,
       ?   main_image?: StringNullableFilter | String | Null,
       ?   created_at?: DateTimeFilter | DateTime,
       ?   updated_at?: DateTimeFilter | DateTime,
       ?   deleted_at?: DateTimeNullableFilter | DateTime | Null,
       ?   property_category?: EnumPropertyCategoryFilter | PropertyCategory,
       ?   bookings?: BookingsListRelationFilter,
       ?   peak_season_rates?: Peak_season_ratesListRelationFilter,
       ?   tenant?: TenantsScalarRelationFilter | tenantsWhereInput,
       ?   property_images?: Property_imagesListRelationFilter,
       ?   reviews?: ReviewsListRelationFilter,
       ?   rooms?: RoomsListRelationFilter
         },
         include: {
           reviews: {
             take: 3,
             skip: 0,
             orderBy: {
               created_at: "desc"
             },
             include: {
               user: {
                 select: {
                   full_name: true,
                   profile_picture: true
                 }
               }
             }
           }
         }
       })

Argument `where` of type propertiesWhereUniqueInput needs at least one of `id` arguments. Available options are marked with ?. | MESSAGE: {"name":"PrismaClientValidationError","clientVersion":"6.13.0"}
2025-09-12 11:52:52 [ERROR]: GET /property/30b7c57f-fe6f-4c5c-9936-94c689517762/reviews | STATUS: 
Invalid `prisma.properties.findUnique()` invocation in
/Users/Farizkey/Documents/Purwadhika - JCWDOL 020 /Property-Renting-Web-App/backend/src/controllers/reviews/review.controller.ts:74:27

  71 );
  72 
  73 const [propertyData, totalReviews] = await Promise.all([
→ 74   prisma.properties.findUnique({
         where: {
           id: undefined,
       ?   AND?: propertiesWhereInput | propertiesWhereInput[],
       ?   OR?: propertiesWhereInput[],
       ?   NOT?: propertiesWhereInput | propertiesWhereInput[],
       ?   tenant_id?: StringFilter | String,
       ?   name?: StringFilter | String,
       ?   description?: StringNullableFilter | String | Null,
       ?   address?: StringFilter | String,
       ?   city?: StringFilter | String,
       ?   province?: StringFilter | String,
       ?   zip_code?: StringFilter | String,
       ?   latitude?: DecimalFilter | Decimal,
       ?   longitude?: DecimalFilter | Decimal,
       ?   main_image?: StringNullableFilter | String | Null,
       ?   created_at?: DateTimeFilter | DateTime,
       ?   updated_at?: DateTimeFilter | DateTime,
       ?   deleted_at?: DateTimeNullableFilter | DateTime | Null,
       ?   property_category?: EnumPropertyCategoryFilter | PropertyCategory,
       ?   bookings?: BookingsListRelationFilter,
       ?   peak_season_rates?: Peak_season_ratesListRelationFilter,
       ?   tenant?: TenantsScalarRelationFilter | tenantsWhereInput,
       ?   property_images?: Property_imagesListRelationFilter,
       ?   reviews?: ReviewsListRelationFilter,
       ?   rooms?: RoomsListRelationFilter
         },
         include: {
           reviews: {
             take: 3,
             skip: 0,
             orderBy: {
               created_at: "desc"
             },
             include: {
               user: {
                 select: {
                   full_name: true,
                   profile_picture: true
                 }
               }
             }
           }
         }
       })

Argument `where` of type propertiesWhereUniqueInput needs at least one of `id` arguments. Available options are marked with ?. | MESSAGE: {"name":"PrismaClientValidationError","clientVersion":"6.13.0"}
2025-09-12 11:52:53 [ERROR]: GET /property/30b7c57f-fe6f-4c5c-9936-94c689517762/reviews | STATUS: 
Invalid `prisma.properties.findUnique()` invocation in
/Users/Farizkey/Documents/Purwadhika - JCWDOL 020 /Property-Renting-Web-App/backend/src/controllers/reviews/review.controller.ts:74:27

  71 );
  72 
  73 const [propertyData, totalReviews] = await Promise.all([
→ 74   prisma.properties.findUnique({
         where: {
           id: undefined,
       ?   AND?: propertiesWhereInput | propertiesWhereInput[],
       ?   OR?: propertiesWhereInput[],
       ?   NOT?: propertiesWhereInput | propertiesWhereInput[],
       ?   tenant_id?: StringFilter | String,
       ?   name?: StringFilter | String,
       ?   description?: StringNullableFilter | String | Null,
       ?   address?: StringFilter | String,
       ?   city?: StringFilter | String,
       ?   province?: StringFilter | String,
       ?   zip_code?: StringFilter | String,
       ?   latitude?: DecimalFilter | Decimal,
       ?   longitude?: DecimalFilter | Decimal,
       ?   main_image?: StringNullableFilter | String | Null,
       ?   created_at?: DateTimeFilter | DateTime,
       ?   updated_at?: DateTimeFilter | DateTime,
       ?   deleted_at?: DateTimeNullableFilter | DateTime | Null,
       ?   property_category?: EnumPropertyCategoryFilter | PropertyCategory,
       ?   bookings?: BookingsListRelationFilter,
       ?   peak_season_rates?: Peak_season_ratesListRelationFilter,
       ?   tenant?: TenantsScalarRelationFilter | tenantsWhereInput,
       ?   property_images?: Property_imagesListRelationFilter,
       ?   reviews?: ReviewsListRelationFilter,
       ?   rooms?: RoomsListRelationFilter
         },
         include: {
           reviews: {
             take: 3,
             skip: 0,
             orderBy: {
               created_at: "desc"
             },
             include: {
               user: {
                 select: {
                   full_name: true,
                   profile_picture: true
                 }
               }
             }
           }
         }
       })

Argument `where` of type propertiesWhereUniqueInput needs at least one of `id` arguments. Available options are marked with ?. | MESSAGE: {"name":"PrismaClientValidationError","clientVersion":"6.13.0"}
2025-09-12 11:52:55 [ERROR]: GET /property/30b7c57f-fe6f-4c5c-9936-94c689517762/reviews | STATUS: 
Invalid `prisma.properties.findUnique()` invocation in
/Users/Farizkey/Documents/Purwadhika - JCWDOL 020 /Property-Renting-Web-App/backend/src/controllers/reviews/review.controller.ts:74:27

  71 );
  72 
  73 const [propertyData, totalReviews] = await Promise.all([
→ 74   prisma.properties.findUnique({
         where: {
           id: undefined,
       ?   AND?: propertiesWhereInput | propertiesWhereInput[],
       ?   OR?: propertiesWhereInput[],
       ?   NOT?: propertiesWhereInput | propertiesWhereInput[],
       ?   tenant_id?: StringFilter | String,
       ?   name?: StringFilter | String,
       ?   description?: StringNullableFilter | String | Null,
       ?   address?: StringFilter | String,
       ?   city?: StringFilter | String,
       ?   province?: StringFilter | String,
       ?   zip_code?: StringFilter | String,
       ?   latitude?: DecimalFilter | Decimal,
       ?   longitude?: DecimalFilter | Decimal,
       ?   main_image?: StringNullableFilter | String | Null,
       ?   created_at?: DateTimeFilter | DateTime,
       ?   updated_at?: DateTimeFilter | DateTime,
       ?   deleted_at?: DateTimeNullableFilter | DateTime | Null,
       ?   property_category?: EnumPropertyCategoryFilter | PropertyCategory,
       ?   bookings?: BookingsListRelationFilter,
       ?   peak_season_rates?: Peak_season_ratesListRelationFilter,
       ?   tenant?: TenantsScalarRelationFilter | tenantsWhereInput,
       ?   property_images?: Property_imagesListRelationFilter,
       ?   reviews?: ReviewsListRelationFilter,
       ?   rooms?: RoomsListRelationFilter
         },
         include: {
           reviews: {
             take: 3,
             skip: 0,
             orderBy: {
               created_at: "desc"
             },
             include: {
               user: {
                 select: {
                   full_name: true,
                   profile_picture: true
                 }
               }
             }
           }
         }
       })

Argument `where` of type propertiesWhereUniqueInput needs at least one of `id` arguments. Available options are marked with ?. | MESSAGE: {"name":"PrismaClientValidationError","clientVersion":"6.13.0"}
2025-09-12 11:52:59 [ERROR]: GET /property/30b7c57f-fe6f-4c5c-9936-94c689517762/reviews | STATUS: 
Invalid `prisma.properties.findUnique()` invocation in
/Users/Farizkey/Documents/Purwadhika - JCWDOL 020 /Property-Renting-Web-App/backend/src/controllers/reviews/review.controller.ts:74:27

  71 );
  72 
  73 const [propertyData, totalReviews] = await Promise.all([
→ 74   prisma.properties.findUnique({
         where: {
           id: undefined,
       ?   AND?: propertiesWhereInput | propertiesWhereInput[],
       ?   OR?: propertiesWhereInput[],
       ?   NOT?: propertiesWhereInput | propertiesWhereInput[],
       ?   tenant_id?: StringFilter | String,
       ?   name?: StringFilter | String,
       ?   description?: StringNullableFilter | String | Null,
       ?   address?: StringFilter | String,
       ?   city?: StringFilter | String,
       ?   province?: StringFilter | String,
       ?   zip_code?: StringFilter | String,
       ?   latitude?: DecimalFilter | Decimal,
       ?   longitude?: DecimalFilter | Decimal,
       ?   main_image?: StringNullableFilter | String | Null,
       ?   created_at?: DateTimeFilter | DateTime,
       ?   updated_at?: DateTimeFilter | DateTime,
       ?   deleted_at?: DateTimeNullableFilter | DateTime | Null,
       ?   property_category?: EnumPropertyCategoryFilter | PropertyCategory,
       ?   bookings?: BookingsListRelationFilter,
       ?   peak_season_rates?: Peak_season_ratesListRelationFilter,
       ?   tenant?: TenantsScalarRelationFilter | tenantsWhereInput,
       ?   property_images?: Property_imagesListRelationFilter,
       ?   reviews?: ReviewsListRelationFilter,
       ?   rooms?: RoomsListRelationFilter
         },
         include: {
           reviews: {
             take: 3,
             skip: 0,
             orderBy: {
               created_at: "desc"
             },
             include: {
               user: {
                 select: {
                   full_name: true,
                   profile_picture: true
                 }
               }
             }
           }
         }
       })

Argument `where` of type propertiesWhereUniqueInput needs at least one of `id` arguments. Available options are marked with ?. | MESSAGE: {"name":"PrismaClientValidationError","clientVersion":"6.13.0"}
2025-09-12 11:54:20 [ERROR]: GET /user/me | STATUS: Unauthorized | MESSAGE: {"statusCode":401,"success":false,"message":"Unauthorized"}
2025-09-14 03:47:14 [ERROR]: GET /user/me | STATUS: Unauthorized | MESSAGE: {"statusCode":401,"success":false,"message":"Unauthorized"}
2025-09-14 04:48:01 [ERROR]: POST /reservations/create | STATUS: Please enter the required fields | MESSAGE: {"statusCode":400,"success":false,"message":"Please enter the required fields"}
2025-09-14 04:48:09 [ERROR]: POST /reservations/create | STATUS: Please enter the required fields | MESSAGE: {"statusCode":400,"success":false,"message":"Please enter the required fields"}
2025-09-14 04:54:48 [ERROR]: PATCH /reservations/proof/8ba2b3a0-140f-44a3-8195-f32e71f5cd89 | STATUS: Unexpected field | MESSAGE: {"name":"MulterError","message":"Unexpected field","code":"LIMIT_UNEXPECTED_FILE","field":"proofImage","storageErrors":[]}
2025-09-14 04:54:56 [ERROR]: PATCH /reservations/proof/8ba2b3a0-140f-44a3-8195-f32e71f5cd89 | STATUS: Unexpected field | MESSAGE: {"name":"MulterError","message":"Unexpected field","code":"LIMIT_UNEXPECTED_FILE","field":"proofImage","storageErrors":[]}
2025-09-14 05:19:36 [ERROR]: PATCH /reservations/proof/e69640c3-0fee-4963-a989-2e83d9a8d843 | STATUS: Unexpected field | MESSAGE: {"name":"MulterError","message":"Unexpected field","code":"LIMIT_UNEXPECTED_FILE","field":"proofImage","storageErrors":[]}
2025-09-14 05:25:20 [ERROR]: PATCH /reservations/cancel/1e9c9b28-b8c3-4692-966d-ca07eec39cc9 | STATUS: Invalid transaction ID | MESSAGE: {"statusCode":400,"success":false,"message":"Invalid transaction ID"}
2025-09-14 05:25:40 [ERROR]: PATCH /reservations/cancel/1e9c9b28-b8c3-4692-966d-ca07eec39cc9 | STATUS: Invalid transaction ID | MESSAGE: {"statusCode":400,"success":false,"message":"Invalid transaction ID"}
2025-09-14 05:25:59 [ERROR]: PATCH /reservations/cancel/1e9c9b28-b8c3-4692-966d-ca07eec39cc9 | STATUS: Invalid transaction ID | MESSAGE: {"statusCode":400,"success":false,"message":"Invalid transaction ID"}
2025-09-14 05:26:05 [ERROR]: PATCH /reservations/cancel/e69640c3-0fee-4963-a989-2e83d9a8d843 | STATUS: Invalid transaction ID | MESSAGE: {"statusCode":400,"success":false,"message":"Invalid transaction ID"}
2025-09-14 05:26:31 [ERROR]: PATCH /reservations/cancel/1e9c9b28-b8c3-4692-966d-ca07eec39cc9 | STATUS: Invalid transaction ID | MESSAGE: {"statusCode":400,"success":false,"message":"Invalid transaction ID"}
2025-09-14 05:27:06 [ERROR]: PATCH /reservations/cancel/1e9c9b28-b8c3-4692-966d-ca07eec39cc9 | STATUS: Invalid transaction ID | MESSAGE: {"statusCode":400,"success":false,"message":"Invalid transaction ID"}
2025-09-14 05:27:40 [ERROR]: PATCH /reservations/cancel/1e9c9b28-b8c3-4692-966d-ca07eec39cc9 | STATUS: Invalid transaction ID | MESSAGE: {"statusCode":400,"success":false,"message":"Invalid transaction ID"}
2025-09-14 05:28:13 [ERROR]: PATCH /reservations/cancel/fe7b64c7-6b3c-45d9-a2e9-0ca0179247c3 | STATUS: Invalid transaction ID | MESSAGE: {"statusCode":400,"success":false,"message":"Invalid transaction ID"}
2025-09-14 05:30:02 [ERROR]: PATCH /reservations/cancel/1e9c9b28-b8c3-4692-966d-ca07eec39cc9 | STATUS: Invalid transaction ID | MESSAGE: {"statusCode":400,"success":false,"message":"Invalid transaction ID"}
2025-09-14 05:30:59 [ERROR]: PATCH /reservations/cancel/c18491d0-c085-489f-abaf-3c9d8e2a0ecb | STATUS: Invalid transaction ID | MESSAGE: {"statusCode":400,"success":false,"message":"Invalid transaction ID"}
2025-09-15 10:55:06 [ERROR]: GET /reservations/get | STATUS: Unauthorized | MESSAGE: {"statusCode":401,"success":false,"message":"Unauthorized"}
2025-09-15 10:55:07 [ERROR]: GET /reservations/get | STATUS: Unauthorized | MESSAGE: {"statusCode":401,"success":false,"message":"Unauthorized"}
2025-09-15 10:55:09 [ERROR]: GET /user/me | STATUS: Unauthorized | MESSAGE: {"statusCode":401,"success":false,"message":"Unauthorized"}
2025-09-15 10:55:21 [ERROR]: GET /user/me | STATUS: Unauthorized | MESSAGE: {"statusCode":401,"success":false,"message":"Unauthorized"}
2025-09-16 00:08:30 [ERROR]: POST /auth/login | STATUS: Invalid password | MESSAGE: {"statusCode":401,"success":false,"message":"Invalid password"}
2025-09-16 00:57:40 [ERROR]: GET /payment/availability | STATUS: 
Invalid `prisma.tenants.findUnique()` invocation in
/Users/Farizkey/Documents/Purwadhika - JCWDOL 020 /Property-Renting-Web-App/backend/src/controllers/transaction/tenant/tenant-tx.controller.ts:340:49

  337   );
  338 }
  339 
→ 340 const tenantRecord = await prisma.tenants.findUnique({
        where: {
          user_id: undefined,
      ?   id?: String,
      ?   AND?: tenantsWhereInput | tenantsWhereInput[],
      ?   OR?: tenantsWhereInput[],
      ?   NOT?: tenantsWhereInput | tenantsWhereInput[],
      ?   company_name?: StringFilter | String,
      ?   address?: StringFilter | String,
      ?   phone_number?: StringFilter | String,
      ?   logo?: StringNullableFilter | String | Null,
      ?   created_at?: DateTimeFilter | DateTime,
      ?   updated_at?: DateTimeFilter | DateTime,
      ?   properties?: PropertiesListRelationFilter,
      ?   user?: UsersScalarRelationFilter | usersWhereInput
        },
        select: {
          id: true
        }
      })

Argument `where` of type tenantsWhereUniqueInput needs at least one of `id` or `user_id` arguments. Available options are marked with ?. | MESSAGE: {"name":"PrismaClientValidationError","clientVersion":"6.13.0"}
2025-09-16 00:57:57 [ERROR]: GET /payment/availability | STATUS: 
Invalid `prisma.tenants.findUnique()` invocation in
/Users/Farizkey/Documents/Purwadhika - JCWDOL 020 /Property-Renting-Web-App/backend/src/controllers/transaction/tenant/tenant-tx.controller.ts:340:49

  337   );
  338 }
  339 
→ 340 const tenantRecord = await prisma.tenants.findUnique({
        where: {
          user_id: undefined,
      ?   id?: String,
      ?   AND?: tenantsWhereInput | tenantsWhereInput[],
      ?   OR?: tenantsWhereInput[],
      ?   NOT?: tenantsWhereInput | tenantsWhereInput[],
      ?   company_name?: StringFilter | String,
      ?   address?: StringFilter | String,
      ?   phone_number?: StringFilter | String,
      ?   logo?: StringNullableFilter | String | Null,
      ?   created_at?: DateTimeFilter | DateTime,
      ?   updated_at?: DateTimeFilter | DateTime,
      ?   properties?: PropertiesListRelationFilter,
      ?   user?: UsersScalarRelationFilter | usersWhereInput
        },
        select: {
          id: true
        }
      })

Argument `where` of type tenantsWhereUniqueInput needs at least one of `id` or `user_id` arguments. Available options are marked with ?. | MESSAGE: {"name":"PrismaClientValidationError","clientVersion":"6.13.0"}
2025-09-16 00:57:57 [ERROR]: GET /payment/availability | STATUS: 
Invalid `prisma.tenants.findUnique()` invocation in
/Users/Farizkey/Documents/Purwadhika - JCWDOL 020 /Property-Renting-Web-App/backend/src/controllers/transaction/tenant/tenant-tx.controller.ts:340:49

  337   );
  338 }
  339 
→ 340 const tenantRecord = await prisma.tenants.findUnique({
        where: {
          user_id: undefined,
      ?   id?: String,
      ?   AND?: tenantsWhereInput | tenantsWhereInput[],
      ?   OR?: tenantsWhereInput[],
      ?   NOT?: tenantsWhereInput | tenantsWhereInput[],
      ?   company_name?: StringFilter | String,
      ?   address?: StringFilter | String,
      ?   phone_number?: StringFilter | String,
      ?   logo?: StringNullableFilter | String | Null,
      ?   created_at?: DateTimeFilter | DateTime,
      ?   updated_at?: DateTimeFilter | DateTime,
      ?   properties?: PropertiesListRelationFilter,
      ?   user?: UsersScalarRelationFilter | usersWhereInput
        },
        select: {
          id: true
        }
      })

Argument `where` of type tenantsWhereUniqueInput needs at least one of `id` or `user_id` arguments. Available options are marked with ?. | MESSAGE: {"name":"PrismaClientValidationError","clientVersion":"6.13.0"}
2025-09-16 00:58:36 [ERROR]: GET /payment/availability | STATUS: 
Invalid `prisma.tenants.findUnique()` invocation in
/Users/Farizkey/Documents/Purwadhika - JCWDOL 020 /Property-Renting-Web-App/backend/src/controllers/transaction/tenant/tenant-tx.controller.ts:340:49

  337   );
  338 }
  339 
→ 340 const tenantRecord = await prisma.tenants.findUnique({
        where: {
          user_id: undefined,
      ?   id?: String,
      ?   AND?: tenantsWhereInput | tenantsWhereInput[],
      ?   OR?: tenantsWhereInput[],
      ?   NOT?: tenantsWhereInput | tenantsWhereInput[],
      ?   company_name?: StringFilter | String,
      ?   address?: StringFilter | String,
      ?   phone_number?: StringFilter | String,
      ?   logo?: StringNullableFilter | String | Null,
      ?   created_at?: DateTimeFilter | DateTime,
      ?   updated_at?: DateTimeFilter | DateTime,
      ?   properties?: PropertiesListRelationFilter,
      ?   user?: UsersScalarRelationFilter | usersWhereInput
        },
        select: {
          id: true
        }
      })

Argument `where` of type tenantsWhereUniqueInput needs at least one of `id` or `user_id` arguments. Available options are marked with ?. | MESSAGE: {"name":"PrismaClientValidationError","clientVersion":"6.13.0"}
2025-09-16 00:58:37 [ERROR]: GET /payment/availability | STATUS: 
Invalid `prisma.tenants.findUnique()` invocation in
/Users/Farizkey/Documents/Purwadhika - JCWDOL 020 /Property-Renting-Web-App/backend/src/controllers/transaction/tenant/tenant-tx.controller.ts:340:49

  337   );
  338 }
  339 
→ 340 const tenantRecord = await prisma.tenants.findUnique({
        where: {
          user_id: undefined,
      ?   id?: String,
      ?   AND?: tenantsWhereInput | tenantsWhereInput[],
      ?   OR?: tenantsWhereInput[],
      ?   NOT?: tenantsWhereInput | tenantsWhereInput[],
      ?   company_name?: StringFilter | String,
      ?   address?: StringFilter | String,
      ?   phone_number?: StringFilter | String,
      ?   logo?: StringNullableFilter | String | Null,
      ?   created_at?: DateTimeFilter | DateTime,
      ?   updated_at?: DateTimeFilter | DateTime,
      ?   properties?: PropertiesListRelationFilter,
      ?   user?: UsersScalarRelationFilter | usersWhereInput
        },
        select: {
          id: true
        }
      })

Argument `where` of type tenantsWhereUniqueInput needs at least one of `id` or `user_id` arguments. Available options are marked with ?. | MESSAGE: {"name":"PrismaClientValidationError","clientVersion":"6.13.0"}
2025-09-16 14:31:48 [ERROR]: POST /auth/logout | STATUS: Unauthorized | MESSAGE: {"statusCode":401,"success":false,"message":"Unauthorized"}
2025-09-16 14:31:50 [ERROR]: GET /user/me | STATUS: Unauthorized | MESSAGE: {"statusCode":401,"success":false,"message":"Unauthorized"}
2025-09-16 14:56:14 [ERROR]: GET /user/me | STATUS: Unauthorized | MESSAGE: {"statusCode":401,"success":false,"message":"Unauthorized"}

Please make sure your database server is running at `aws-0-us-west-1.pooler.supabase.com:6543`. | MESSAGE: {"clientVersion":"6.13.0","name":"PrismaClientInitializationError"}
2025-09-16 17:09:58 [ERROR]: GET /user/me | STATUS: Unauthorized | MESSAGE: {"statusCode":401,"success":false,"message":"Unauthorized"}
2025-09-16 17:10:28 [ERROR]: GET /user/me | STATUS: Unauthorized | MESSAGE: {"statusCode":401,"success":false,"message":"Unauthorized"}
2025-09-16 17:12:23 [ERROR]: GET /user/me | STATUS: Unauthorized | MESSAGE: {"statusCode":401,"success":false,"message":"Unauthorized"}
2025-09-16 17:12:51 [ERROR]: GET /user/me | STATUS: Unauthorized | MESSAGE: {"statusCode":401,"success":false,"message":"Unauthorized"}
2025-09-16 18:33:24 [ERROR]: GET /user/me | STATUS: Unauthorized | MESSAGE: {"statusCode":401,"success":false,"message":"Unauthorized"}

2025-09-11 11:08:58 [ERROR]: GET /user/me | STATUS: Unauthorized | MESSAGE: {"statusCode":401,"success":false,"message":"Unauthorized"}
2025-09-11 11:10:06 [ERROR]: GET /user/me | STATUS: Unauthorized | MESSAGE: {"statusCode":401,"success":false,"message":"Unauthorized"}
2025-09-12 10:06:41 [ERROR]: GET /user/me | STATUS: Unauthorized | MESSAGE: {"statusCode":401,"success":false,"message":"Unauthorized"}
2025-09-12 10:25:16 [ERROR]: GET /user/me | STATUS: Unauthorized | MESSAGE: {"statusCode":401,"success":false,"message":"Unauthorized"}
2025-09-12 11:38:48 [ERROR]: GET /property/eaf4b11b-8dfe-492f-a422-76ca555d9ccd/reviews | STATUS: 
Invalid `prisma.properties.findUnique()` invocation in
/Users/Farizkey/Documents/Purwadhika - JCWDOL 020 /Property-Renting-Web-App/backend/src/controllers/reviews/review.controller.ts:74:27

  71 );
  72 
  73 const [propertyData, totalReviews] = await Promise.all([
→ 74   prisma.properties.findUnique({
         where: {
           id: undefined,
       ?   AND?: propertiesWhereInput | propertiesWhereInput[],
       ?   OR?: propertiesWhereInput[],
       ?   NOT?: propertiesWhereInput | propertiesWhereInput[],
       ?   tenant_id?: StringFilter | String,
       ?   name?: StringFilter | String,
       ?   description?: StringNullableFilter | String | Null,
       ?   address?: StringFilter | String,
       ?   city?: StringFilter | String,
       ?   province?: StringFilter | String,
       ?   zip_code?: StringFilter | String,
       ?   latitude?: DecimalFilter | Decimal,
       ?   longitude?: DecimalFilter | Decimal,
       ?   main_image?: StringNullableFilter | String | Null,
       ?   created_at?: DateTimeFilter | DateTime,
       ?   updated_at?: DateTimeFilter | DateTime,
       ?   deleted_at?: DateTimeNullableFilter | DateTime | Null,
       ?   property_category?: EnumPropertyCategoryFilter | PropertyCategory,
       ?   bookings?: BookingsListRelationFilter,
       ?   peak_season_rates?: Peak_season_ratesListRelationFilter,
       ?   tenant?: TenantsScalarRelationFilter | tenantsWhereInput,
       ?   property_images?: Property_imagesListRelationFilter,
       ?   reviews?: ReviewsListRelationFilter,
       ?   rooms?: RoomsListRelationFilter
         },
         include: {
           reviews: {
             take: 3,
             skip: 0,
             orderBy: {
               created_at: "desc"
             },
             include: {
               user: {
                 select: {
                   full_name: true,
                   profile_picture: true
                 }
               }
             }
           }
         }
       })

Argument `where` of type propertiesWhereUniqueInput needs at least one of `id` arguments. Available options are marked with ?. | MESSAGE: {"name":"PrismaClientValidationError","clientVersion":"6.13.0"}
2025-09-12 11:38:50 [ERROR]: GET /property/eaf4b11b-8dfe-492f-a422-76ca555d9ccd/reviews | STATUS: 
Invalid `prisma.properties.findUnique()` invocation in
/Users/Farizkey/Documents/Purwadhika - JCWDOL 020 /Property-Renting-Web-App/backend/src/controllers/reviews/review.controller.ts:74:27

  71 );
  72 
  73 const [propertyData, totalReviews] = await Promise.all([
→ 74   prisma.properties.findUnique({
         where: {
           id: undefined,
       ?   AND?: propertiesWhereInput | propertiesWhereInput[],
       ?   OR?: propertiesWhereInput[],
       ?   NOT?: propertiesWhereInput | propertiesWhereInput[],
       ?   tenant_id?: StringFilter | String,
       ?   name?: StringFilter | String,
       ?   description?: StringNullableFilter | String | Null,
       ?   address?: StringFilter | String,
       ?   city?: StringFilter | String,
       ?   province?: StringFilter | String,
       ?   zip_code?: StringFilter | String,
       ?   latitude?: DecimalFilter | Decimal,
       ?   longitude?: DecimalFilter | Decimal,
       ?   main_image?: StringNullableFilter | String | Null,
       ?   created_at?: DateTimeFilter | DateTime,
       ?   updated_at?: DateTimeFilter | DateTime,
       ?   deleted_at?: DateTimeNullableFilter | DateTime | Null,
       ?   property_category?: EnumPropertyCategoryFilter | PropertyCategory,
       ?   bookings?: BookingsListRelationFilter,
       ?   peak_season_rates?: Peak_season_ratesListRelationFilter,
       ?   tenant?: TenantsScalarRelationFilter | tenantsWhereInput,
       ?   property_images?: Property_imagesListRelationFilter,
       ?   reviews?: ReviewsListRelationFilter,
       ?   rooms?: RoomsListRelationFilter
         },
         include: {
           reviews: {
             take: 3,
             skip: 0,
             orderBy: {
               created_at: "desc"
             },
             include: {
               user: {
                 select: {
                   full_name: true,
                   profile_picture: true
                 }
               }
             }
           }
         }
       })

Argument `where` of type propertiesWhereUniqueInput needs at least one of `id` arguments. Available options are marked with ?. | MESSAGE: {"name":"PrismaClientValidationError","clientVersion":"6.13.0"}
2025-09-12 11:38:53 [ERROR]: GET /property/eaf4b11b-8dfe-492f-a422-76ca555d9ccd/reviews | STATUS: 
Invalid `prisma.properties.findUnique()` invocation in
/Users/Farizkey/Documents/Purwadhika - JCWDOL 020 /Property-Renting-Web-App/backend/src/controllers/reviews/review.controller.ts:74:27

  71 );
  72 
  73 const [propertyData, totalReviews] = await Promise.all([
→ 74   prisma.properties.findUnique({
         where: {
           id: undefined,
       ?   AND?: propertiesWhereInput | propertiesWhereInput[],
       ?   OR?: propertiesWhereInput[],
       ?   NOT?: propertiesWhereInput | propertiesWhereInput[],
       ?   tenant_id?: StringFilter | String,
       ?   name?: StringFilter | String,
       ?   description?: StringNullableFilter | String | Null,
       ?   address?: StringFilter | String,
       ?   city?: StringFilter | String,
       ?   province?: StringFilter | String,
       ?   zip_code?: StringFilter | String,
       ?   latitude?: DecimalFilter | Decimal,
       ?   longitude?: DecimalFilter | Decimal,
       ?   main_image?: StringNullableFilter | String | Null,
       ?   created_at?: DateTimeFilter | DateTime,
       ?   updated_at?: DateTimeFilter | DateTime,
       ?   deleted_at?: DateTimeNullableFilter | DateTime | Null,
       ?   property_category?: EnumPropertyCategoryFilter | PropertyCategory,
       ?   bookings?: BookingsListRelationFilter,
       ?   peak_season_rates?: Peak_season_ratesListRelationFilter,
       ?   tenant?: TenantsScalarRelationFilter | tenantsWhereInput,
       ?   property_images?: Property_imagesListRelationFilter,
       ?   reviews?: ReviewsListRelationFilter,
       ?   rooms?: RoomsListRelationFilter
         },
         include: {
           reviews: {
             take: 3,
             skip: 0,
             orderBy: {
               created_at: "desc"
             },
             include: {
               user: {
                 select: {
                   full_name: true,
                   profile_picture: true
                 }
               }
             }
           }
         }
       })

Argument `where` of type propertiesWhereUniqueInput needs at least one of `id` arguments. Available options are marked with ?. | MESSAGE: {"name":"PrismaClientValidationError","clientVersion":"6.13.0"}
2025-09-12 11:38:57 [ERROR]: GET /property/eaf4b11b-8dfe-492f-a422-76ca555d9ccd/reviews | STATUS: 
Invalid `prisma.properties.findUnique()` invocation in
/Users/Farizkey/Documents/Purwadhika - JCWDOL 020 /Property-Renting-Web-App/backend/src/controllers/reviews/review.controller.ts:74:27

  71 );
  72 
  73 const [propertyData, totalReviews] = await Promise.all([
→ 74   prisma.properties.findUnique({
         where: {
           id: undefined,
       ?   AND?: propertiesWhereInput | propertiesWhereInput[],
       ?   OR?: propertiesWhereInput[],
       ?   NOT?: propertiesWhereInput | propertiesWhereInput[],
       ?   tenant_id?: StringFilter | String,
       ?   name?: StringFilter | String,
       ?   description?: StringNullableFilter | String | Null,
       ?   address?: StringFilter | String,
       ?   city?: StringFilter | String,
       ?   province?: StringFilter | String,
       ?   zip_code?: StringFilter | String,
       ?   latitude?: DecimalFilter | Decimal,
       ?   longitude?: DecimalFilter | Decimal,
       ?   main_image?: StringNullableFilter | String | Null,
       ?   created_at?: DateTimeFilter | DateTime,
       ?   updated_at?: DateTimeFilter | DateTime,
       ?   deleted_at?: DateTimeNullableFilter | DateTime | Null,
       ?   property_category?: EnumPropertyCategoryFilter | PropertyCategory,
       ?   bookings?: BookingsListRelationFilter,
       ?   peak_season_rates?: Peak_season_ratesListRelationFilter,
       ?   tenant?: TenantsScalarRelationFilter | tenantsWhereInput,
       ?   property_images?: Property_imagesListRelationFilter,
       ?   reviews?: ReviewsListRelationFilter,
       ?   rooms?: RoomsListRelationFilter
         },
         include: {
           reviews: {
             take: 3,
             skip: 0,
             orderBy: {
               created_at: "desc"
             },
             include: {
               user: {
                 select: {
                   full_name: true,
                   profile_picture: true
                 }
               }
             }
           }
         }
       })

Argument `where` of type propertiesWhereUniqueInput needs at least one of `id` arguments. Available options are marked with ?. | MESSAGE: {"name":"PrismaClientValidationError","clientVersion":"6.13.0"}
2025-09-12 11:39:17 [ERROR]: GET /property/30b7c57f-fe6f-4c5c-9936-94c689517762/reviews | STATUS: 
Invalid `prisma.properties.findUnique()` invocation in
/Users/Farizkey/Documents/Purwadhika - JCWDOL 020 /Property-Renting-Web-App/backend/src/controllers/reviews/review.controller.ts:74:27

  71 );
  72 
  73 const [propertyData, totalReviews] = await Promise.all([
→ 74   prisma.properties.findUnique({
         where: {
           id: undefined,
       ?   AND?: propertiesWhereInput | propertiesWhereInput[],
       ?   OR?: propertiesWhereInput[],
       ?   NOT?: propertiesWhereInput | propertiesWhereInput[],
       ?   tenant_id?: StringFilter | String,
       ?   name?: StringFilter | String,
       ?   description?: StringNullableFilter | String | Null,
       ?   address?: StringFilter | String,
       ?   city?: StringFilter | String,
       ?   province?: StringFilter | String,
       ?   zip_code?: StringFilter | String,
       ?   latitude?: DecimalFilter | Decimal,
       ?   longitude?: DecimalFilter | Decimal,
       ?   main_image?: StringNullableFilter | String | Null,
       ?   created_at?: DateTimeFilter | DateTime,
       ?   updated_at?: DateTimeFilter | DateTime,
       ?   deleted_at?: DateTimeNullableFilter | DateTime | Null,
       ?   property_category?: EnumPropertyCategoryFilter | PropertyCategory,
       ?   bookings?: BookingsListRelationFilter,
       ?   peak_season_rates?: Peak_season_ratesListRelationFilter,
       ?   tenant?: TenantsScalarRelationFilter | tenantsWhereInput,
       ?   property_images?: Property_imagesListRelationFilter,
       ?   reviews?: ReviewsListRelationFilter,
       ?   rooms?: RoomsListRelationFilter
         },
         include: {
           reviews: {
             take: 3,
             skip: 0,
             orderBy: {
               created_at: "desc"
             },
             include: {
               user: {
                 select: {
                   full_name: true,
                   profile_picture: true
                 }
               }
             }
           }
         }
       })

Argument `where` of type propertiesWhereUniqueInput needs at least one of `id` arguments. Available options are marked with ?. | MESSAGE: {"name":"PrismaClientValidationError","clientVersion":"6.13.0"}
2025-09-12 11:39:18 [ERROR]: GET /property/30b7c57f-fe6f-4c5c-9936-94c689517762/reviews | STATUS: 
Invalid `prisma.properties.findUnique()` invocation in
/Users/Farizkey/Documents/Purwadhika - JCWDOL 020 /Property-Renting-Web-App/backend/src/controllers/reviews/review.controller.ts:74:27

  71 );
  72 
  73 const [propertyData, totalReviews] = await Promise.all([
→ 74   prisma.properties.findUnique({
         where: {
           id: undefined,
       ?   AND?: propertiesWhereInput | propertiesWhereInput[],
       ?   OR?: propertiesWhereInput[],
       ?   NOT?: propertiesWhereInput | propertiesWhereInput[],
       ?   tenant_id?: StringFilter | String,
       ?   name?: StringFilter | String,
       ?   description?: StringNullableFilter | String | Null,
       ?   address?: StringFilter | String,
       ?   city?: StringFilter | String,
       ?   province?: StringFilter | String,
       ?   zip_code?: StringFilter | String,
       ?   latitude?: DecimalFilter | Decimal,
       ?   longitude?: DecimalFilter | Decimal,
       ?   main_image?: StringNullableFilter | String | Null,
       ?   created_at?: DateTimeFilter | DateTime,
       ?   updated_at?: DateTimeFilter | DateTime,
       ?   deleted_at?: DateTimeNullableFilter | DateTime | Null,
       ?   property_category?: EnumPropertyCategoryFilter | PropertyCategory,
       ?   bookings?: BookingsListRelationFilter,
       ?   peak_season_rates?: Peak_season_ratesListRelationFilter,
       ?   tenant?: TenantsScalarRelationFilter | tenantsWhereInput,
       ?   property_images?: Property_imagesListRelationFilter,
       ?   reviews?: ReviewsListRelationFilter,
       ?   rooms?: RoomsListRelationFilter
         },
         include: {
           reviews: {
             take: 3,
             skip: 0,
             orderBy: {
               created_at: "desc"
             },
             include: {
               user: {
                 select: {
                   full_name: true,
                   profile_picture: true
                 }
               }
             }
           }
         }
       })

Argument `where` of type propertiesWhereUniqueInput needs at least one of `id` arguments. Available options are marked with ?. | MESSAGE: {"name":"PrismaClientValidationError","clientVersion":"6.13.0"}
2025-09-12 11:39:20 [ERROR]: GET /property/30b7c57f-fe6f-4c5c-9936-94c689517762/reviews | STATUS: 
Invalid `prisma.properties.findUnique()` invocation in
/Users/Farizkey/Documents/Purwadhika - JCWDOL 020 /Property-Renting-Web-App/backend/src/controllers/reviews/review.controller.ts:74:27

  71 );
  72 
  73 const [propertyData, totalReviews] = await Promise.all([
→ 74   prisma.properties.findUnique({
         where: {
           id: undefined,
       ?   AND?: propertiesWhereInput | propertiesWhereInput[],
       ?   OR?: propertiesWhereInput[],
       ?   NOT?: propertiesWhereInput | propertiesWhereInput[],
       ?   tenant_id?: StringFilter | String,
       ?   name?: StringFilter | String,
       ?   description?: StringNullableFilter | String | Null,
       ?   address?: StringFilter | String,
       ?   city?: StringFilter | String,
       ?   province?: StringFilter | String,
       ?   zip_code?: StringFilter | String,
       ?   latitude?: DecimalFilter | Decimal,
       ?   longitude?: DecimalFilter | Decimal,
       ?   main_image?: StringNullableFilter | String | Null,
       ?   created_at?: DateTimeFilter | DateTime,
       ?   updated_at?: DateTimeFilter | DateTime,
       ?   deleted_at?: DateTimeNullableFilter | DateTime | Null,
       ?   property_category?: EnumPropertyCategoryFilter | PropertyCategory,
       ?   bookings?: BookingsListRelationFilter,
       ?   peak_season_rates?: Peak_season_ratesListRelationFilter,
       ?   tenant?: TenantsScalarRelationFilter | tenantsWhereInput,
       ?   property_images?: Property_imagesListRelationFilter,
       ?   reviews?: ReviewsListRelationFilter,
       ?   rooms?: RoomsListRelationFilter
         },
         include: {
           reviews: {
             take: 3,
             skip: 0,
             orderBy: {
               created_at: "desc"
             },
             include: {
               user: {
                 select: {
                   full_name: true,
                   profile_picture: true
                 }
               }
             }
           }
         }
       })

Argument `where` of type propertiesWhereUniqueInput needs at least one of `id` arguments. Available options are marked with ?. | MESSAGE: {"name":"PrismaClientValidationError","clientVersion":"6.13.0"}
2025-09-12 11:39:24 [ERROR]: GET /property/30b7c57f-fe6f-4c5c-9936-94c689517762/reviews | STATUS: 
Invalid `prisma.properties.findUnique()` invocation in
/Users/Farizkey/Documents/Purwadhika - JCWDOL 020 /Property-Renting-Web-App/backend/src/controllers/reviews/review.controller.ts:74:27

  71 );
  72 
  73 const [propertyData, totalReviews] = await Promise.all([
→ 74   prisma.properties.findUnique({
         where: {
           id: undefined,
       ?   AND?: propertiesWhereInput | propertiesWhereInput[],
       ?   OR?: propertiesWhereInput[],
       ?   NOT?: propertiesWhereInput | propertiesWhereInput[],
       ?   tenant_id?: StringFilter | String,
       ?   name?: StringFilter | String,
       ?   description?: StringNullableFilter | String | Null,
       ?   address?: StringFilter | String,
       ?   city?: StringFilter | String,
       ?   province?: StringFilter | String,
       ?   zip_code?: StringFilter | String,
       ?   latitude?: DecimalFilter | Decimal,
       ?   longitude?: DecimalFilter | Decimal,
       ?   main_image?: StringNullableFilter | String | Null,
       ?   created_at?: DateTimeFilter | DateTime,
       ?   updated_at?: DateTimeFilter | DateTime,
       ?   deleted_at?: DateTimeNullableFilter | DateTime | Null,
       ?   property_category?: EnumPropertyCategoryFilter | PropertyCategory,
       ?   bookings?: BookingsListRelationFilter,
       ?   peak_season_rates?: Peak_season_ratesListRelationFilter,
       ?   tenant?: TenantsScalarRelationFilter | tenantsWhereInput,
       ?   property_images?: Property_imagesListRelationFilter,
       ?   reviews?: ReviewsListRelationFilter,
       ?   rooms?: RoomsListRelationFilter
         },
         include: {
           reviews: {
             take: 3,
             skip: 0,
             orderBy: {
               created_at: "desc"
             },
             include: {
               user: {
                 select: {
                   full_name: true,
                   profile_picture: true
                 }
               }
             }
           }
         }
       })

Argument `where` of type propertiesWhereUniqueInput needs at least one of `id` arguments. Available options are marked with ?. | MESSAGE: {"name":"PrismaClientValidationError","clientVersion":"6.13.0"}
2025-09-12 11:41:03 [ERROR]: GET /user/me | STATUS: Unauthorized | MESSAGE: {"statusCode":401,"success":false,"message":"Unauthorized"}
2025-09-12 11:41:15 [ERROR]: GET /property/30b7c57f-fe6f-4c5c-9936-94c689517762/reviews | STATUS: 
Invalid `prisma.properties.findUnique()` invocation in
/Users/Farizkey/Documents/Purwadhika - JCWDOL 020 /Property-Renting-Web-App/backend/src/controllers/reviews/review.controller.ts:74:27

  71 );
  72 
  73 const [propertyData, totalReviews] = await Promise.all([
→ 74   prisma.properties.findUnique({
         where: {
           id: undefined,
       ?   AND?: propertiesWhereInput | propertiesWhereInput[],
       ?   OR?: propertiesWhereInput[],
       ?   NOT?: propertiesWhereInput | propertiesWhereInput[],
       ?   tenant_id?: StringFilter | String,
       ?   name?: StringFilter | String,
       ?   description?: StringNullableFilter | String | Null,
       ?   address?: StringFilter | String,
       ?   city?: StringFilter | String,
       ?   province?: StringFilter | String,
       ?   zip_code?: StringFilter | String,
       ?   latitude?: DecimalFilter | Decimal,
       ?   longitude?: DecimalFilter | Decimal,
       ?   main_image?: StringNullableFilter | String | Null,
       ?   created_at?: DateTimeFilter | DateTime,
       ?   updated_at?: DateTimeFilter | DateTime,
       ?   deleted_at?: DateTimeNullableFilter | DateTime | Null,
       ?   property_category?: EnumPropertyCategoryFilter | PropertyCategory,
       ?   bookings?: BookingsListRelationFilter,
       ?   peak_season_rates?: Peak_season_ratesListRelationFilter,
       ?   tenant?: TenantsScalarRelationFilter | tenantsWhereInput,
       ?   property_images?: Property_imagesListRelationFilter,
       ?   reviews?: ReviewsListRelationFilter,
       ?   rooms?: RoomsListRelationFilter
         },
         include: {
           reviews: {
             take: 3,
             skip: 0,
             orderBy: {
               created_at: "desc"
             },
             include: {
               user: {
                 select: {
                   full_name: true,
                   profile_picture: true
                 }
               }
             }
           }
         }
       })

Argument `where` of type propertiesWhereUniqueInput needs at least one of `id` arguments. Available options are marked with ?. | MESSAGE: {"name":"PrismaClientValidationError","clientVersion":"6.13.0"}
2025-09-12 11:41:16 [ERROR]: GET /property/30b7c57f-fe6f-4c5c-9936-94c689517762/reviews | STATUS: 
Invalid `prisma.properties.findUnique()` invocation in
/Users/Farizkey/Documents/Purwadhika - JCWDOL 020 /Property-Renting-Web-App/backend/src/controllers/reviews/review.controller.ts:74:27

  71 );
  72 
  73 const [propertyData, totalReviews] = await Promise.all([
→ 74   prisma.properties.findUnique({
         where: {
           id: undefined,
       ?   AND?: propertiesWhereInput | propertiesWhereInput[],
       ?   OR?: propertiesWhereInput[],
       ?   NOT?: propertiesWhereInput | propertiesWhereInput[],
       ?   tenant_id?: StringFilter | String,
       ?   name?: StringFilter | String,
       ?   description?: StringNullableFilter | String | Null,
       ?   address?: StringFilter | String,
       ?   city?: StringFilter | String,
       ?   province?: StringFilter | String,
       ?   zip_code?: StringFilter | String,
       ?   latitude?: DecimalFilter | Decimal,
       ?   longitude?: DecimalFilter | Decimal,
       ?   main_image?: StringNullableFilter | String | Null,
       ?   created_at?: DateTimeFilter | DateTime,
       ?   updated_at?: DateTimeFilter | DateTime,
       ?   deleted_at?: DateTimeNullableFilter | DateTime | Null,
       ?   property_category?: EnumPropertyCategoryFilter | PropertyCategory,
       ?   bookings?: BookingsListRelationFilter,
       ?   peak_season_rates?: Peak_season_ratesListRelationFilter,
       ?   tenant?: TenantsScalarRelationFilter | tenantsWhereInput,
       ?   property_images?: Property_imagesListRelationFilter,
       ?   reviews?: ReviewsListRelationFilter,
       ?   rooms?: RoomsListRelationFilter
         },
         include: {
           reviews: {
             take: 3,
             skip: 0,
             orderBy: {
               created_at: "desc"
             },
             include: {
               user: {
                 select: {
                   full_name: true,
                   profile_picture: true
                 }
               }
             }
           }
         }
       })

Argument `where` of type propertiesWhereUniqueInput needs at least one of `id` arguments. Available options are marked with ?. | MESSAGE: {"name":"PrismaClientValidationError","clientVersion":"6.13.0"}
2025-09-12 11:41:18 [ERROR]: GET /property/30b7c57f-fe6f-4c5c-9936-94c689517762/reviews | STATUS: 
Invalid `prisma.properties.findUnique()` invocation in
/Users/Farizkey/Documents/Purwadhika - JCWDOL 020 /Property-Renting-Web-App/backend/src/controllers/reviews/review.controller.ts:74:27

  71 );
  72 
  73 const [propertyData, totalReviews] = await Promise.all([
→ 74   prisma.properties.findUnique({
         where: {
           id: undefined,
       ?   AND?: propertiesWhereInput | propertiesWhereInput[],
       ?   OR?: propertiesWhereInput[],
       ?   NOT?: propertiesWhereInput | propertiesWhereInput[],
       ?   tenant_id?: StringFilter | String,
       ?   name?: StringFilter | String,
       ?   description?: StringNullableFilter | String | Null,
       ?   address?: StringFilter | String,
       ?   city?: StringFilter | String,
       ?   province?: StringFilter | String,
       ?   zip_code?: StringFilter | String,
       ?   latitude?: DecimalFilter | Decimal,
       ?   longitude?: DecimalFilter | Decimal,
       ?   main_image?: StringNullableFilter | String | Null,
       ?   created_at?: DateTimeFilter | DateTime,
       ?   updated_at?: DateTimeFilter | DateTime,
       ?   deleted_at?: DateTimeNullableFilter | DateTime | Null,
       ?   property_category?: EnumPropertyCategoryFilter | PropertyCategory,
       ?   bookings?: BookingsListRelationFilter,
       ?   peak_season_rates?: Peak_season_ratesListRelationFilter,
       ?   tenant?: TenantsScalarRelationFilter | tenantsWhereInput,
       ?   property_images?: Property_imagesListRelationFilter,
       ?   reviews?: ReviewsListRelationFilter,
       ?   rooms?: RoomsListRelationFilter
         },
         include: {
           reviews: {
             take: 3,
             skip: 0,
             orderBy: {
               created_at: "desc"
             },
             include: {
               user: {
                 select: {
                   full_name: true,
                   profile_picture: true
                 }
               }
             }
           }
         }
       })

Argument `where` of type propertiesWhereUniqueInput needs at least one of `id` arguments. Available options are marked with ?. | MESSAGE: {"name":"PrismaClientValidationError","clientVersion":"6.13.0"}
2025-09-12 11:41:22 [ERROR]: GET /property/30b7c57f-fe6f-4c5c-9936-94c689517762/reviews | STATUS: 
Invalid `prisma.properties.findUnique()` invocation in
/Users/Farizkey/Documents/Purwadhika - JCWDOL 020 /Property-Renting-Web-App/backend/src/controllers/reviews/review.controller.ts:74:27

  71 );
  72 
  73 const [propertyData, totalReviews] = await Promise.all([
→ 74   prisma.properties.findUnique({
         where: {
           id: undefined,
       ?   AND?: propertiesWhereInput | propertiesWhereInput[],
       ?   OR?: propertiesWhereInput[],
       ?   NOT?: propertiesWhereInput | propertiesWhereInput[],
       ?   tenant_id?: StringFilter | String,
       ?   name?: StringFilter | String,
       ?   description?: StringNullableFilter | String | Null,
       ?   address?: StringFilter | String,
       ?   city?: StringFilter | String,
       ?   province?: StringFilter | String,
       ?   zip_code?: StringFilter | String,
       ?   latitude?: DecimalFilter | Decimal,
       ?   longitude?: DecimalFilter | Decimal,
       ?   main_image?: StringNullableFilter | String | Null,
       ?   created_at?: DateTimeFilter | DateTime,
       ?   updated_at?: DateTimeFilter | DateTime,
       ?   deleted_at?: DateTimeNullableFilter | DateTime | Null,
       ?   property_category?: EnumPropertyCategoryFilter | PropertyCategory,
       ?   bookings?: BookingsListRelationFilter,
       ?   peak_season_rates?: Peak_season_ratesListRelationFilter,
       ?   tenant?: TenantsScalarRelationFilter | tenantsWhereInput,
       ?   property_images?: Property_imagesListRelationFilter,
       ?   reviews?: ReviewsListRelationFilter,
       ?   rooms?: RoomsListRelationFilter
         },
         include: {
           reviews: {
             take: 3,
             skip: 0,
             orderBy: {
               created_at: "desc"
             },
             include: {
               user: {
                 select: {
                   full_name: true,
                   profile_picture: true
                 }
               }
             }
           }
         }
       })

Argument `where` of type propertiesWhereUniqueInput needs at least one of `id` arguments. Available options are marked with ?. | MESSAGE: {"name":"PrismaClientValidationError","clientVersion":"6.13.0"}
2025-09-12 11:41:50 [ERROR]: GET /property/30b7c57f-fe6f-4c5c-9936-94c689517762/reviews | STATUS: 
Invalid `prisma.properties.findUnique()` invocation in
/Users/Farizkey/Documents/Purwadhika - JCWDOL 020 /Property-Renting-Web-App/backend/src/controllers/reviews/review.controller.ts:74:27

  71 );
  72 
  73 const [propertyData, totalReviews] = await Promise.all([
→ 74   prisma.properties.findUnique({
         where: {
           id: undefined,
       ?   AND?: propertiesWhereInput | propertiesWhereInput[],
       ?   OR?: propertiesWhereInput[],
       ?   NOT?: propertiesWhereInput | propertiesWhereInput[],
       ?   tenant_id?: StringFilter | String,
       ?   name?: StringFilter | String,
       ?   description?: StringNullableFilter | String | Null,
       ?   address?: StringFilter | String,
       ?   city?: StringFilter | String,
       ?   province?: StringFilter | String,
       ?   zip_code?: StringFilter | String,
       ?   latitude?: DecimalFilter | Decimal,
       ?   longitude?: DecimalFilter | Decimal,
       ?   main_image?: StringNullableFilter | String | Null,
       ?   created_at?: DateTimeFilter | DateTime,
       ?   updated_at?: DateTimeFilter | DateTime,
       ?   deleted_at?: DateTimeNullableFilter | DateTime | Null,
       ?   property_category?: EnumPropertyCategoryFilter | PropertyCategory,
       ?   bookings?: BookingsListRelationFilter,
       ?   peak_season_rates?: Peak_season_ratesListRelationFilter,
       ?   tenant?: TenantsScalarRelationFilter | tenantsWhereInput,
       ?   property_images?: Property_imagesListRelationFilter,
       ?   reviews?: ReviewsListRelationFilter,
       ?   rooms?: RoomsListRelationFilter
         },
         include: {
           reviews: {
             take: 3,
             skip: 0,
             orderBy: {
               created_at: "desc"
             },
             include: {
               user: {
                 select: {
                   full_name: true,
                   profile_picture: true
                 }
               }
             }
           }
         }
       })

Argument `where` of type propertiesWhereUniqueInput needs at least one of `id` arguments. Available options are marked with ?. | MESSAGE: {"name":"PrismaClientValidationError","clientVersion":"6.13.0"}
2025-09-12 11:41:52 [ERROR]: GET /property/30b7c57f-fe6f-4c5c-9936-94c689517762/reviews | STATUS: 
Invalid `prisma.properties.findUnique()` invocation in
/Users/Farizkey/Documents/Purwadhika - JCWDOL 020 /Property-Renting-Web-App/backend/src/controllers/reviews/review.controller.ts:74:27

  71 );
  72 
  73 const [propertyData, totalReviews] = await Promise.all([
→ 74   prisma.properties.findUnique({
         where: {
           id: undefined,
       ?   AND?: propertiesWhereInput | propertiesWhereInput[],
       ?   OR?: propertiesWhereInput[],
       ?   NOT?: propertiesWhereInput | propertiesWhereInput[],
       ?   tenant_id?: StringFilter | String,
       ?   name?: StringFilter | String,
       ?   description?: StringNullableFilter | String | Null,
       ?   address?: StringFilter | String,
       ?   city?: StringFilter | String,
       ?   province?: StringFilter | String,
       ?   zip_code?: StringFilter | String,
       ?   latitude?: DecimalFilter | Decimal,
       ?   longitude?: DecimalFilter | Decimal,
       ?   main_image?: StringNullableFilter | String | Null,
       ?   created_at?: DateTimeFilter | DateTime,
       ?   updated_at?: DateTimeFilter | DateTime,
       ?   deleted_at?: DateTimeNullableFilter | DateTime | Null,
       ?   property_category?: EnumPropertyCategoryFilter | PropertyCategory,
       ?   bookings?: BookingsListRelationFilter,
       ?   peak_season_rates?: Peak_season_ratesListRelationFilter,
       ?   tenant?: TenantsScalarRelationFilter | tenantsWhereInput,
       ?   property_images?: Property_imagesListRelationFilter,
       ?   reviews?: ReviewsListRelationFilter,
       ?   rooms?: RoomsListRelationFilter
         },
         include: {
           reviews: {
             take: 3,
             skip: 0,
             orderBy: {
               created_at: "desc"
             },
             include: {
               user: {
                 select: {
                   full_name: true,
                   profile_picture: true
                 }
               }
             }
           }
         }
       })

Argument `where` of type propertiesWhereUniqueInput needs at least one of `id` arguments. Available options are marked with ?. | MESSAGE: {"name":"PrismaClientValidationError","clientVersion":"6.13.0"}
2025-09-12 11:41:54 [ERROR]: GET /property/30b7c57f-fe6f-4c5c-9936-94c689517762/reviews | STATUS: 
Invalid `prisma.properties.findUnique()` invocation in
/Users/Farizkey/Documents/Purwadhika - JCWDOL 020 /Property-Renting-Web-App/backend/src/controllers/reviews/review.controller.ts:74:27

  71 );
  72 
  73 const [propertyData, totalReviews] = await Promise.all([
→ 74   prisma.properties.findUnique({
         where: {
           id: undefined,
       ?   AND?: propertiesWhereInput | propertiesWhereInput[],
       ?   OR?: propertiesWhereInput[],
       ?   NOT?: propertiesWhereInput | propertiesWhereInput[],
       ?   tenant_id?: StringFilter | String,
       ?   name?: StringFilter | String,
       ?   description?: StringNullableFilter | String | Null,
       ?   address?: StringFilter | String,
       ?   city?: StringFilter | String,
       ?   province?: StringFilter | String,
       ?   zip_code?: StringFilter | String,
       ?   latitude?: DecimalFilter | Decimal,
       ?   longitude?: DecimalFilter | Decimal,
       ?   main_image?: StringNullableFilter | String | Null,
       ?   created_at?: DateTimeFilter | DateTime,
       ?   updated_at?: DateTimeFilter | DateTime,
       ?   deleted_at?: DateTimeNullableFilter | DateTime | Null,
       ?   property_category?: EnumPropertyCategoryFilter | PropertyCategory,
       ?   bookings?: BookingsListRelationFilter,
       ?   peak_season_rates?: Peak_season_ratesListRelationFilter,
       ?   tenant?: TenantsScalarRelationFilter | tenantsWhereInput,
       ?   property_images?: Property_imagesListRelationFilter,
       ?   reviews?: ReviewsListRelationFilter,
       ?   rooms?: RoomsListRelationFilter
         },
         include: {
           reviews: {
             take: 3,
             skip: 0,
             orderBy: {
               created_at: "desc"
             },
             include: {
               user: {
                 select: {
                   full_name: true,
                   profile_picture: true
                 }
               }
             }
           }
         }
       })

Argument `where` of type propertiesWhereUniqueInput needs at least one of `id` arguments. Available options are marked with ?. | MESSAGE: {"name":"PrismaClientValidationError","clientVersion":"6.13.0"}
2025-09-12 11:41:57 [ERROR]: GET /user/me | STATUS: Unauthorized | MESSAGE: {"statusCode":401,"success":false,"message":"Unauthorized"}
2025-09-12 11:42:02 [ERROR]: GET /property/30b7c57f-fe6f-4c5c-9936-94c689517762/reviews | STATUS: 
Invalid `prisma.properties.findUnique()` invocation in
/Users/Farizkey/Documents/Purwadhika - JCWDOL 020 /Property-Renting-Web-App/backend/src/controllers/reviews/review.controller.ts:74:27

  71 );
  72 
  73 const [propertyData, totalReviews] = await Promise.all([
→ 74   prisma.properties.findUnique({
         where: {
           id: undefined,
       ?   AND?: propertiesWhereInput | propertiesWhereInput[],
       ?   OR?: propertiesWhereInput[],
       ?   NOT?: propertiesWhereInput | propertiesWhereInput[],
       ?   tenant_id?: StringFilter | String,
       ?   name?: StringFilter | String,
       ?   description?: StringNullableFilter | String | Null,
       ?   address?: StringFilter | String,
       ?   city?: StringFilter | String,
       ?   province?: StringFilter | String,
       ?   zip_code?: StringFilter | String,
       ?   latitude?: DecimalFilter | Decimal,
       ?   longitude?: DecimalFilter | Decimal,
       ?   main_image?: StringNullableFilter | String | Null,
       ?   created_at?: DateTimeFilter | DateTime,
       ?   updated_at?: DateTimeFilter | DateTime,
       ?   deleted_at?: DateTimeNullableFilter | DateTime | Null,
       ?   property_category?: EnumPropertyCategoryFilter | PropertyCategory,
       ?   bookings?: BookingsListRelationFilter,
       ?   peak_season_rates?: Peak_season_ratesListRelationFilter,
       ?   tenant?: TenantsScalarRelationFilter | tenantsWhereInput,
       ?   property_images?: Property_imagesListRelationFilter,
       ?   reviews?: ReviewsListRelationFilter,
       ?   rooms?: RoomsListRelationFilter
         },
         include: {
           reviews: {
             take: 3,
             skip: 0,
             orderBy: {
               created_at: "desc"
             },
             include: {
               user: {
                 select: {
                   full_name: true,
                   profile_picture: true
                 }
               }
             }
           }
         }
       })

Argument `where` of type propertiesWhereUniqueInput needs at least one of `id` arguments. Available options are marked with ?. | MESSAGE: {"name":"PrismaClientValidationError","clientVersion":"6.13.0"}
2025-09-12 11:42:03 [ERROR]: GET /property/30b7c57f-fe6f-4c5c-9936-94c689517762/reviews | STATUS: 
Invalid `prisma.properties.findUnique()` invocation in
/Users/Farizkey/Documents/Purwadhika - JCWDOL 020 /Property-Renting-Web-App/backend/src/controllers/reviews/review.controller.ts:74:27

  71 );
  72 
  73 const [propertyData, totalReviews] = await Promise.all([
→ 74   prisma.properties.findUnique({
         where: {
           id: undefined,
       ?   AND?: propertiesWhereInput | propertiesWhereInput[],
       ?   OR?: propertiesWhereInput[],
       ?   NOT?: propertiesWhereInput | propertiesWhereInput[],
       ?   tenant_id?: StringFilter | String,
       ?   name?: StringFilter | String,
       ?   description?: StringNullableFilter | String | Null,
       ?   address?: StringFilter | String,
       ?   city?: StringFilter | String,
       ?   province?: StringFilter | String,
       ?   zip_code?: StringFilter | String,
       ?   latitude?: DecimalFilter | Decimal,
       ?   longitude?: DecimalFilter | Decimal,
       ?   main_image?: StringNullableFilter | String | Null,
       ?   created_at?: DateTimeFilter | DateTime,
       ?   updated_at?: DateTimeFilter | DateTime,
       ?   deleted_at?: DateTimeNullableFilter | DateTime | Null,
       ?   property_category?: EnumPropertyCategoryFilter | PropertyCategory,
       ?   bookings?: BookingsListRelationFilter,
       ?   peak_season_rates?: Peak_season_ratesListRelationFilter,
       ?   tenant?: TenantsScalarRelationFilter | tenantsWhereInput,
       ?   property_images?: Property_imagesListRelationFilter,
       ?   reviews?: ReviewsListRelationFilter,
       ?   rooms?: RoomsListRelationFilter
         },
         include: {
           reviews: {
             take: 3,
             skip: 0,
             orderBy: {
               created_at: "desc"
             },
             include: {
               user: {
                 select: {
                   full_name: true,
                   profile_picture: true
                 }
               }
             }
           }
         }
       })

Argument `where` of type propertiesWhereUniqueInput needs at least one of `id` arguments. Available options are marked with ?. | MESSAGE: {"name":"PrismaClientValidationError","clientVersion":"6.13.0"}
2025-09-12 11:42:06 [ERROR]: GET /property/30b7c57f-fe6f-4c5c-9936-94c689517762/reviews | STATUS: 
Invalid `prisma.properties.findUnique()` invocation in
/Users/Farizkey/Documents/Purwadhika - JCWDOL 020 /Property-Renting-Web-App/backend/src/controllers/reviews/review.controller.ts:74:27

  71 );
  72 
  73 const [propertyData, totalReviews] = await Promise.all([
→ 74   prisma.properties.findUnique({
         where: {
           id: undefined,
       ?   AND?: propertiesWhereInput | propertiesWhereInput[],
       ?   OR?: propertiesWhereInput[],
       ?   NOT?: propertiesWhereInput | propertiesWhereInput[],
       ?   tenant_id?: StringFilter | String,
       ?   name?: StringFilter | String,
       ?   description?: StringNullableFilter | String | Null,
       ?   address?: StringFilter | String,
       ?   city?: StringFilter | String,
       ?   province?: StringFilter | String,
       ?   zip_code?: StringFilter | String,
       ?   latitude?: DecimalFilter | Decimal,
       ?   longitude?: DecimalFilter | Decimal,
       ?   main_image?: StringNullableFilter | String | Null,
       ?   created_at?: DateTimeFilter | DateTime,
       ?   updated_at?: DateTimeFilter | DateTime,
       ?   deleted_at?: DateTimeNullableFilter | DateTime | Null,
       ?   property_category?: EnumPropertyCategoryFilter | PropertyCategory,
       ?   bookings?: BookingsListRelationFilter,
       ?   peak_season_rates?: Peak_season_ratesListRelationFilter,
       ?   tenant?: TenantsScalarRelationFilter | tenantsWhereInput,
       ?   property_images?: Property_imagesListRelationFilter,
       ?   reviews?: ReviewsListRelationFilter,
       ?   rooms?: RoomsListRelationFilter
         },
         include: {
           reviews: {
             take: 3,
             skip: 0,
             orderBy: {
               created_at: "desc"
             },
             include: {
               user: {
                 select: {
                   full_name: true,
                   profile_picture: true
                 }
               }
             }
           }
         }
       })

Argument `where` of type propertiesWhereUniqueInput needs at least one of `id` arguments. Available options are marked with ?. | MESSAGE: {"name":"PrismaClientValidationError","clientVersion":"6.13.0"}
2025-09-12 11:42:10 [ERROR]: GET /property/30b7c57f-fe6f-4c5c-9936-94c689517762/reviews | STATUS: 
Invalid `prisma.properties.findUnique()` invocation in
/Users/Farizkey/Documents/Purwadhika - JCWDOL 020 /Property-Renting-Web-App/backend/src/controllers/reviews/review.controller.ts:74:27

  71 );
  72 
  73 const [propertyData, totalReviews] = await Promise.all([
→ 74   prisma.properties.findUnique({
         where: {
           id: undefined,
       ?   AND?: propertiesWhereInput | propertiesWhereInput[],
       ?   OR?: propertiesWhereInput[],
       ?   NOT?: propertiesWhereInput | propertiesWhereInput[],
       ?   tenant_id?: StringFilter | String,
       ?   name?: StringFilter | String,
       ?   description?: StringNullableFilter | String | Null,
       ?   address?: StringFilter | String,
       ?   city?: StringFilter | String,
       ?   province?: StringFilter | String,
       ?   zip_code?: StringFilter | String,
       ?   latitude?: DecimalFilter | Decimal,
       ?   longitude?: DecimalFilter | Decimal,
       ?   main_image?: StringNullableFilter | String | Null,
       ?   created_at?: DateTimeFilter | DateTime,
       ?   updated_at?: DateTimeFilter | DateTime,
       ?   deleted_at?: DateTimeNullableFilter | DateTime | Null,
       ?   property_category?: EnumPropertyCategoryFilter | PropertyCategory,
       ?   bookings?: BookingsListRelationFilter,
       ?   peak_season_rates?: Peak_season_ratesListRelationFilter,
       ?   tenant?: TenantsScalarRelationFilter | tenantsWhereInput,
       ?   property_images?: Property_imagesListRelationFilter,
       ?   reviews?: ReviewsListRelationFilter,
       ?   rooms?: RoomsListRelationFilter
         },
         include: {
           reviews: {
             take: 3,
             skip: 0,
             orderBy: {
               created_at: "desc"
             },
             include: {
               user: {
                 select: {
                   full_name: true,
                   profile_picture: true
                 }
               }
             }
           }
         }
       })

Argument `where` of type propertiesWhereUniqueInput needs at least one of `id` arguments. Available options are marked with ?. | MESSAGE: {"name":"PrismaClientValidationError","clientVersion":"6.13.0"}
2025-09-12 11:42:15 [ERROR]: GET /property/30b7c57f-fe6f-4c5c-9936-94c689517762/reviews | STATUS: 
Invalid `prisma.properties.findUnique()` invocation in
/Users/Farizkey/Documents/Purwadhika - JCWDOL 020 /Property-Renting-Web-App/backend/src/controllers/reviews/review.controller.ts:74:27

  71 );
  72 
  73 const [propertyData, totalReviews] = await Promise.all([
→ 74   prisma.properties.findUnique({
         where: {
           id: undefined,
       ?   AND?: propertiesWhereInput | propertiesWhereInput[],
       ?   OR?: propertiesWhereInput[],
       ?   NOT?: propertiesWhereInput | propertiesWhereInput[],
       ?   tenant_id?: StringFilter | String,
       ?   name?: StringFilter | String,
       ?   description?: StringNullableFilter | String | Null,
       ?   address?: StringFilter | String,
       ?   city?: StringFilter | String,
       ?   province?: StringFilter | String,
       ?   zip_code?: StringFilter | String,
       ?   latitude?: DecimalFilter | Decimal,
       ?   longitude?: DecimalFilter | Decimal,
       ?   main_image?: StringNullableFilter | String | Null,
       ?   created_at?: DateTimeFilter | DateTime,
       ?   updated_at?: DateTimeFilter | DateTime,
       ?   deleted_at?: DateTimeNullableFilter | DateTime | Null,
       ?   property_category?: EnumPropertyCategoryFilter | PropertyCategory,
       ?   bookings?: BookingsListRelationFilter,
       ?   peak_season_rates?: Peak_season_ratesListRelationFilter,
       ?   tenant?: TenantsScalarRelationFilter | tenantsWhereInput,
       ?   property_images?: Property_imagesListRelationFilter,
       ?   reviews?: ReviewsListRelationFilter,
       ?   rooms?: RoomsListRelationFilter
         },
         include: {
           reviews: {
             take: 3,
             skip: 0,
             orderBy: {
               created_at: "desc"
             },
             include: {
               user: {
                 select: {
                   full_name: true,
                   profile_picture: true
                 }
               }
             }
           }
         }
       })

Argument `where` of type propertiesWhereUniqueInput needs at least one of `id` arguments. Available options are marked with ?. | MESSAGE: {"name":"PrismaClientValidationError","clientVersion":"6.13.0"}
2025-09-12 11:42:17 [ERROR]: GET /property/30b7c57f-fe6f-4c5c-9936-94c689517762/reviews | STATUS: 
Invalid `prisma.properties.findUnique()` invocation in
/Users/Farizkey/Documents/Purwadhika - JCWDOL 020 /Property-Renting-Web-App/backend/src/controllers/reviews/review.controller.ts:74:27

  71 );
  72 
  73 const [propertyData, totalReviews] = await Promise.all([
→ 74   prisma.properties.findUnique({
         where: {
           id: undefined,
       ?   AND?: propertiesWhereInput | propertiesWhereInput[],
       ?   OR?: propertiesWhereInput[],
       ?   NOT?: propertiesWhereInput | propertiesWhereInput[],
       ?   tenant_id?: StringFilter | String,
       ?   name?: StringFilter | String,
       ?   description?: StringNullableFilter | String | Null,
       ?   address?: StringFilter | String,
       ?   city?: StringFilter | String,
       ?   province?: StringFilter | String,
       ?   zip_code?: StringFilter | String,
       ?   latitude?: DecimalFilter | Decimal,
       ?   longitude?: DecimalFilter | Decimal,
       ?   main_image?: StringNullableFilter | String | Null,
       ?   created_at?: DateTimeFilter | DateTime,
       ?   updated_at?: DateTimeFilter | DateTime,
       ?   deleted_at?: DateTimeNullableFilter | DateTime | Null,
       ?   property_category?: EnumPropertyCategoryFilter | PropertyCategory,
       ?   bookings?: BookingsListRelationFilter,
       ?   peak_season_rates?: Peak_season_ratesListRelationFilter,
       ?   tenant?: TenantsScalarRelationFilter | tenantsWhereInput,
       ?   property_images?: Property_imagesListRelationFilter,
       ?   reviews?: ReviewsListRelationFilter,
       ?   rooms?: RoomsListRelationFilter
         },
         include: {
           reviews: {
             take: 3,
             skip: 0,
             orderBy: {
               created_at: "desc"
             },
             include: {
               user: {
                 select: {
                   full_name: true,
                   profile_picture: true
                 }
               }
             }
           }
         }
       })

Argument `where` of type propertiesWhereUniqueInput needs at least one of `id` arguments. Available options are marked with ?. | MESSAGE: {"name":"PrismaClientValidationError","clientVersion":"6.13.0"}
2025-09-12 11:42:19 [ERROR]: GET /property/30b7c57f-fe6f-4c5c-9936-94c689517762/reviews | STATUS: 
Invalid `prisma.properties.findUnique()` invocation in
/Users/Farizkey/Documents/Purwadhika - JCWDOL 020 /Property-Renting-Web-App/backend/src/controllers/reviews/review.controller.ts:74:27

  71 );
  72 
  73 const [propertyData, totalReviews] = await Promise.all([
→ 74   prisma.properties.findUnique({
         where: {
           id: undefined,
       ?   AND?: propertiesWhereInput | propertiesWhereInput[],
       ?   OR?: propertiesWhereInput[],
       ?   NOT?: propertiesWhereInput | propertiesWhereInput[],
       ?   tenant_id?: StringFilter | String,
       ?   name?: StringFilter | String,
       ?   description?: StringNullableFilter | String | Null,
       ?   address?: StringFilter | String,
       ?   city?: StringFilter | String,
       ?   province?: StringFilter | String,
       ?   zip_code?: StringFilter | String,
       ?   latitude?: DecimalFilter | Decimal,
       ?   longitude?: DecimalFilter | Decimal,
       ?   main_image?: StringNullableFilter | String | Null,
       ?   created_at?: DateTimeFilter | DateTime,
       ?   updated_at?: DateTimeFilter | DateTime,
       ?   deleted_at?: DateTimeNullableFilter | DateTime | Null,
       ?   property_category?: EnumPropertyCategoryFilter | PropertyCategory,
       ?   bookings?: BookingsListRelationFilter,
       ?   peak_season_rates?: Peak_season_ratesListRelationFilter,
       ?   tenant?: TenantsScalarRelationFilter | tenantsWhereInput,
       ?   property_images?: Property_imagesListRelationFilter,
       ?   reviews?: ReviewsListRelationFilter,
       ?   rooms?: RoomsListRelationFilter
         },
         include: {
           reviews: {
             take: 3,
             skip: 0,
             orderBy: {
               created_at: "desc"
             },
             include: {
               user: {
                 select: {
                   full_name: true,
                   profile_picture: true
                 }
               }
             }
           }
         }
       })

Argument `where` of type propertiesWhereUniqueInput needs at least one of `id` arguments. Available options are marked with ?. | MESSAGE: {"name":"PrismaClientValidationError","clientVersion":"6.13.0"}
2025-09-12 11:42:23 [ERROR]: GET /property/30b7c57f-fe6f-4c5c-9936-94c689517762/reviews | STATUS: 
Invalid `prisma.properties.findUnique()` invocation in
/Users/Farizkey/Documents/Purwadhika - JCWDOL 020 /Property-Renting-Web-App/backend/src/controllers/reviews/review.controller.ts:74:27

  71 );
  72 
  73 const [propertyData, totalReviews] = await Promise.all([
→ 74   prisma.properties.findUnique({
         where: {
           id: undefined,
       ?   AND?: propertiesWhereInput | propertiesWhereInput[],
       ?   OR?: propertiesWhereInput[],
       ?   NOT?: propertiesWhereInput | propertiesWhereInput[],
       ?   tenant_id?: StringFilter | String,
       ?   name?: StringFilter | String,
       ?   description?: StringNullableFilter | String | Null,
       ?   address?: StringFilter | String,
       ?   city?: StringFilter | String,
       ?   province?: StringFilter | String,
       ?   zip_code?: StringFilter | String,
       ?   latitude?: DecimalFilter | Decimal,
       ?   longitude?: DecimalFilter | Decimal,
       ?   main_image?: StringNullableFilter | String | Null,
       ?   created_at?: DateTimeFilter | DateTime,
       ?   updated_at?: DateTimeFilter | DateTime,
       ?   deleted_at?: DateTimeNullableFilter | DateTime | Null,
       ?   property_category?: EnumPropertyCategoryFilter | PropertyCategory,
       ?   bookings?: BookingsListRelationFilter,
       ?   peak_season_rates?: Peak_season_ratesListRelationFilter,
       ?   tenant?: TenantsScalarRelationFilter | tenantsWhereInput,
       ?   property_images?: Property_imagesListRelationFilter,
       ?   reviews?: ReviewsListRelationFilter,
       ?   rooms?: RoomsListRelationFilter
         },
         include: {
           reviews: {
             take: 3,
             skip: 0,
             orderBy: {
               created_at: "desc"
             },
             include: {
               user: {
                 select: {
                   full_name: true,
                   profile_picture: true
                 }
               }
             }
           }
         }
       })

Argument `where` of type propertiesWhereUniqueInput needs at least one of `id` arguments. Available options are marked with ?. | MESSAGE: {"name":"PrismaClientValidationError","clientVersion":"6.13.0"}
2025-09-12 11:44:45 [ERROR]: GET /property/30b7c57f-fe6f-4c5c-9936-94c689517762/reviews | STATUS: 
Invalid `prisma.properties.findUnique()` invocation in
/Users/Farizkey/Documents/Purwadhika - JCWDOL 020 /Property-Renting-Web-App/backend/src/controllers/reviews/review.controller.ts:74:27

  71 );
  72 
  73 const [propertyData, totalReviews] = await Promise.all([
→ 74   prisma.properties.findUnique({
         where: {
           id: undefined,
       ?   AND?: propertiesWhereInput | propertiesWhereInput[],
       ?   OR?: propertiesWhereInput[],
       ?   NOT?: propertiesWhereInput | propertiesWhereInput[],
       ?   tenant_id?: StringFilter | String,
       ?   name?: StringFilter | String,
       ?   description?: StringNullableFilter | String | Null,
       ?   address?: StringFilter | String,
       ?   city?: StringFilter | String,
       ?   province?: StringFilter | String,
       ?   zip_code?: StringFilter | String,
       ?   latitude?: DecimalFilter | Decimal,
       ?   longitude?: DecimalFilter | Decimal,
       ?   main_image?: StringNullableFilter | String | Null,
       ?   created_at?: DateTimeFilter | DateTime,
       ?   updated_at?: DateTimeFilter | DateTime,
       ?   deleted_at?: DateTimeNullableFilter | DateTime | Null,
       ?   property_category?: EnumPropertyCategoryFilter | PropertyCategory,
       ?   bookings?: BookingsListRelationFilter,
       ?   peak_season_rates?: Peak_season_ratesListRelationFilter,
       ?   tenant?: TenantsScalarRelationFilter | tenantsWhereInput,
       ?   property_images?: Property_imagesListRelationFilter,
       ?   reviews?: ReviewsListRelationFilter,
       ?   rooms?: RoomsListRelationFilter
         },
         include: {
           reviews: {
             take: 3,
             skip: 0,
             orderBy: {
               created_at: "desc"
             },
             include: {
               user: {
                 select: {
                   full_name: true,
                   profile_picture: true
                 }
               }
             }
           }
         }
       })

Argument `where` of type propertiesWhereUniqueInput needs at least one of `id` arguments. Available options are marked with ?. | MESSAGE: {"name":"PrismaClientValidationError","clientVersion":"6.13.0"}
2025-09-12 11:44:46 [ERROR]: GET /property/30b7c57f-fe6f-4c5c-9936-94c689517762/reviews | STATUS: 
Invalid `prisma.properties.findUnique()` invocation in
/Users/Farizkey/Documents/Purwadhika - JCWDOL 020 /Property-Renting-Web-App/backend/src/controllers/reviews/review.controller.ts:74:27

  71 );
  72 
  73 const [propertyData, totalReviews] = await Promise.all([
→ 74   prisma.properties.findUnique({
         where: {
           id: undefined,
       ?   AND?: propertiesWhereInput | propertiesWhereInput[],
       ?   OR?: propertiesWhereInput[],
       ?   NOT?: propertiesWhereInput | propertiesWhereInput[],
       ?   tenant_id?: StringFilter | String,
       ?   name?: StringFilter | String,
       ?   description?: StringNullableFilter | String | Null,
       ?   address?: StringFilter | String,
       ?   city?: StringFilter | String,
       ?   province?: StringFilter | String,
       ?   zip_code?: StringFilter | String,
       ?   latitude?: DecimalFilter | Decimal,
       ?   longitude?: DecimalFilter | Decimal,
       ?   main_image?: StringNullableFilter | String | Null,
       ?   created_at?: DateTimeFilter | DateTime,
       ?   updated_at?: DateTimeFilter | DateTime,
       ?   deleted_at?: DateTimeNullableFilter | DateTime | Null,
       ?   property_category?: EnumPropertyCategoryFilter | PropertyCategory,
       ?   bookings?: BookingsListRelationFilter,
       ?   peak_season_rates?: Peak_season_ratesListRelationFilter,
       ?   tenant?: TenantsScalarRelationFilter | tenantsWhereInput,
       ?   property_images?: Property_imagesListRelationFilter,
       ?   reviews?: ReviewsListRelationFilter,
       ?   rooms?: RoomsListRelationFilter
         },
         include: {
           reviews: {
             take: 3,
             skip: 0,
             orderBy: {
               created_at: "desc"
             },
             include: {
               user: {
                 select: {
                   full_name: true,
                   profile_picture: true
                 }
               }
             }
           }
         }
       })

Argument `where` of type propertiesWhereUniqueInput needs at least one of `id` arguments. Available options are marked with ?. | MESSAGE: {"name":"PrismaClientValidationError","clientVersion":"6.13.0"}
2025-09-12 11:44:48 [ERROR]: GET /property/30b7c57f-fe6f-4c5c-9936-94c689517762/reviews | STATUS: 
Invalid `prisma.properties.findUnique()` invocation in
/Users/Farizkey/Documents/Purwadhika - JCWDOL 020 /Property-Renting-Web-App/backend/src/controllers/reviews/review.controller.ts:74:27

  71 );
  72 
  73 const [propertyData, totalReviews] = await Promise.all([
→ 74   prisma.properties.findUnique({
         where: {
           id: undefined,
       ?   AND?: propertiesWhereInput | propertiesWhereInput[],
       ?   OR?: propertiesWhereInput[],
       ?   NOT?: propertiesWhereInput | propertiesWhereInput[],
       ?   tenant_id?: StringFilter | String,
       ?   name?: StringFilter | String,
       ?   description?: StringNullableFilter | String | Null,
       ?   address?: StringFilter | String,
       ?   city?: StringFilter | String,
       ?   province?: StringFilter | String,
       ?   zip_code?: StringFilter | String,
       ?   latitude?: DecimalFilter | Decimal,
       ?   longitude?: DecimalFilter | Decimal,
       ?   main_image?: StringNullableFilter | String | Null,
       ?   created_at?: DateTimeFilter | DateTime,
       ?   updated_at?: DateTimeFilter | DateTime,
       ?   deleted_at?: DateTimeNullableFilter | DateTime | Null,
       ?   property_category?: EnumPropertyCategoryFilter | PropertyCategory,
       ?   bookings?: BookingsListRelationFilter,
       ?   peak_season_rates?: Peak_season_ratesListRelationFilter,
       ?   tenant?: TenantsScalarRelationFilter | tenantsWhereInput,
       ?   property_images?: Property_imagesListRelationFilter,
       ?   reviews?: ReviewsListRelationFilter,
       ?   rooms?: RoomsListRelationFilter
         },
         include: {
           reviews: {
             take: 3,
             skip: 0,
             orderBy: {
               created_at: "desc"
             },
             include: {
               user: {
                 select: {
                   full_name: true,
                   profile_picture: true
                 }
               }
             }
           }
         }
       })

Argument `where` of type propertiesWhereUniqueInput needs at least one of `id` arguments. Available options are marked with ?. | MESSAGE: {"name":"PrismaClientValidationError","clientVersion":"6.13.0"}
2025-09-12 11:44:52 [ERROR]: GET /property/30b7c57f-fe6f-4c5c-9936-94c689517762/reviews | STATUS: 
Invalid `prisma.properties.findUnique()` invocation in
/Users/Farizkey/Documents/Purwadhika - JCWDOL 020 /Property-Renting-Web-App/backend/src/controllers/reviews/review.controller.ts:74:27

  71 );
  72 
  73 const [propertyData, totalReviews] = await Promise.all([
→ 74   prisma.properties.findUnique({
         where: {
           id: undefined,
       ?   AND?: propertiesWhereInput | propertiesWhereInput[],
       ?   OR?: propertiesWhereInput[],
       ?   NOT?: propertiesWhereInput | propertiesWhereInput[],
       ?   tenant_id?: StringFilter | String,
       ?   name?: StringFilter | String,
       ?   description?: StringNullableFilter | String | Null,
       ?   address?: StringFilter | String,
       ?   city?: StringFilter | String,
       ?   province?: StringFilter | String,
       ?   zip_code?: StringFilter | String,
       ?   latitude?: DecimalFilter | Decimal,
       ?   longitude?: DecimalFilter | Decimal,
       ?   main_image?: StringNullableFilter | String | Null,
       ?   created_at?: DateTimeFilter | DateTime,
       ?   updated_at?: DateTimeFilter | DateTime,
       ?   deleted_at?: DateTimeNullableFilter | DateTime | Null,
       ?   property_category?: EnumPropertyCategoryFilter | PropertyCategory,
       ?   bookings?: BookingsListRelationFilter,
       ?   peak_season_rates?: Peak_season_ratesListRelationFilter,
       ?   tenant?: TenantsScalarRelationFilter | tenantsWhereInput,
       ?   property_images?: Property_imagesListRelationFilter,
       ?   reviews?: ReviewsListRelationFilter,
       ?   rooms?: RoomsListRelationFilter
         },
         include: {
           reviews: {
             take: 3,
             skip: 0,
             orderBy: {
               created_at: "desc"
             },
             include: {
               user: {
                 select: {
                   full_name: true,
                   profile_picture: true
                 }
               }
             }
           }
         }
       })

Argument `where` of type propertiesWhereUniqueInput needs at least one of `id` arguments. Available options are marked with ?. | MESSAGE: {"name":"PrismaClientValidationError","clientVersion":"6.13.0"}
2025-09-12 11:51:35 [ERROR]: GET /property/30b7c57f-fe6f-4c5c-9936-94c689517762/reviews | STATUS: 
Invalid `prisma.properties.findUnique()` invocation in
/Users/Farizkey/Documents/Purwadhika - JCWDOL 020 /Property-Renting-Web-App/backend/src/controllers/reviews/review.controller.ts:74:27

  71 );
  72 
  73 const [propertyData, totalReviews] = await Promise.all([
→ 74   prisma.properties.findUnique({
         where: {
           id: undefined,
       ?   AND?: propertiesWhereInput | propertiesWhereInput[],
       ?   OR?: propertiesWhereInput[],
       ?   NOT?: propertiesWhereInput | propertiesWhereInput[],
       ?   tenant_id?: StringFilter | String,
       ?   name?: StringFilter | String,
       ?   description?: StringNullableFilter | String | Null,
       ?   address?: StringFilter | String,
       ?   city?: StringFilter | String,
       ?   province?: StringFilter | String,
       ?   zip_code?: StringFilter | String,
       ?   latitude?: DecimalFilter | Decimal,
       ?   longitude?: DecimalFilter | Decimal,
       ?   main_image?: StringNullableFilter | String | Null,
       ?   created_at?: DateTimeFilter | DateTime,
       ?   updated_at?: DateTimeFilter | DateTime,
       ?   deleted_at?: DateTimeNullableFilter | DateTime | Null,
       ?   property_category?: EnumPropertyCategoryFilter | PropertyCategory,
       ?   bookings?: BookingsListRelationFilter,
       ?   peak_season_rates?: Peak_season_ratesListRelationFilter,
       ?   tenant?: TenantsScalarRelationFilter | tenantsWhereInput,
       ?   property_images?: Property_imagesListRelationFilter,
       ?   reviews?: ReviewsListRelationFilter,
       ?   rooms?: RoomsListRelationFilter
         },
         include: {
           reviews: {
             take: 3,
             skip: 0,
             orderBy: {
               created_at: "desc"
             },
             include: {
               user: {
                 select: {
                   full_name: true,
                   profile_picture: true
                 }
               }
             }
           }
         }
       })

Argument `where` of type propertiesWhereUniqueInput needs at least one of `id` arguments. Available options are marked with ?. | MESSAGE: {"name":"PrismaClientValidationError","clientVersion":"6.13.0"}
2025-09-12 11:51:37 [ERROR]: GET /property/30b7c57f-fe6f-4c5c-9936-94c689517762/reviews | STATUS: 
Invalid `prisma.properties.findUnique()` invocation in
/Users/Farizkey/Documents/Purwadhika - JCWDOL 020 /Property-Renting-Web-App/backend/src/controllers/reviews/review.controller.ts:74:27

  71 );
  72 
  73 const [propertyData, totalReviews] = await Promise.all([
→ 74   prisma.properties.findUnique({
         where: {
           id: undefined,
       ?   AND?: propertiesWhereInput | propertiesWhereInput[],
       ?   OR?: propertiesWhereInput[],
       ?   NOT?: propertiesWhereInput | propertiesWhereInput[],
       ?   tenant_id?: StringFilter | String,
       ?   name?: StringFilter | String,
       ?   description?: StringNullableFilter | String | Null,
       ?   address?: StringFilter | String,
       ?   city?: StringFilter | String,
       ?   province?: StringFilter | String,
       ?   zip_code?: StringFilter | String,
       ?   latitude?: DecimalFilter | Decimal,
       ?   longitude?: DecimalFilter | Decimal,
       ?   main_image?: StringNullableFilter | String | Null,
       ?   created_at?: DateTimeFilter | DateTime,
       ?   updated_at?: DateTimeFilter | DateTime,
       ?   deleted_at?: DateTimeNullableFilter | DateTime | Null,
       ?   property_category?: EnumPropertyCategoryFilter | PropertyCategory,
       ?   bookings?: BookingsListRelationFilter,
       ?   peak_season_rates?: Peak_season_ratesListRelationFilter,
       ?   tenant?: TenantsScalarRelationFilter | tenantsWhereInput,
       ?   property_images?: Property_imagesListRelationFilter,
       ?   reviews?: ReviewsListRelationFilter,
       ?   rooms?: RoomsListRelationFilter
         },
         include: {
           reviews: {
             take: 3,
             skip: 0,
             orderBy: {
               created_at: "desc"
             },
             include: {
               user: {
                 select: {
                   full_name: true,
                   profile_picture: true
                 }
               }
             }
           }
         }
       })

Argument `where` of type propertiesWhereUniqueInput needs at least one of `id` arguments. Available options are marked with ?. | MESSAGE: {"name":"PrismaClientValidationError","clientVersion":"6.13.0"}
2025-09-12 11:51:40 [ERROR]: GET /property/30b7c57f-fe6f-4c5c-9936-94c689517762/reviews | STATUS: 
Invalid `prisma.properties.findUnique()` invocation in
/Users/Farizkey/Documents/Purwadhika - JCWDOL 020 /Property-Renting-Web-App/backend/src/controllers/reviews/review.controller.ts:74:27

  71 );
  72 
  73 const [propertyData, totalReviews] = await Promise.all([
→ 74   prisma.properties.findUnique({
         where: {
           id: undefined,
       ?   AND?: propertiesWhereInput | propertiesWhereInput[],
       ?   OR?: propertiesWhereInput[],
       ?   NOT?: propertiesWhereInput | propertiesWhereInput[],
       ?   tenant_id?: StringFilter | String,
       ?   name?: StringFilter | String,
       ?   description?: StringNullableFilter | String | Null,
       ?   address?: StringFilter | String,
       ?   city?: StringFilter | String,
       ?   province?: StringFilter | String,
       ?   zip_code?: StringFilter | String,
       ?   latitude?: DecimalFilter | Decimal,
       ?   longitude?: DecimalFilter | Decimal,
       ?   main_image?: StringNullableFilter | String | Null,
       ?   created_at?: DateTimeFilter | DateTime,
       ?   updated_at?: DateTimeFilter | DateTime,
       ?   deleted_at?: DateTimeNullableFilter | DateTime | Null,
       ?   property_category?: EnumPropertyCategoryFilter | PropertyCategory,
       ?   bookings?: BookingsListRelationFilter,
       ?   peak_season_rates?: Peak_season_ratesListRelationFilter,
       ?   tenant?: TenantsScalarRelationFilter | tenantsWhereInput,
       ?   property_images?: Property_imagesListRelationFilter,
       ?   reviews?: ReviewsListRelationFilter,
       ?   rooms?: RoomsListRelationFilter
         },
         include: {
           reviews: {
             take: 3,
             skip: 0,
             orderBy: {
               created_at: "desc"
             },
             include: {
               user: {
                 select: {
                   full_name: true,
                   profile_picture: true
                 }
               }
             }
           }
         }
       })

Argument `where` of type propertiesWhereUniqueInput needs at least one of `id` arguments. Available options are marked with ?. | MESSAGE: {"name":"PrismaClientValidationError","clientVersion":"6.13.0"}
2025-09-12 11:51:44 [ERROR]: GET /property/30b7c57f-fe6f-4c5c-9936-94c689517762/reviews | STATUS: 
Invalid `prisma.properties.findUnique()` invocation in
/Users/Farizkey/Documents/Purwadhika - JCWDOL 020 /Property-Renting-Web-App/backend/src/controllers/reviews/review.controller.ts:74:27

  71 );
  72 
  73 const [propertyData, totalReviews] = await Promise.all([
→ 74   prisma.properties.findUnique({
         where: {
           id: undefined,
       ?   AND?: propertiesWhereInput | propertiesWhereInput[],
       ?   OR?: propertiesWhereInput[],
       ?   NOT?: propertiesWhereInput | propertiesWhereInput[],
       ?   tenant_id?: StringFilter | String,
       ?   name?: StringFilter | String,
       ?   description?: StringNullableFilter | String | Null,
       ?   address?: StringFilter | String,
       ?   city?: StringFilter | String,
       ?   province?: StringFilter | String,
       ?   zip_code?: StringFilter | String,
       ?   latitude?: DecimalFilter | Decimal,
       ?   longitude?: DecimalFilter | Decimal,
       ?   main_image?: StringNullableFilter | String | Null,
       ?   created_at?: DateTimeFilter | DateTime,
       ?   updated_at?: DateTimeFilter | DateTime,
       ?   deleted_at?: DateTimeNullableFilter | DateTime | Null,
       ?   property_category?: EnumPropertyCategoryFilter | PropertyCategory,
       ?   bookings?: BookingsListRelationFilter,
       ?   peak_season_rates?: Peak_season_ratesListRelationFilter,
       ?   tenant?: TenantsScalarRelationFilter | tenantsWhereInput,
       ?   property_images?: Property_imagesListRelationFilter,
       ?   reviews?: ReviewsListRelationFilter,
       ?   rooms?: RoomsListRelationFilter
         },
         include: {
           reviews: {
             take: 3,
             skip: 0,
             orderBy: {
               created_at: "desc"
             },
             include: {
               user: {
                 select: {
                   full_name: true,
                   profile_picture: true
                 }
               }
             }
           }
         }
       })

Argument `where` of type propertiesWhereUniqueInput needs at least one of `id` arguments. Available options are marked with ?. | MESSAGE: {"name":"PrismaClientValidationError","clientVersion":"6.13.0"}
2025-09-12 11:51:50 [ERROR]: GET /property/30b7c57f-fe6f-4c5c-9936-94c689517762/reviews | STATUS: 
Invalid `prisma.properties.findUnique()` invocation in
/Users/Farizkey/Documents/Purwadhika - JCWDOL 020 /Property-Renting-Web-App/backend/src/controllers/reviews/review.controller.ts:74:27

  71 );
  72 
  73 const [propertyData, totalReviews] = await Promise.all([
→ 74   prisma.properties.findUnique({
         where: {
           id: undefined,
       ?   AND?: propertiesWhereInput | propertiesWhereInput[],
       ?   OR?: propertiesWhereInput[],
       ?   NOT?: propertiesWhereInput | propertiesWhereInput[],
       ?   tenant_id?: StringFilter | String,
       ?   name?: StringFilter | String,
       ?   description?: StringNullableFilter | String | Null,
       ?   address?: StringFilter | String,
       ?   city?: StringFilter | String,
       ?   province?: StringFilter | String,
       ?   zip_code?: StringFilter | String,
       ?   latitude?: DecimalFilter | Decimal,
       ?   longitude?: DecimalFilter | Decimal,
       ?   main_image?: StringNullableFilter | String | Null,
       ?   created_at?: DateTimeFilter | DateTime,
       ?   updated_at?: DateTimeFilter | DateTime,
       ?   deleted_at?: DateTimeNullableFilter | DateTime | Null,
       ?   property_category?: EnumPropertyCategoryFilter | PropertyCategory,
       ?   bookings?: BookingsListRelationFilter,
       ?   peak_season_rates?: Peak_season_ratesListRelationFilter,
       ?   tenant?: TenantsScalarRelationFilter | tenantsWhereInput,
       ?   property_images?: Property_imagesListRelationFilter,
       ?   reviews?: ReviewsListRelationFilter,
       ?   rooms?: RoomsListRelationFilter
         },
         include: {
           reviews: {
             take: 3,
             skip: 0,
             orderBy: {
               created_at: "desc"
             },
             include: {
               user: {
                 select: {
                   full_name: true,
                   profile_picture: true
                 }
               }
             }
           }
         }
       })

Argument `where` of type propertiesWhereUniqueInput needs at least one of `id` arguments. Available options are marked with ?. | MESSAGE: {"name":"PrismaClientValidationError","clientVersion":"6.13.0"}
2025-09-12 11:52:52 [ERROR]: GET /property/30b7c57f-fe6f-4c5c-9936-94c689517762/reviews | STATUS: 
Invalid `prisma.properties.findUnique()` invocation in
/Users/Farizkey/Documents/Purwadhika - JCWDOL 020 /Property-Renting-Web-App/backend/src/controllers/reviews/review.controller.ts:74:27

  71 );
  72 
  73 const [propertyData, totalReviews] = await Promise.all([
→ 74   prisma.properties.findUnique({
         where: {
           id: undefined,
       ?   AND?: propertiesWhereInput | propertiesWhereInput[],
       ?   OR?: propertiesWhereInput[],
       ?   NOT?: propertiesWhereInput | propertiesWhereInput[],
       ?   tenant_id?: StringFilter | String,
       ?   name?: StringFilter | String,
       ?   description?: StringNullableFilter | String | Null,
       ?   address?: StringFilter | String,
       ?   city?: StringFilter | String,
       ?   province?: StringFilter | String,
       ?   zip_code?: StringFilter | String,
       ?   latitude?: DecimalFilter | Decimal,
       ?   longitude?: DecimalFilter | Decimal,
       ?   main_image?: StringNullableFilter | String | Null,
       ?   created_at?: DateTimeFilter | DateTime,
       ?   updated_at?: DateTimeFilter | DateTime,
       ?   deleted_at?: DateTimeNullableFilter | DateTime | Null,
       ?   property_category?: EnumPropertyCategoryFilter | PropertyCategory,
       ?   bookings?: BookingsListRelationFilter,
       ?   peak_season_rates?: Peak_season_ratesListRelationFilter,
       ?   tenant?: TenantsScalarRelationFilter | tenantsWhereInput,
       ?   property_images?: Property_imagesListRelationFilter,
       ?   reviews?: ReviewsListRelationFilter,
       ?   rooms?: RoomsListRelationFilter
         },
         include: {
           reviews: {
             take: 3,
             skip: 0,
             orderBy: {
               created_at: "desc"
             },
             include: {
               user: {
                 select: {
                   full_name: true,
                   profile_picture: true
                 }
               }
             }
           }
         }
       })

Argument `where` of type propertiesWhereUniqueInput needs at least one of `id` arguments. Available options are marked with ?. | MESSAGE: {"name":"PrismaClientValidationError","clientVersion":"6.13.0"}
2025-09-12 11:52:53 [ERROR]: GET /property/30b7c57f-fe6f-4c5c-9936-94c689517762/reviews | STATUS: 
Invalid `prisma.properties.findUnique()` invocation in
/Users/Farizkey/Documents/Purwadhika - JCWDOL 020 /Property-Renting-Web-App/backend/src/controllers/reviews/review.controller.ts:74:27

  71 );
  72 
  73 const [propertyData, totalReviews] = await Promise.all([
→ 74   prisma.properties.findUnique({
         where: {
           id: undefined,
       ?   AND?: propertiesWhereInput | propertiesWhereInput[],
       ?   OR?: propertiesWhereInput[],
       ?   NOT?: propertiesWhereInput | propertiesWhereInput[],
       ?   tenant_id?: StringFilter | String,
       ?   name?: StringFilter | String,
       ?   description?: StringNullableFilter | String | Null,
       ?   address?: StringFilter | String,
       ?   city?: StringFilter | String,
       ?   province?: StringFilter | String,
       ?   zip_code?: StringFilter | String,
       ?   latitude?: DecimalFilter | Decimal,
       ?   longitude?: DecimalFilter | Decimal,
       ?   main_image?: StringNullableFilter | String | Null,
       ?   created_at?: DateTimeFilter | DateTime,
       ?   updated_at?: DateTimeFilter | DateTime,
       ?   deleted_at?: DateTimeNullableFilter | DateTime | Null,
       ?   property_category?: EnumPropertyCategoryFilter | PropertyCategory,
       ?   bookings?: BookingsListRelationFilter,
       ?   peak_season_rates?: Peak_season_ratesListRelationFilter,
       ?   tenant?: TenantsScalarRelationFilter | tenantsWhereInput,
       ?   property_images?: Property_imagesListRelationFilter,
       ?   reviews?: ReviewsListRelationFilter,
       ?   rooms?: RoomsListRelationFilter
         },
         include: {
           reviews: {
             take: 3,
             skip: 0,
             orderBy: {
               created_at: "desc"
             },
             include: {
               user: {
                 select: {
                   full_name: true,
                   profile_picture: true
                 }
               }
             }
           }
         }
       })

Argument `where` of type propertiesWhereUniqueInput needs at least one of `id` arguments. Available options are marked with ?. | MESSAGE: {"name":"PrismaClientValidationError","clientVersion":"6.13.0"}
2025-09-12 11:52:55 [ERROR]: GET /property/30b7c57f-fe6f-4c5c-9936-94c689517762/reviews | STATUS: 
Invalid `prisma.properties.findUnique()` invocation in
/Users/Farizkey/Documents/Purwadhika - JCWDOL 020 /Property-Renting-Web-App/backend/src/controllers/reviews/review.controller.ts:74:27

  71 );
  72 
  73 const [propertyData, totalReviews] = await Promise.all([
→ 74   prisma.properties.findUnique({
         where: {
           id: undefined,
       ?   AND?: propertiesWhereInput | propertiesWhereInput[],
       ?   OR?: propertiesWhereInput[],
       ?   NOT?: propertiesWhereInput | propertiesWhereInput[],
       ?   tenant_id?: StringFilter | String,
       ?   name?: StringFilter | String,
       ?   description?: StringNullableFilter | String | Null,
       ?   address?: StringFilter | String,
       ?   city?: StringFilter | String,
       ?   province?: StringFilter | String,
       ?   zip_code?: StringFilter | String,
       ?   latitude?: DecimalFilter | Decimal,
       ?   longitude?: DecimalFilter | Decimal,
       ?   main_image?: StringNullableFilter | String | Null,
       ?   created_at?: DateTimeFilter | DateTime,
       ?   updated_at?: DateTimeFilter | DateTime,
       ?   deleted_at?: DateTimeNullableFilter | DateTime | Null,
       ?   property_category?: EnumPropertyCategoryFilter | PropertyCategory,
       ?   bookings?: BookingsListRelationFilter,
       ?   peak_season_rates?: Peak_season_ratesListRelationFilter,
       ?   tenant?: TenantsScalarRelationFilter | tenantsWhereInput,
       ?   property_images?: Property_imagesListRelationFilter,
       ?   reviews?: ReviewsListRelationFilter,
       ?   rooms?: RoomsListRelationFilter
         },
         include: {
           reviews: {
             take: 3,
             skip: 0,
             orderBy: {
               created_at: "desc"
             },
             include: {
               user: {
                 select: {
                   full_name: true,
                   profile_picture: true
                 }
               }
             }
           }
         }
       })

Argument `where` of type propertiesWhereUniqueInput needs at least one of `id` arguments. Available options are marked with ?. | MESSAGE: {"name":"PrismaClientValidationError","clientVersion":"6.13.0"}
2025-09-12 11:52:59 [ERROR]: GET /property/30b7c57f-fe6f-4c5c-9936-94c689517762/reviews | STATUS: 
Invalid `prisma.properties.findUnique()` invocation in
/Users/Farizkey/Documents/Purwadhika - JCWDOL 020 /Property-Renting-Web-App/backend/src/controllers/reviews/review.controller.ts:74:27

  71 );
  72 
  73 const [propertyData, totalReviews] = await Promise.all([
→ 74   prisma.properties.findUnique({
         where: {
           id: undefined,
       ?   AND?: propertiesWhereInput | propertiesWhereInput[],
       ?   OR?: propertiesWhereInput[],
       ?   NOT?: propertiesWhereInput | propertiesWhereInput[],
       ?   tenant_id?: StringFilter | String,
       ?   name?: StringFilter | String,
       ?   description?: StringNullableFilter | String | Null,
       ?   address?: StringFilter | String,
       ?   city?: StringFilter | String,
       ?   province?: StringFilter | String,
       ?   zip_code?: StringFilter | String,
       ?   latitude?: DecimalFilter | Decimal,
       ?   longitude?: DecimalFilter | Decimal,
       ?   main_image?: StringNullableFilter | String | Null,
       ?   created_at?: DateTimeFilter | DateTime,
       ?   updated_at?: DateTimeFilter | DateTime,
       ?   deleted_at?: DateTimeNullableFilter | DateTime | Null,
       ?   property_category?: EnumPropertyCategoryFilter | PropertyCategory,
       ?   bookings?: BookingsListRelationFilter,
       ?   peak_season_rates?: Peak_season_ratesListRelationFilter,
       ?   tenant?: TenantsScalarRelationFilter | tenantsWhereInput,
       ?   property_images?: Property_imagesListRelationFilter,
       ?   reviews?: ReviewsListRelationFilter,
       ?   rooms?: RoomsListRelationFilter
         },
         include: {
           reviews: {
             take: 3,
             skip: 0,
             orderBy: {
               created_at: "desc"
             },
             include: {
               user: {
                 select: {
                   full_name: true,
                   profile_picture: true
                 }
               }
             }
           }
         }
       })

Argument `where` of type propertiesWhereUniqueInput needs at least one of `id` arguments. Available options are marked with ?. | MESSAGE: {"name":"PrismaClientValidationError","clientVersion":"6.13.0"}
2025-09-12 11:54:20 [ERROR]: GET /user/me | STATUS: Unauthorized | MESSAGE: {"statusCode":401,"success":false,"message":"Unauthorized"}
2025-09-14 03:47:14 [ERROR]: GET /user/me | STATUS: Unauthorized | MESSAGE: {"statusCode":401,"success":false,"message":"Unauthorized"}
2025-09-14 04:48:01 [ERROR]: POST /reservations/create | STATUS: Please enter the required fields | MESSAGE: {"statusCode":400,"success":false,"message":"Please enter the required fields"}
2025-09-14 04:48:09 [ERROR]: POST /reservations/create | STATUS: Please enter the required fields | MESSAGE: {"statusCode":400,"success":false,"message":"Please enter the required fields"}
2025-09-14 04:54:48 [ERROR]: PATCH /reservations/proof/8ba2b3a0-140f-44a3-8195-f32e71f5cd89 | STATUS: Unexpected field | MESSAGE: {"name":"MulterError","message":"Unexpected field","code":"LIMIT_UNEXPECTED_FILE","field":"proofImage","storageErrors":[]}
2025-09-14 04:54:56 [ERROR]: PATCH /reservations/proof/8ba2b3a0-140f-44a3-8195-f32e71f5cd89 | STATUS: Unexpected field | MESSAGE: {"name":"MulterError","message":"Unexpected field","code":"LIMIT_UNEXPECTED_FILE","field":"proofImage","storageErrors":[]}
2025-09-14 05:19:36 [ERROR]: PATCH /reservations/proof/e69640c3-0fee-4963-a989-2e83d9a8d843 | STATUS: Unexpected field | MESSAGE: {"name":"MulterError","message":"Unexpected field","code":"LIMIT_UNEXPECTED_FILE","field":"proofImage","storageErrors":[]}
2025-09-14 05:25:20 [ERROR]: PATCH /reservations/cancel/1e9c9b28-b8c3-4692-966d-ca07eec39cc9 | STATUS: Invalid transaction ID | MESSAGE: {"statusCode":400,"success":false,"message":"Invalid transaction ID"}
2025-09-14 05:25:40 [ERROR]: PATCH /reservations/cancel/1e9c9b28-b8c3-4692-966d-ca07eec39cc9 | STATUS: Invalid transaction ID | MESSAGE: {"statusCode":400,"success":false,"message":"Invalid transaction ID"}
2025-09-14 05:25:59 [ERROR]: PATCH /reservations/cancel/1e9c9b28-b8c3-4692-966d-ca07eec39cc9 | STATUS: Invalid transaction ID | MESSAGE: {"statusCode":400,"success":false,"message":"Invalid transaction ID"}
2025-09-14 05:26:05 [ERROR]: PATCH /reservations/cancel/e69640c3-0fee-4963-a989-2e83d9a8d843 | STATUS: Invalid transaction ID | MESSAGE: {"statusCode":400,"success":false,"message":"Invalid transaction ID"}
2025-09-14 05:26:31 [ERROR]: PATCH /reservations/cancel/1e9c9b28-b8c3-4692-966d-ca07eec39cc9 | STATUS: Invalid transaction ID | MESSAGE: {"statusCode":400,"success":false,"message":"Invalid transaction ID"}
2025-09-14 05:27:06 [ERROR]: PATCH /reservations/cancel/1e9c9b28-b8c3-4692-966d-ca07eec39cc9 | STATUS: Invalid transaction ID | MESSAGE: {"statusCode":400,"success":false,"message":"Invalid transaction ID"}
2025-09-14 05:27:40 [ERROR]: PATCH /reservations/cancel/1e9c9b28-b8c3-4692-966d-ca07eec39cc9 | STATUS: Invalid transaction ID | MESSAGE: {"statusCode":400,"success":false,"message":"Invalid transaction ID"}
2025-09-14 05:28:13 [ERROR]: PATCH /reservations/cancel/fe7b64c7-6b3c-45d9-a2e9-0ca0179247c3 | STATUS: Invalid transaction ID | MESSAGE: {"statusCode":400,"success":false,"message":"Invalid transaction ID"}
2025-09-14 05:30:02 [ERROR]: PATCH /reservations/cancel/1e9c9b28-b8c3-4692-966d-ca07eec39cc9 | STATUS: Invalid transaction ID | MESSAGE: {"statusCode":400,"success":false,"message":"Invalid transaction ID"}
2025-09-14 05:30:59 [ERROR]: PATCH /reservations/cancel/c18491d0-c085-489f-abaf-3c9d8e2a0ecb | STATUS: Invalid transaction ID | MESSAGE: {"statusCode":400,"success":false,"message":"Invalid transaction ID"}
2025-09-15 10:55:06 [ERROR]: GET /reservations/get | STATUS: Unauthorized | MESSAGE: {"statusCode":401,"success":false,"message":"Unauthorized"}
2025-09-15 10:55:07 [ERROR]: GET /reservations/get | STATUS: Unauthorized | MESSAGE: {"statusCode":401,"success":false,"message":"Unauthorized"}
2025-09-15 10:55:09 [ERROR]: GET /user/me | STATUS: Unauthorized | MESSAGE: {"statusCode":401,"success":false,"message":"Unauthorized"}
2025-09-15 10:55:21 [ERROR]: GET /user/me | STATUS: Unauthorized | MESSAGE: {"statusCode":401,"success":false,"message":"Unauthorized"}
2025-09-16 00:08:30 [ERROR]: POST /auth/login | STATUS: Invalid password | MESSAGE: {"statusCode":401,"success":false,"message":"Invalid password"}
2025-09-16 00:57:40 [ERROR]: GET /payment/availability | STATUS: 
Invalid `prisma.tenants.findUnique()` invocation in
/Users/Farizkey/Documents/Purwadhika - JCWDOL 020 /Property-Renting-Web-App/backend/src/controllers/transaction/tenant/tenant-tx.controller.ts:340:49

  337   );
  338 }
  339 
→ 340 const tenantRecord = await prisma.tenants.findUnique({
        where: {
          user_id: undefined,
      ?   id?: String,
      ?   AND?: tenantsWhereInput | tenantsWhereInput[],
      ?   OR?: tenantsWhereInput[],
      ?   NOT?: tenantsWhereInput | tenantsWhereInput[],
      ?   company_name?: StringFilter | String,
      ?   address?: StringFilter | String,
      ?   phone_number?: StringFilter | String,
      ?   logo?: StringNullableFilter | String | Null,
      ?   created_at?: DateTimeFilter | DateTime,
      ?   updated_at?: DateTimeFilter | DateTime,
      ?   properties?: PropertiesListRelationFilter,
      ?   user?: UsersScalarRelationFilter | usersWhereInput
        },
        select: {
          id: true
        }
      })

Argument `where` of type tenantsWhereUniqueInput needs at least one of `id` or `user_id` arguments. Available options are marked with ?. | MESSAGE: {"name":"PrismaClientValidationError","clientVersion":"6.13.0"}
2025-09-16 00:57:57 [ERROR]: GET /payment/availability | STATUS: 
Invalid `prisma.tenants.findUnique()` invocation in
/Users/Farizkey/Documents/Purwadhika - JCWDOL 020 /Property-Renting-Web-App/backend/src/controllers/transaction/tenant/tenant-tx.controller.ts:340:49

  337   );
  338 }
  339 
→ 340 const tenantRecord = await prisma.tenants.findUnique({
        where: {
          user_id: undefined,
      ?   id?: String,
      ?   AND?: tenantsWhereInput | tenantsWhereInput[],
      ?   OR?: tenantsWhereInput[],
      ?   NOT?: tenantsWhereInput | tenantsWhereInput[],
      ?   company_name?: StringFilter | String,
      ?   address?: StringFilter | String,
      ?   phone_number?: StringFilter | String,
      ?   logo?: StringNullableFilter | String | Null,
      ?   created_at?: DateTimeFilter | DateTime,
      ?   updated_at?: DateTimeFilter | DateTime,
      ?   properties?: PropertiesListRelationFilter,
      ?   user?: UsersScalarRelationFilter | usersWhereInput
        },
        select: {
          id: true
        }
      })

Argument `where` of type tenantsWhereUniqueInput needs at least one of `id` or `user_id` arguments. Available options are marked with ?. | MESSAGE: {"name":"PrismaClientValidationError","clientVersion":"6.13.0"}
2025-09-16 00:57:57 [ERROR]: GET /payment/availability | STATUS: 
Invalid `prisma.tenants.findUnique()` invocation in
/Users/Farizkey/Documents/Purwadhika - JCWDOL 020 /Property-Renting-Web-App/backend/src/controllers/transaction/tenant/tenant-tx.controller.ts:340:49

  337   );
  338 }
  339 
→ 340 const tenantRecord = await prisma.tenants.findUnique({
        where: {
          user_id: undefined,
      ?   id?: String,
      ?   AND?: tenantsWhereInput | tenantsWhereInput[],
      ?   OR?: tenantsWhereInput[],
      ?   NOT?: tenantsWhereInput | tenantsWhereInput[],
      ?   company_name?: StringFilter | String,
      ?   address?: StringFilter | String,
      ?   phone_number?: StringFilter | String,
      ?   logo?: StringNullableFilter | String | Null,
      ?   created_at?: DateTimeFilter | DateTime,
      ?   updated_at?: DateTimeFilter | DateTime,
      ?   properties?: PropertiesListRelationFilter,
      ?   user?: UsersScalarRelationFilter | usersWhereInput
        },
        select: {
          id: true
        }
      })

Argument `where` of type tenantsWhereUniqueInput needs at least one of `id` or `user_id` arguments. Available options are marked with ?. | MESSAGE: {"name":"PrismaClientValidationError","clientVersion":"6.13.0"}
2025-09-16 00:58:36 [ERROR]: GET /payment/availability | STATUS: 
Invalid `prisma.tenants.findUnique()` invocation in
/Users/Farizkey/Documents/Purwadhika - JCWDOL 020 /Property-Renting-Web-App/backend/src/controllers/transaction/tenant/tenant-tx.controller.ts:340:49

  337   );
  338 }
  339 
→ 340 const tenantRecord = await prisma.tenants.findUnique({
        where: {
          user_id: undefined,
      ?   id?: String,
      ?   AND?: tenantsWhereInput | tenantsWhereInput[],
      ?   OR?: tenantsWhereInput[],
      ?   NOT?: tenantsWhereInput | tenantsWhereInput[],
      ?   company_name?: StringFilter | String,
      ?   address?: StringFilter | String,
      ?   phone_number?: StringFilter | String,
      ?   logo?: StringNullableFilter | String | Null,
      ?   created_at?: DateTimeFilter | DateTime,
      ?   updated_at?: DateTimeFilter | DateTime,
      ?   properties?: PropertiesListRelationFilter,
      ?   user?: UsersScalarRelationFilter | usersWhereInput
        },
        select: {
          id: true
        }
      })

Argument `where` of type tenantsWhereUniqueInput needs at least one of `id` or `user_id` arguments. Available options are marked with ?. | MESSAGE: {"name":"PrismaClientValidationError","clientVersion":"6.13.0"}
2025-09-16 00:58:37 [ERROR]: GET /payment/availability | STATUS: 
Invalid `prisma.tenants.findUnique()` invocation in
/Users/Farizkey/Documents/Purwadhika - JCWDOL 020 /Property-Renting-Web-App/backend/src/controllers/transaction/tenant/tenant-tx.controller.ts:340:49

  337   );
  338 }
  339 
→ 340 const tenantRecord = await prisma.tenants.findUnique({
        where: {
          user_id: undefined,
      ?   id?: String,
      ?   AND?: tenantsWhereInput | tenantsWhereInput[],
      ?   OR?: tenantsWhereInput[],
      ?   NOT?: tenantsWhereInput | tenantsWhereInput[],
      ?   company_name?: StringFilter | String,
      ?   address?: StringFilter | String,
      ?   phone_number?: StringFilter | String,
      ?   logo?: StringNullableFilter | String | Null,
      ?   created_at?: DateTimeFilter | DateTime,
      ?   updated_at?: DateTimeFilter | DateTime,
      ?   properties?: PropertiesListRelationFilter,
      ?   user?: UsersScalarRelationFilter | usersWhereInput
        },
        select: {
          id: true
        }
      })

Argument `where` of type tenantsWhereUniqueInput needs at least one of `id` or `user_id` arguments. Available options are marked with ?. | MESSAGE: {"name":"PrismaClientValidationError","clientVersion":"6.13.0"}
2025-09-16 14:31:48 [ERROR]: POST /auth/logout | STATUS: Unauthorized | MESSAGE: {"statusCode":401,"success":false,"message":"Unauthorized"}
2025-09-16 14:31:50 [ERROR]: GET /user/me | STATUS: Unauthorized | MESSAGE: {"statusCode":401,"success":false,"message":"Unauthorized"}
2025-09-16 14:56:14 [ERROR]: GET /user/me | STATUS: Unauthorized | MESSAGE: {"statusCode":401,"success":false,"message":"Unauthorized"}
2025-09-16 15:10:47 [ERROR]: GET /property/tenant | STATUS: 
Invalid `prisma.tenants.findUnique()` invocation in
/Users/Farizkey/Documents/Purwadhika - JCWDOL 020 /Property-Renting-Web-App/backend/src/repositories/property/property.repository.ts:50:25

  47 }
  48 
  49 export const getTenantWithPropertiesByUserId = async (userId: string) => {
→ 50   return prisma.tenants.findUnique(
Can't reach database server at `aws-0-us-west-1.pooler.supabase.com:6543`

Please make sure your database server is running at `aws-0-us-west-1.pooler.supabase.com:6543`. | MESSAGE: {"code":"P1001","meta":{"modelName":"tenants","database_location":"aws-0-us-west-1.pooler.supabase.com:6543"},"clientVersion":"6.13.0","name":"PrismaClientKnownRequestError"}
2025-09-16 18:40:03 [ERROR]: GET /user/me | STATUS: Unauthorized | MESSAGE: {"statusCode":401,"success":false,"message":"Unauthorized"}
2025-09-16 18:43:28 [ERROR]: PATCH /reservations/proof/3c06d13c-a19b-4343-b179-96495017a1d1 | STATUS: Unexpected field | MESSAGE: {"name":"MulterError","message":"Unexpected field","code":"LIMIT_UNEXPECTED_FILE","field":"proofImage","storageErrors":[]}
2025-09-16 19:43:57 [ERROR]: GET /user/me | STATUS: Unauthorized | MESSAGE: {"statusCode":401,"success":false,"message":"Unauthorized"}
2025-09-16 20:21:12 [ERROR]: GET /user/me | STATUS: Unauthorized | MESSAGE: {"statusCode":401,"success":false,"message":"Unauthorized"}
2025-09-16 20:22:14 [ERROR]: POST /auth/login | STATUS: Invalid password | MESSAGE: {"statusCode":401,"success":false,"message":"Invalid password"}
2025-09-16 20:22:17 [ERROR]: POST /auth/login | STATUS: Invalid password | MESSAGE: {"statusCode":401,"success":false,"message":"Invalid password"}
2025-09-16 20:22:19 [ERROR]: POST /auth/login | STATUS: Invalid password | MESSAGE: {"statusCode":401,"success":false,"message":"Invalid password"}
2025-09-16 20:22:40 [ERROR]: POST /auth/login | STATUS: Invalid password | MESSAGE: {"statusCode":401,"success":false,"message":"Invalid password"}
2025-09-16 20:23:00 [ERROR]: POST /auth/login | STATUS: Invalid password | MESSAGE: {"statusCode":401,"success":false,"message":"Invalid password"}
2025-09-16 20:24:23 [ERROR]: POST /auth/login | STATUS: Invalid password | MESSAGE: {"statusCode":401,"success":false,"message":"Invalid password"}
2025-09-16 20:24:56 [ERROR]: POST /auth/login | STATUS: Invalid password | MESSAGE: {"statusCode":401,"success":false,"message":"Invalid password"}
2025-09-16 20:24:59 [ERROR]: GET /user/me | STATUS: Unauthorized | MESSAGE: {"statusCode":401,"success":false,"message":"Unauthorized"}
2025-09-16 20:26:20 [ERROR]: POST /auth/login | STATUS: Invalid password | MESSAGE: {"statusCode":401,"success":false,"message":"Invalid password"}
2025-09-17 03:42:43 [ERROR]: POST /user/otp-password | STATUS: Unauthorized access | MESSAGE: {"statusCode":401,"success":false,"message":"Unauthorized access"}
2025-09-17 03:43:12 [ERROR]: POST /user/otp-password | STATUS: Cannot read properties of undefined (reading 'userId') | MESSAGE: {}
2025-09-17 03:55:56 [ERROR]: POST /auth/login | STATUS: Invalid password | MESSAGE: {"statusCode":401,"success":false,"message":"Invalid password"}
2025-09-17 04:02:27 [ERROR]: PATCH /reservations/proof/b75bab76-3424-4cd9-a121-e2c29c21bd8a | STATUS: Unexpected field | MESSAGE: {"name":"MulterError","message":"Unexpected field","code":"LIMIT_UNEXPECTED_FILE","field":"proofImage","storageErrors":[]}
2025-09-17 04:21:00 [ERROR]: PATCH /reservations/proof/b75bab76-3424-4cd9-a121-e2c29c21bd8a | STATUS: 
Invalid `db.bookings.findFirst()` invocation in
/Users/Farizkey/Documents/Purwadhika - JCWDOL 020 /Property-Renting-Web-App/backend/src/repositories/transaction/user-tx.repository.ts:8:40

  5 export const checkBookingAndUserId = async (bookingId: string, userId: string, tx?: Prisma.TransactionClient) => {
  6 
  7     const db = tx ?? prisma
→ 8     const response = await db.bookings.findFirst({
          where: {
            id: undefined,
            userId: "c54675ef-4f94-4ccd-99c9-14225ae8fb6e",
            ~~~~~~
        ?   AND?: bookingsWhereInput | bookingsWhereInput[],
        ?   OR?: bookingsWhereInput[],
        ?   NOT?: bookingsWhereInput | bookingsWhereInput[],
        ?   user_id?: StringFilter | String,
        ?   property_id?: StringFilter | String,
        ?   status?: EnumBookingStatusFilter | BookingStatus,
        ?   check_in_date?: DateTimeFilter | DateTime,
        ?   check_out_date?: DateTimeFilter | DateTime,
        ?   total_price?: DecimalFilter | Decimal,
        ?   payment_deadline?: DateTimeFilter | DateTime,
        ?   created_at?: DateTimeFilter | DateTime,
        ?   updated_at?: DateTimeFilter | DateTime,
        ?   amount?: DecimalFilter | Decimal,
        ?   paid_at?: DateTimeNullableFilter | DateTime | Null,
        ?   proof_image?: StringNullableFilter | String | Null,
        ?   booking_rooms?: Booking_roomsListRelationFilter,
        ?   property?: PropertiesScalarRelationFilter | propertiesWhereInput,
        ?   user?: UsersScalarRelationFilter | usersWhereInput,
        ?   reviews?: ReviewsListRelationFilter
          }
        })

Unknown argument `userId`. Did you mean `user_id`? Available options are marked with ?. | MESSAGE: {"name":"PrismaClientValidationError","clientVersion":"6.13.0"}
2025-09-17 04:21:09 [ERROR]: PATCH /reservations/proof/b75bab76-3424-4cd9-a121-e2c29c21bd8a | STATUS: 
Invalid `db.bookings.findFirst()` invocation in
/Users/Farizkey/Documents/Purwadhika - JCWDOL 020 /Property-Renting-Web-App/backend/src/repositories/transaction/user-tx.repository.ts:8:40

  5 export const checkBookingAndUserId = async (bookingId: string, userId: string, tx?: Prisma.TransactionClient) => {
  6 
  7     const db = tx ?? prisma
→ 8     const response = await db.bookings.findFirst({
          where: {
            id: undefined,
            userId: "c54675ef-4f94-4ccd-99c9-14225ae8fb6e",
            ~~~~~~
        ?   AND?: bookingsWhereInput | bookingsWhereInput[],
        ?   OR?: bookingsWhereInput[],
        ?   NOT?: bookingsWhereInput | bookingsWhereInput[],
        ?   user_id?: StringFilter | String,
        ?   property_id?: StringFilter | String,
        ?   status?: EnumBookingStatusFilter | BookingStatus,
        ?   check_in_date?: DateTimeFilter | DateTime,
        ?   check_out_date?: DateTimeFilter | DateTime,
        ?   total_price?: DecimalFilter | Decimal,
        ?   payment_deadline?: DateTimeFilter | DateTime,
        ?   created_at?: DateTimeFilter | DateTime,
        ?   updated_at?: DateTimeFilter | DateTime,
        ?   amount?: DecimalFilter | Decimal,
        ?   paid_at?: DateTimeNullableFilter | DateTime | Null,
        ?   proof_image?: StringNullableFilter | String | Null,
        ?   booking_rooms?: Booking_roomsListRelationFilter,
        ?   property?: PropertiesScalarRelationFilter | propertiesWhereInput,
        ?   user?: UsersScalarRelationFilter | usersWhereInput,
        ?   reviews?: ReviewsListRelationFilter
          }
        })

Unknown argument `userId`. Did you mean `user_id`? Available options are marked with ?. | MESSAGE: {"name":"PrismaClientValidationError","clientVersion":"6.13.0"}
2025-09-17 04:21:11 [ERROR]: PATCH /reservations/proof/b75bab76-3424-4cd9-a121-e2c29c21bd8a | STATUS: 
Invalid `db.bookings.findFirst()` invocation in
/Users/Farizkey/Documents/Purwadhika - JCWDOL 020 /Property-Renting-Web-App/backend/src/repositories/transaction/user-tx.repository.ts:8:40

  5 export const checkBookingAndUserId = async (bookingId: string, userId: string, tx?: Prisma.TransactionClient) => {
  6 
  7     const db = tx ?? prisma
→ 8     const response = await db.bookings.findFirst({
          where: {
            id: undefined,
            userId: "c54675ef-4f94-4ccd-99c9-14225ae8fb6e",
            ~~~~~~
        ?   AND?: bookingsWhereInput | bookingsWhereInput[],
        ?   OR?: bookingsWhereInput[],
        ?   NOT?: bookingsWhereInput | bookingsWhereInput[],
        ?   user_id?: StringFilter | String,
        ?   property_id?: StringFilter | String,
        ?   status?: EnumBookingStatusFilter | BookingStatus,
        ?   check_in_date?: DateTimeFilter | DateTime,
        ?   check_out_date?: DateTimeFilter | DateTime,
        ?   total_price?: DecimalFilter | Decimal,
        ?   payment_deadline?: DateTimeFilter | DateTime,
        ?   created_at?: DateTimeFilter | DateTime,
        ?   updated_at?: DateTimeFilter | DateTime,
        ?   amount?: DecimalFilter | Decimal,
        ?   paid_at?: DateTimeNullableFilter | DateTime | Null,
        ?   proof_image?: StringNullableFilter | String | Null,
        ?   booking_rooms?: Booking_roomsListRelationFilter,
        ?   property?: PropertiesScalarRelationFilter | propertiesWhereInput,
        ?   user?: UsersScalarRelationFilter | usersWhereInput,
        ?   reviews?: ReviewsListRelationFilter
          }
        })

Unknown argument `userId`. Did you mean `user_id`? Available options are marked with ?. | MESSAGE: {"name":"PrismaClientValidationError","clientVersion":"6.13.0"}
2025-09-17 04:21:22 [ERROR]: PATCH /reservations/proof/b75bab76-3424-4cd9-a121-e2c29c21bd8a | STATUS: 
Invalid `db.bookings.findFirst()` invocation in
/Users/Farizkey/Documents/Purwadhika - JCWDOL 020 /Property-Renting-Web-App/backend/src/repositories/transaction/user-tx.repository.ts:8:40

  5 export const checkBookingAndUserId = async (bookingId: string, userId: string, tx?: Prisma.TransactionClient) => {
  6 
  7     const db = tx ?? prisma
→ 8     const response = await db.bookings.findFirst({
          where: {
            id: undefined,
            userId: "c54675ef-4f94-4ccd-99c9-14225ae8fb6e",
            ~~~~~~
        ?   AND?: bookingsWhereInput | bookingsWhereInput[],
        ?   OR?: bookingsWhereInput[],
        ?   NOT?: bookingsWhereInput | bookingsWhereInput[],
        ?   user_id?: StringFilter | String,
        ?   property_id?: StringFilter | String,
        ?   status?: EnumBookingStatusFilter | BookingStatus,
        ?   check_in_date?: DateTimeFilter | DateTime,
        ?   check_out_date?: DateTimeFilter | DateTime,
        ?   total_price?: DecimalFilter | Decimal,
        ?   payment_deadline?: DateTimeFilter | DateTime,
        ?   created_at?: DateTimeFilter | DateTime,
        ?   updated_at?: DateTimeFilter | DateTime,
        ?   amount?: DecimalFilter | Decimal,
        ?   paid_at?: DateTimeNullableFilter | DateTime | Null,
        ?   proof_image?: StringNullableFilter | String | Null,
        ?   booking_rooms?: Booking_roomsListRelationFilter,
        ?   property?: PropertiesScalarRelationFilter | propertiesWhereInput,
        ?   user?: UsersScalarRelationFilter | usersWhereInput,
        ?   reviews?: ReviewsListRelationFilter
          }
        })

Unknown argument `userId`. Did you mean `user_id`? Available options are marked with ?. | MESSAGE: {"name":"PrismaClientValidationError","clientVersion":"6.13.0"}
2025-09-17 04:23:30 [ERROR]: PATCH /reservations/proof/b75bab76-3424-4cd9-a121-e2c29c21bd8a | STATUS: 
Invalid `db.bookings.update()` invocation in
/Users/Farizkey/Documents/Purwadhika - JCWDOL 020 /Property-Renting-Web-App/backend/src/repositories/transaction/tenant-tx.repository.ts:270:21

  267   tx?: Prisma.TransactionClient
  268 ) => {
  269   const db = tx ?? prisma;
→ 270   await db.bookings.update({
          where: {
            id: undefined,
            status: "waiting_confirmation",
        ?   AND?: bookingsWhereInput | bookingsWhereInput[],
        ?   OR?: bookingsWhereInput[],
        ?   NOT?: bookingsWhereInput | bookingsWhereInput[],
        ?   user_id?: StringFilter | String,
        ?   property_id?: StringFilter | String,
        ?   check_in_date?: DateTimeFilter | DateTime,
        ?   check_out_date?: DateTimeFilter | DateTime,
        ?   total_price?: DecimalFilter | Decimal,
        ?   payment_deadline?: DateTimeFilter | DateTime,
        ?   created_at?: DateTimeFilter | DateTime,
        ?   updated_at?: DateTimeFilter | DateTime,
        ?   amount?: DecimalFilter | Decimal,
        ?   paid_at?: DateTimeNullableFilter | DateTime | Null,
        ?   proof_image?: StringNullableFilter | String | Null,
        ?   booking_rooms?: Booking_roomsListRelationFilter,
        ?   property?: PropertiesScalarRelationFilter | propertiesWhereInput,
        ?   user?: UsersScalarRelationFilter | usersWhereInput,
        ?   reviews?: ReviewsListRelationFilter
          },
          data: {
            proof_image: "https://res.cloudinary.com/dfhadzmjv/image/upload/v1758057810/wpjgibbb31eowsdeumcu.jpg",
            status: "waiting_confirmation"
          }
        })

Argument `where` of type bookingsWhereUniqueInput needs at least one of `id` arguments. Available options are marked with ?. | MESSAGE: {"name":"PrismaClientValidationError","clientVersion":"6.13.0"}
2025-09-17 04:25:54 [ERROR]: PATCH /reservations/proof/b75bab76-3424-4cd9-a121-e2c29c21bd8a | STATUS: 
Invalid `db.bookings.update()` invocation in
/Users/Farizkey/Documents/Purwadhika - JCWDOL 020 /Property-Renting-Web-App/backend/src/repositories/transaction/tenant-tx.repository.ts:270:21

  267   tx?: Prisma.TransactionClient
  268 ) => {
  269   const db = tx ?? prisma;
→ 270   await db.bookings.update({
          where: {
            id: undefined,
            status: "waiting_confirmation",
        ?   AND?: bookingsWhereInput | bookingsWhereInput[],
        ?   OR?: bookingsWhereInput[],
        ?   NOT?: bookingsWhereInput | bookingsWhereInput[],
        ?   user_id?: StringFilter | String,
        ?   property_id?: StringFilter | String,
        ?   check_in_date?: DateTimeFilter | DateTime,
        ?   check_out_date?: DateTimeFilter | DateTime,
        ?   total_price?: DecimalFilter | Decimal,
        ?   payment_deadline?: DateTimeFilter | DateTime,
        ?   created_at?: DateTimeFilter | DateTime,
        ?   updated_at?: DateTimeFilter | DateTime,
        ?   amount?: DecimalFilter | Decimal,
        ?   paid_at?: DateTimeNullableFilter | DateTime | Null,
        ?   proof_image?: StringNullableFilter | String | Null,
        ?   booking_rooms?: Booking_roomsListRelationFilter,
        ?   property?: PropertiesScalarRelationFilter | propertiesWhereInput,
        ?   user?: UsersScalarRelationFilter | usersWhereInput,
        ?   reviews?: ReviewsListRelationFilter
          },
          data: {
            proof_image: "https://res.cloudinary.com/dfhadzmjv/image/upload/v1758057954/ybxmkofinwpigkhblgwx.jpg",
            status: "waiting_confirmation"
          }
        })

Argument `where` of type bookingsWhereUniqueInput needs at least one of `id` arguments. Available options are marked with ?. | MESSAGE: {"name":"PrismaClientValidationError","clientVersion":"6.13.0"}
2025-09-17 04:28:17 [ERROR]: PATCH /reservations/proof/b75bab76-3424-4cd9-a121-e2c29c21bd8a | STATUS: 
Invalid `db.bookings.update()` invocation in
/Users/Farizkey/Documents/Purwadhika - JCWDOL 020 /Property-Renting-Web-App/backend/src/repositories/transaction/tenant-tx.repository.ts:270:21

  267   tx?: Prisma.TransactionClient
  268 ) => {
  269   const db = tx ?? prisma;
→ 270   await db.bookings.update({
          where: {
            id: undefined,
            status: "waiting_confirmation",
        ?   AND?: bookingsWhereInput | bookingsWhereInput[],
        ?   OR?: bookingsWhereInput[],
        ?   NOT?: bookingsWhereInput | bookingsWhereInput[],
        ?   user_id?: StringFilter | String,
        ?   property_id?: StringFilter | String,
        ?   check_in_date?: DateTimeFilter | DateTime,
        ?   check_out_date?: DateTimeFilter | DateTime,
        ?   total_price?: DecimalFilter | Decimal,
        ?   payment_deadline?: DateTimeFilter | DateTime,
        ?   created_at?: DateTimeFilter | DateTime,
        ?   updated_at?: DateTimeFilter | DateTime,
        ?   amount?: DecimalFilter | Decimal,
        ?   paid_at?: DateTimeNullableFilter | DateTime | Null,
        ?   proof_image?: StringNullableFilter | String | Null,
        ?   booking_rooms?: Booking_roomsListRelationFilter,
        ?   property?: PropertiesScalarRelationFilter | propertiesWhereInput,
        ?   user?: UsersScalarRelationFilter | usersWhereInput,
        ?   reviews?: ReviewsListRelationFilter
          },
          data: {
            proof_image: "https://res.cloudinary.com/dfhadzmjv/image/upload/v1758058097/mqavg92hvwsq3lhfsnuz.jpg",
            status: "waiting_confirmation"
          }
        })

Argument `where` of type bookingsWhereUniqueInput needs at least one of `id` arguments. Available options are marked with ?. | MESSAGE: {"name":"PrismaClientValidationError","clientVersion":"6.13.0"}
2025-09-17 13:31:26 [ERROR]: GET /user/me | STATUS: Unauthorized | MESSAGE: {"statusCode":401,"success":false,"message":"Unauthorized"}
2025-09-17 13:33:26 [ERROR]: GET /reservations/b75bab76-3424-4cd9-a121-e2c29c21bd8a | STATUS: Unauthorized | MESSAGE: {"statusCode":401,"success":false,"message":"Unauthorized"}
2025-09-17 13:33:48 [ERROR]: GET /reservations/b75bab76-3424-4cd9-a121-e2c29c21bd8a | STATUS: Unauthorized | MESSAGE: {"statusCode":401,"success":false,"message":"Unauthorized"}
2025-09-17 13:35:42 [ERROR]: GET /reservations/b75bab76-3424-4cd9-a121-e2c29c21bd8a | STATUS: Unauthorized access, only user can access this route | MESSAGE: {"statusCode":403,"success":false,"message":"Unauthorized access, only user can access this route"}
2025-09-17 13:40:24 [ERROR]: GET /reservations/b75bab76-3424-4cd9-a121-e2c29c21bd8a | STATUS: Unauthorized access, only user can access this route | MESSAGE: {"statusCode":403,"success":false,"message":"Unauthorized access, only user can access this route"}
2025-09-17 13:40:37 [ERROR]: POST /property/create | STATUS: 
Invalid `prisma.properties.create()` invocation in
/Users/Farizkey/Documents/Purwadhika - JCWDOL 020 /Property-Renting-Web-App/backend/src/repositories/property/property.repository.ts:81:28

  78 };
  79 
  80 export const createPropertyRepository = async (data: PropertyTypes) => {
→ 81   return prisma.properties.create({
         data: {
           tenant_id: "ce519591-964e-4add-9c74-deb7890c855a",
           name: "Damosa Hotels",
           description: "Located in the best location with beautiful views and strategic positioning around world-class markets.",
           address: "Depok, West Java, Indonesia",
           city: "Depok",
           province: "West Java",
           zip_code: "12516",
           latitude: "",
                     ~~
           longitude: "",
           main_image: "https://res.cloudinary.com/dfhadzmjv/image/upload/v1758091237/echfknxagknbcfpinvka.jpg",
           property_category: "hotel"
         }
       })

Invalid value for argument `latitude`: Failed to parse empty string. Expected decimal String. | MESSAGE: {"name":"PrismaClientValidationError","clientVersion":"6.13.0"}
2025-09-17 13:40:49 [ERROR]: POST /property/create | STATUS: 
Invalid `prisma.properties.create()` invocation in
/Users/Farizkey/Documents/Purwadhika - JCWDOL 020 /Property-Renting-Web-App/backend/src/repositories/property/property.repository.ts:81:28

  78 };
  79 
  80 export const createPropertyRepository = async (data: PropertyTypes) => {
→ 81   return prisma.properties.create({
         data: {
           tenant_id: "ce519591-964e-4add-9c74-deb7890c855a",
           name: "Damosa Hotels",
           description: "Located in the best location with beautiful views and strategic positioning around world-class markets.",
           address: "Depok, West Java, Indonesia",
           city: "Depok",
           province: "West Java",
           zip_code: "12516",
           latitude: "",
                     ~~
           longitude: "",
           main_image: "https://res.cloudinary.com/dfhadzmjv/image/upload/v1758091247/j71ppps1yatsyumdpshk.jpg",
           property_category: "hotel"
         }
       })

Invalid value for argument `latitude`: Failed to parse empty string. Expected decimal String. | MESSAGE: {"name":"PrismaClientValidationError","clientVersion":"6.13.0"}
2025-09-17 13:45:43 [ERROR]: GET /reservations/b75bab76-3424-4cd9-a121-e2c29c21bd8a | STATUS: Unauthorized access, only user can access this route | MESSAGE: {"statusCode":403,"success":false,"message":"Unauthorized access, only user can access this route"}
2025-09-17 13:46:10 [ERROR]: POST /room/create | STATUS: 
Invalid `prisma.peak_season_rates.createMany()` invocation in
/Users/Farizkey/Documents/Purwadhika - JCWDOL 020 /Property-Renting-Web-App/backend/src/services/rooms/rooms.services.ts:91:38

  88 }
  89 
  90 if (peakRatesData.length > 0) {
→ 91   await prisma.peak_season_rates.createMany({
         data: [
           {
             property_id: "aefc4c51-4dcf-4e5d-8caf-dbe6ac3f5e6f",
             room_id: "d73c75bd-1b61-4bdd-93f2-0f82d82decd8",
             start_date: new Date("2025-09-19T17:00:00.000Z"),
             end_date: new Date("2025-09-19T17:00:00.000Z"),
             price_change_type: undefined,
             price_change_value: NaN
           },
           {
             property_id: "aefc4c51-4dcf-4e5d-8caf-dbe6ac3f5e6f",
             room_id: "d73c75bd-1b61-4bdd-93f2-0f82d82decd8",
             start_date: new Date("2025-09-20T17:00:00.000Z"),
             end_date: new Date("2025-09-20T17:00:00.000Z"),
             price_change_type: undefined,
             price_change_value: NaN
           },
           {
             property_id: "aefc4c51-4dcf-4e5d-8caf-dbe6ac3f5e6f",
             room_id: "d73c75bd-1b61-4bdd-93f2-0f82d82decd8",
             start_date: new Date("2025-09-26T17:00:00.000Z"),
             end_date: new Date("2025-09-26T17:00:00.000Z"),
             price_change_type: undefined,
             price_change_value: NaN
           },
           {
             property_id: "aefc4c51-4dcf-4e5d-8caf-dbe6ac3f5e6f",
             room_id: "d73c75bd-1b61-4bdd-93f2-0f82d82decd8",
             start_date: new Date("2025-09-27T17:00:00.000Z"),
             end_date: new Date("2025-09-27T17:00:00.000Z"),
             price_change_type: undefined,
             price_change_value: NaN
           },
           {
             property_id: "aefc4c51-4dcf-4e5d-8caf-dbe6ac3f5e6f",
             room_id: "d73c75bd-1b61-4bdd-93f2-0f82d82decd8",
             start_date: new Date("2025-10-03T17:00:00.000Z"),
             end_date: new Date("2025-10-03T17:00:00.000Z"),
             price_change_type: undefined,
             price_change_value: NaN
           },
           {
             property_id: "aefc4c51-4dcf-4e5d-8caf-dbe6ac3f5e6f",
             room_id: "d73c75bd-1b61-4bdd-93f2-0f82d82decd8",
             start_date: new Date("2025-10-04T17:00:00.000Z"),
             end_date: new Date("2025-10-04T17:00:00.000Z"),
             price_change_type: undefined,
             price_change_value: NaN
           },
           {
             property_id: "aefc4c51-4dcf-4e5d-8caf-dbe6ac3f5e6f",
             room_id: "d73c75bd-1b61-4bdd-93f2-0f82d82decd8",
             start_date: new Date("2025-10-10T17:00:00.000Z"),
             end_date: new Date("2025-10-10T17:00:00.000Z"),
             price_change_type: undefined,
             price_change_value: NaN
           },
           {
             property_id: "aefc4c51-4dcf-4e5d-8caf-dbe6ac3f5e6f",
             room_id: "d73c75bd-1b61-4bdd-93f2-0f82d82decd8",
             start_date: new Date("2025-10-11T17:00:00.000Z"),
             end_date: new Date("2025-10-11T17:00:00.000Z"),
             price_change_type: undefined,
             price_change_value: NaN
           },
           {
             property_id: "aefc4c51-4dcf-4e5d-8caf-dbe6ac3f5e6f",
             room_id: "d73c75bd-1b61-4bdd-93f2-0f82d82decd8",
             start_date: new Date("2025-10-17T17:00:00.000Z"),
             end_date: new Date("2025-10-17T17:00:00.000Z"),
             price_change_type: undefined,
             price_change_value: NaN
           },
           {
             property_id: "aefc4c51-4dcf-4e5d-8caf-dbe6ac3f5e6f",
             room_id: "d73c75bd-1b61-4bdd-93f2-0f82d82decd8",
             start_date: new Date("2025-10-18T17:00:00.000Z"),
             end_date: new Date("2025-10-18T17:00:00.000Z"),
             price_change_type: undefined,
             price_change_value: NaN
           },
           {
             property_id: "aefc4c51-4dcf-4e5d-8caf-dbe6ac3f5e6f",
             room_id: "d73c75bd-1b61-4bdd-93f2-0f82d82decd8",
             start_date: new Date("2025-10-24T17:00:00.000Z"),
             end_date: new Date("2025-10-24T17:00:00.000Z"),
             price_change_type: undefined,
             price_change_value: NaN
           },
           {
             property_id: "aefc4c51-4dcf-4e5d-8caf-dbe6ac3f5e6f",
             room_id: "d73c75bd-1b61-4bdd-93f2-0f82d82decd8",
             start_date: new Date("2025-10-25T17:00:00.000Z"),
             end_date: new Date("2025-10-25T17:00:00.000Z"),
             price_change_type: undefined,
             price_change_value: NaN
           },
           {
             property_id: "aefc4c51-4dcf-4e5d-8caf-dbe6ac3f5e6f",
             room_id: "d73c75bd-1b61-4bdd-93f2-0f82d82decd8",
             start_date: new Date("2025-10-31T17:00:00.000Z"),
             end_date: new Date("2025-10-31T17:00:00.000Z"),
             price_change_type: undefined,
             price_change_value: NaN
           },
           {
             property_id: "aefc4c51-4dcf-4e5d-8caf-dbe6ac3f5e6f",
             room_id: "d73c75bd-1b61-4bdd-93f2-0f82d82decd8",
             start_date: new Date("2025-11-01T17:00:00.000Z"),
             end_date: new Date("2025-11-01T17:00:00.000Z"),
             price_change_type: undefined,
             price_change_value: NaN
           },
           {
             property_id: "aefc4c51-4dcf-4e5d-8caf-dbe6ac3f5e6f",
             room_id: "d73c75bd-1b61-4bdd-93f2-0f82d82decd8",
             start_date: new Date("2025-11-07T17:00:00.000Z"),
             end_date: new Date("2025-11-07T17:00:00.000Z"),
             price_change_type: undefined,
             price_change_value: NaN
           },
           {
             property_id: "aefc4c51-4dcf-4e5d-8caf-dbe6ac3f5e6f",
             room_id: "d73c75bd-1b61-4bdd-93f2-0f82d82decd8",
             start_date: new Date("2025-11-08T17:00:00.000Z"),
             end_date: new Date("2025-11-08T17:00:00.000Z"),
             price_change_type: undefined,
             price_change_value: NaN
           },
           {
             property_id: "aefc4c51-4dcf-4e5d-8caf-dbe6ac3f5e6f",
             room_id: "d73c75bd-1b61-4bdd-93f2-0f82d82decd8",
             start_date: new Date("2025-11-14T17:00:00.000Z"),
             end_date: new Date("2025-11-14T17:00:00.000Z"),
             price_change_type: undefined,
             price_change_value: NaN
           },
           {
             property_id: "aefc4c51-4dcf-4e5d-8caf-dbe6ac3f5e6f",
             room_id: "d73c75bd-1b61-4bdd-93f2-0f82d82decd8",
             start_date: new Date("2025-11-15T17:00:00.000Z"),
             end_date: new Date("2025-11-15T17:00:00.000Z"),
             price_change_type: undefined,
             price_change_value: NaN
           },
           {
             property_id: "aefc4c51-4dcf-4e5d-8caf-dbe6ac3f5e6f",
             room_id: "d73c75bd-1b61-4bdd-93f2-0f82d82decd8",
             start_date: new Date("2025-11-21T17:00:00.000Z"),
             end_date: new Date("2025-11-21T17:00:00.000Z"),
             price_change_type: undefined,
             price_change_value: NaN
           },
           {
             property_id: "aefc4c51-4dcf-4e5d-8caf-dbe6ac3f5e6f",
             room_id: "d73c75bd-1b61-4bdd-93f2-0f82d82decd8",
             start_date: new Date("2025-11-22T17:00:00.000Z"),
             end_date: new Date("2025-11-22T17:00:00.000Z"),
             price_change_type: undefined,
             price_change_value: NaN
           },
           {
             property_id: "aefc4c51-4dcf-4e5d-8caf-dbe6ac3f5e6f",
             room_id: "d73c75bd-1b61-4bdd-93f2-0f82d82decd8",
             start_date: new Date("2025-11-28T17:00:00.000Z"),
             end_date: new Date("2025-11-28T17:00:00.000Z"),
             price_change_type: undefined,
             price_change_value: NaN
           },
           {
             property_id: "aefc4c51-4dcf-4e5d-8caf-dbe6ac3f5e6f",
             room_id: "d73c75bd-1b61-4bdd-93f2-0f82d82decd8",
             start_date: new Date("2025-11-29T17:00:00.000Z"),
             end_date: new Date("2025-11-29T17:00:00.000Z"),
             price_change_type: undefined,
             price_change_value: NaN
           },
           {
             property_id: "aefc4c51-4dcf-4e5d-8caf-dbe6ac3f5e6f",
             room_id: "d73c75bd-1b61-4bdd-93f2-0f82d82decd8",
             start_date: new Date("2025-12-05T17:00:00.000Z"),
             end_date: new Date("2025-12-05T17:00:00.000Z"),
             price_change_type: undefined,
             price_change_value: NaN
           },
           {
             property_id: "aefc4c51-4dcf-4e5d-8caf-dbe6ac3f5e6f",
             room_id: "d73c75bd-1b61-4bdd-93f2-0f82d82decd8",
             start_date: new Date("2025-12-06T17:00:00.000Z"),
             end_date: new Date("2025-12-06T17:00:00.000Z"),
             price_change_type: undefined,
             price_change_value: NaN
           },
           {
             property_id: "aefc4c51-4dcf-4e5d-8caf-dbe6ac3f5e6f",
             room_id: "d73c75bd-1b61-4bdd-93f2-0f82d82decd8",
             start_date: new Date("2025-12-12T17:00:00.000Z"),
             end_date: new Date("2025-12-12T17:00:00.000Z"),
             price_change_type: undefined,
             price_change_value: NaN
           },
           {
             property_id: "aefc4c51-4dcf-4e5d-8caf-dbe6ac3f5e6f",
             room_id: "d73c75bd-1b61-4bdd-93f2-0f82d82decd8",
             start_date: new Date("2025-12-13T17:00:00.000Z"),
             end_date: new Date("2025-12-13T17:00:00.000Z"),
             price_change_type: undefined,
             price_change_value: NaN
           },
           {
             property_id: "aefc4c51-4dcf-4e5d-8caf-dbe6ac3f5e6f",
             room_id: "d73c75bd-1b61-4bdd-93f2-0f82d82decd8",
             start_date: new Date("2025-12-19T17:00:00.000Z"),
             end_date: new Date("2025-12-19T17:00:00.000Z"),
             price_change_type: undefined,
             price_change_value: NaN
           },
           {
             property_id: "aefc4c51-4dcf-4e5d-8caf-dbe6ac3f5e6f",
             room_id: "d73c75bd-1b61-4bdd-93f2-0f82d82decd8",
             start_date: new Date("2025-12-20T17:00:00.000Z"),
             end_date: new Date("2025-12-20T17:00:00.000Z"),
             price_change_type: undefined,
             price_change_value: NaN
           },
           {
             property_id: "aefc4c51-4dcf-4e5d-8caf-dbe6ac3f5e6f",
             room_id: "d73c75bd-1b61-4bdd-93f2-0f82d82decd8",
             start_date: new Date("2025-12-26T17:00:00.000Z"),
             end_date: new Date("2025-12-26T17:00:00.000Z"),
             price_change_type: undefined,
             price_change_value: NaN
           },
           {
             property_id: "aefc4c51-4dcf-4e5d-8caf-dbe6ac3f5e6f",
             room_id: "d73c75bd-1b61-4bdd-93f2-0f82d82decd8",
             start_date: new Date("2025-12-27T17:00:00.000Z"),
             end_date: new Date("2025-12-27T17:00:00.000Z"),
             price_change_type: undefined,
             price_change_value: NaN
           },
           {
             property_id: "aefc4c51-4dcf-4e5d-8caf-dbe6ac3f5e6f",
             room_id: "d73c75bd-1b61-4bdd-93f2-0f82d82decd8",
             start_date: new Date("2026-01-02T17:00:00.000Z"),
             end_date: new Date("2026-01-02T17:00:00.000Z"),
             price_change_type: undefined,
             price_change_value: NaN
           },
           {
             property_id: "aefc4c51-4dcf-4e5d-8caf-dbe6ac3f5e6f",
             room_id: "d73c75bd-1b61-4bdd-93f2-0f82d82decd8",
             start_date: new Date("2026-01-03T17:00:00.000Z"),
             end_date: new Date("2026-01-03T17:00:00.000Z"),
             price_change_type: undefined,
             price_change_value: NaN
           },
           {
             property_id: "aefc4c51-4dcf-4e5d-8caf-dbe6ac3f5e6f",
             room_id: "d73c75bd-1b61-4bdd-93f2-0f82d82decd8",
             start_date: new Date("2026-01-09T17:00:00.000Z"),
             end_date: new Date("2026-01-09T17:00:00.000Z"),
             price_change_type: undefined,
             price_change_value: NaN
           },
           {
             property_id: "aefc4c51-4dcf-4e5d-8caf-dbe6ac3f5e6f",
             room_id: "d73c75bd-1b61-4bdd-93f2-0f82d82decd8",
             start_date: new Date("2026-01-10T17:00:00.000Z"),
             end_date: new Date("2026-01-10T17:00:00.000Z"),
             price_change_type: undefined,
             price_change_value: NaN
           },
           {
             property_id: "aefc4c51-4dcf-4e5d-8caf-dbe6ac3f5e6f",
             room_id: "d73c75bd-1b61-4bdd-93f2-0f82d82decd8",
             start_date: new Date("2026-01-16T17:00:00.000Z"),
             end_date: new Date("2026-01-16T17:00:00.000Z"),
             price_change_type: undefined,
             price_change_value: NaN
           },
           {
             property_id: "aefc4c51-4dcf-4e5d-8caf-dbe6ac3f5e6f",
             room_id: "d73c75bd-1b61-4bdd-93f2-0f82d82decd8",
             start_date: new Date("2026-01-17T17:00:00.000Z"),
             end_date: new Date("2026-01-17T17:00:00.000Z"),
             price_change_type: undefined,
             price_change_value: NaN
           },
           {
             property_id: "aefc4c51-4dcf-4e5d-8caf-dbe6ac3f5e6f",
             room_id: "d73c75bd-1b61-4bdd-93f2-0f82d82decd8",
             start_date: new Date("2026-01-23T17:00:00.000Z"),
             end_date: new Date("2026-01-23T17:00:00.000Z"),
             price_change_type: undefined,
             price_change_value: NaN
           },
           {
             property_id: "aefc4c51-4dcf-4e5d-8caf-dbe6ac3f5e6f",
             room_id: "d73c75bd-1b61-4bdd-93f2-0f82d82decd8",
             start_date: new Date("2026-01-24T17:00:00.000Z"),
             end_date: new Date("2026-01-24T17:00:00.000Z"),
             price_change_type: undefined,
             price_change_value: NaN
           },
           {
             property_id: "aefc4c51-4dcf-4e5d-8caf-dbe6ac3f5e6f",
             room_id: "d73c75bd-1b61-4bdd-93f2-0f82d82decd8",
             start_date: new Date("2026-01-30T17:00:00.000Z"),
             end_date: new Date("2026-01-30T17:00:00.000Z"),
             price_change_type: undefined,
             price_change_value: NaN
           },
           {
             property_id: "aefc4c51-4dcf-4e5d-8caf-dbe6ac3f5e6f",
             room_id: "d73c75bd-1b61-4bdd-93f2-0f82d82decd8",
             start_date: new Date("2026-01-31T17:00:00.000Z"),
             end_date: new Date("2026-01-31T17:00:00.000Z"),
             price_change_type: undefined,
             price_change_value: NaN
           },
           {
             property_id: "aefc4c51-4dcf-4e5d-8caf-dbe6ac3f5e6f",
             room_id: "d73c75bd-1b61-4bdd-93f2-0f82d82decd8",
             start_date: new Date("2026-02-06T17:00:00.000Z"),
             end_date: new Date("2026-02-06T17:00:00.000Z"),
             price_change_type: undefined,
             price_change_value: NaN
           },
           {
             property_id: "aefc4c51-4dcf-4e5d-8caf-dbe6ac3f5e6f",
             room_id: "d73c75bd-1b61-4bdd-93f2-0f82d82decd8",
             start_date: new Date("2026-02-07T17:00:00.000Z"),
             end_date: new Date("2026-02-07T17:00:00.000Z"),
             price_change_type: undefined,
             price_change_value: NaN
           },
           {
             property_id: "aefc4c51-4dcf-4e5d-8caf-dbe6ac3f5e6f",
             room_id: "d73c75bd-1b61-4bdd-93f2-0f82d82decd8",
             start_date: new Date("2026-02-13T17:00:00.000Z"),
             end_date: new Date("2026-02-13T17:00:00.000Z"),
             price_change_type: undefined,
             price_change_value: NaN
           },
           {
             property_id: "aefc4c51-4dcf-4e5d-8caf-dbe6ac3f5e6f",
             room_id: "d73c75bd-1b61-4bdd-93f2-0f82d82decd8",
             start_date: new Date("2026-02-14T17:00:00.000Z"),
             end_date: new Date("2026-02-14T17:00:00.000Z"),
             price_change_type: undefined,
             price_change_value: NaN
           },
           {
             property_id: "aefc4c51-4dcf-4e5d-8caf-dbe6ac3f5e6f",
             room_id: "d73c75bd-1b61-4bdd-93f2-0f82d82decd8",
             start_date: new Date("2026-02-20T17:00:00.000Z"),
             end_date: new Date("2026-02-20T17:00:00.000Z"),
             price_change_type: undefined,
             price_change_value: NaN
           },
           {
             property_id: "aefc4c51-4dcf-4e5d-8caf-dbe6ac3f5e6f",
             room_id: "d73c75bd-1b61-4bdd-93f2-0f82d82decd8",
             start_date: new Date("2026-02-21T17:00:00.000Z"),
             end_date: new Date("2026-02-21T17:00:00.000Z"),
             price_change_type: undefined,
             price_change_value: NaN
           },
           {
             property_id: "aefc4c51-4dcf-4e5d-8caf-dbe6ac3f5e6f",
             room_id: "d73c75bd-1b61-4bdd-93f2-0f82d82decd8",
             start_date: new Date("2026-02-27T17:00:00.000Z"),
             end_date: new Date("2026-02-27T17:00:00.000Z"),
             price_change_type: undefined,
             price_change_value: NaN
           },
           {
             property_id: "aefc4c51-4dcf-4e5d-8caf-dbe6ac3f5e6f",
             room_id: "d73c75bd-1b61-4bdd-93f2-0f82d82decd8",
             start_date: new Date("2026-02-28T17:00:00.000Z"),
             end_date: new Date("2026-02-28T17:00:00.000Z"),
             price_change_type: undefined,
             price_change_value: NaN
           },
           {
             property_id: "aefc4c51-4dcf-4e5d-8caf-dbe6ac3f5e6f",
             room_id: "d73c75bd-1b61-4bdd-93f2-0f82d82decd8",
             start_date: new Date("2026-03-06T17:00:00.000Z"),
             end_date: new Date("2026-03-06T17:00:00.000Z"),
             price_change_type: undefined,
             price_change_value: NaN
           },
           {
             property_id: "aefc4c51-4dcf-4e5d-8caf-dbe6ac3f5e6f",
             room_id: "d73c75bd-1b61-4bdd-93f2-0f82d82decd8",
             start_date: new Date("2026-03-07T17:00:00.000Z"),
             end_date: new Date("2026-03-07T17:00:00.000Z"),
             price_change_type: undefined,
             price_change_value: NaN
           },
           {
             property_id: "aefc4c51-4dcf-4e5d-8caf-dbe6ac3f5e6f",
             room_id: "d73c75bd-1b61-4bdd-93f2-0f82d82decd8",
             start_date: new Date("2026-03-13T17:00:00.000Z"),
             end_date: new Date("2026-03-13T17:00:00.000Z"),
             price_change_type: undefined,
             price_change_value: NaN
           },
           {
             property_id: "aefc4c51-4dcf-4e5d-8caf-dbe6ac3f5e6f",
             room_id: "d73c75bd-1b61-4bdd-93f2-0f82d82decd8",
             start_date: new Date("2026-03-14T17:00:00.000Z"),
             end_date: new Date("2026-03-14T17:00:00.000Z"),
             price_change_type: undefined,
             price_change_value: NaN
           }
         ],
         skipDuplicates: true
       })

Argument `price_change_type` is missing. | MESSAGE: {"name":"PrismaClientValidationError","clientVersion":"6.13.0"}
2025-09-17 13:46:30 [ERROR]: POST /room/create | STATUS: 
Invalid `prisma.peak_season_rates.createMany()` invocation in
/Users/Farizkey/Documents/Purwadhika - JCWDOL 020 /Property-Renting-Web-App/backend/src/services/rooms/rooms.services.ts:91:38

  88 }
  89 
  90 if (peakRatesData.length > 0) {
→ 91   await prisma.peak_season_rates.createMany({
         data: [
           {
             property_id: "aefc4c51-4dcf-4e5d-8caf-dbe6ac3f5e6f",
             room_id: "473389d1-a23c-4685-b6b9-a420a9987a27",
             start_date: new Date("2025-09-19T17:00:00.000Z"),
             end_date: new Date("2025-09-19T17:00:00.000Z"),
             price_change_type: undefined,
             price_change_value: NaN
           },
           {
             property_id: "aefc4c51-4dcf-4e5d-8caf-dbe6ac3f5e6f",
             room_id: "473389d1-a23c-4685-b6b9-a420a9987a27",
             start_date: new Date("2025-09-20T17:00:00.000Z"),
             end_date: new Date("2025-09-20T17:00:00.000Z"),
             price_change_type: undefined,
             price_change_value: NaN
           },
           {
             property_id: "aefc4c51-4dcf-4e5d-8caf-dbe6ac3f5e6f",
             room_id: "473389d1-a23c-4685-b6b9-a420a9987a27",
             start_date: new Date("2025-09-26T17:00:00.000Z"),
             end_date: new Date("2025-09-26T17:00:00.000Z"),
             price_change_type: undefined,
             price_change_value: NaN
           },
           {
             property_id: "aefc4c51-4dcf-4e5d-8caf-dbe6ac3f5e6f",
             room_id: "473389d1-a23c-4685-b6b9-a420a9987a27",
             start_date: new Date("2025-09-27T17:00:00.000Z"),
             end_date: new Date("2025-09-27T17:00:00.000Z"),
             price_change_type: undefined,
             price_change_value: NaN
           },
           {
             property_id: "aefc4c51-4dcf-4e5d-8caf-dbe6ac3f5e6f",
             room_id: "473389d1-a23c-4685-b6b9-a420a9987a27",
             start_date: new Date("2025-10-03T17:00:00.000Z"),
             end_date: new Date("2025-10-03T17:00:00.000Z"),
             price_change_type: undefined,
             price_change_value: NaN
           },
           {
             property_id: "aefc4c51-4dcf-4e5d-8caf-dbe6ac3f5e6f",
             room_id: "473389d1-a23c-4685-b6b9-a420a9987a27",
             start_date: new Date("2025-10-04T17:00:00.000Z"),
             end_date: new Date("2025-10-04T17:00:00.000Z"),
             price_change_type: undefined,
             price_change_value: NaN
           },
           {
             property_id: "aefc4c51-4dcf-4e5d-8caf-dbe6ac3f5e6f",
             room_id: "473389d1-a23c-4685-b6b9-a420a9987a27",
             start_date: new Date("2025-10-10T17:00:00.000Z"),
             end_date: new Date("2025-10-10T17:00:00.000Z"),
             price_change_type: undefined,
             price_change_value: NaN
           },
           {
             property_id: "aefc4c51-4dcf-4e5d-8caf-dbe6ac3f5e6f",
             room_id: "473389d1-a23c-4685-b6b9-a420a9987a27",
             start_date: new Date("2025-10-11T17:00:00.000Z"),
             end_date: new Date("2025-10-11T17:00:00.000Z"),
             price_change_type: undefined,
             price_change_value: NaN
           },
           {
             property_id: "aefc4c51-4dcf-4e5d-8caf-dbe6ac3f5e6f",
             room_id: "473389d1-a23c-4685-b6b9-a420a9987a27",
             start_date: new Date("2025-10-17T17:00:00.000Z"),
             end_date: new Date("2025-10-17T17:00:00.000Z"),
             price_change_type: undefined,
             price_change_value: NaN
           },
           {
             property_id: "aefc4c51-4dcf-4e5d-8caf-dbe6ac3f5e6f",
             room_id: "473389d1-a23c-4685-b6b9-a420a9987a27",
             start_date: new Date("2025-10-18T17:00:00.000Z"),
             end_date: new Date("2025-10-18T17:00:00.000Z"),
             price_change_type: undefined,
             price_change_value: NaN
           },
           {
             property_id: "aefc4c51-4dcf-4e5d-8caf-dbe6ac3f5e6f",
             room_id: "473389d1-a23c-4685-b6b9-a420a9987a27",
             start_date: new Date("2025-10-24T17:00:00.000Z"),
             end_date: new Date("2025-10-24T17:00:00.000Z"),
             price_change_type: undefined,
             price_change_value: NaN
           },
           {
             property_id: "aefc4c51-4dcf-4e5d-8caf-dbe6ac3f5e6f",
             room_id: "473389d1-a23c-4685-b6b9-a420a9987a27",
             start_date: new Date("2025-10-25T17:00:00.000Z"),
             end_date: new Date("2025-10-25T17:00:00.000Z"),
             price_change_type: undefined,
             price_change_value: NaN
           },
           {
             property_id: "aefc4c51-4dcf-4e5d-8caf-dbe6ac3f5e6f",
             room_id: "473389d1-a23c-4685-b6b9-a420a9987a27",
             start_date: new Date("2025-10-31T17:00:00.000Z"),
             end_date: new Date("2025-10-31T17:00:00.000Z"),
             price_change_type: undefined,
             price_change_value: NaN
           },
           {
             property_id: "aefc4c51-4dcf-4e5d-8caf-dbe6ac3f5e6f",
             room_id: "473389d1-a23c-4685-b6b9-a420a9987a27",
             start_date: new Date("2025-11-01T17:00:00.000Z"),
             end_date: new Date("2025-11-01T17:00:00.000Z"),
             price_change_type: undefined,
             price_change_value: NaN
           },
           {
             property_id: "aefc4c51-4dcf-4e5d-8caf-dbe6ac3f5e6f",
             room_id: "473389d1-a23c-4685-b6b9-a420a9987a27",
             start_date: new Date("2025-11-07T17:00:00.000Z"),
             end_date: new Date("2025-11-07T17:00:00.000Z"),
             price_change_type: undefined,
             price_change_value: NaN
           },
           {
             property_id: "aefc4c51-4dcf-4e5d-8caf-dbe6ac3f5e6f",
             room_id: "473389d1-a23c-4685-b6b9-a420a9987a27",
             start_date: new Date("2025-11-08T17:00:00.000Z"),
             end_date: new Date("2025-11-08T17:00:00.000Z"),
             price_change_type: undefined,
             price_change_value: NaN
           },
           {
             property_id: "aefc4c51-4dcf-4e5d-8caf-dbe6ac3f5e6f",
             room_id: "473389d1-a23c-4685-b6b9-a420a9987a27",
             start_date: new Date("2025-11-14T17:00:00.000Z"),
             end_date: new Date("2025-11-14T17:00:00.000Z"),
             price_change_type: undefined,
             price_change_value: NaN
           },
           {
             property_id: "aefc4c51-4dcf-4e5d-8caf-dbe6ac3f5e6f",
             room_id: "473389d1-a23c-4685-b6b9-a420a9987a27",
             start_date: new Date("2025-11-15T17:00:00.000Z"),
             end_date: new Date("2025-11-15T17:00:00.000Z"),
             price_change_type: undefined,
             price_change_value: NaN
           },
           {
             property_id: "aefc4c51-4dcf-4e5d-8caf-dbe6ac3f5e6f",
             room_id: "473389d1-a23c-4685-b6b9-a420a9987a27",
             start_date: new Date("2025-11-21T17:00:00.000Z"),
             end_date: new Date("2025-11-21T17:00:00.000Z"),
             price_change_type: undefined,
             price_change_value: NaN
           },
           {
             property_id: "aefc4c51-4dcf-4e5d-8caf-dbe6ac3f5e6f",
             room_id: "473389d1-a23c-4685-b6b9-a420a9987a27",
             start_date: new Date("2025-11-22T17:00:00.000Z"),
             end_date: new Date("2025-11-22T17:00:00.000Z"),
             price_change_type: undefined,
             price_change_value: NaN
           },
           {
             property_id: "aefc4c51-4dcf-4e5d-8caf-dbe6ac3f5e6f",
             room_id: "473389d1-a23c-4685-b6b9-a420a9987a27",
             start_date: new Date("2025-11-28T17:00:00.000Z"),
             end_date: new Date("2025-11-28T17:00:00.000Z"),
             price_change_type: undefined,
             price_change_value: NaN
           },
           {
             property_id: "aefc4c51-4dcf-4e5d-8caf-dbe6ac3f5e6f",
             room_id: "473389d1-a23c-4685-b6b9-a420a9987a27",
             start_date: new Date("2025-11-29T17:00:00.000Z"),
             end_date: new Date("2025-11-29T17:00:00.000Z"),
             price_change_type: undefined,
             price_change_value: NaN
           },
           {
             property_id: "aefc4c51-4dcf-4e5d-8caf-dbe6ac3f5e6f",
             room_id: "473389d1-a23c-4685-b6b9-a420a9987a27",
             start_date: new Date("2025-12-05T17:00:00.000Z"),
             end_date: new Date("2025-12-05T17:00:00.000Z"),
             price_change_type: undefined,
             price_change_value: NaN
           },
           {
             property_id: "aefc4c51-4dcf-4e5d-8caf-dbe6ac3f5e6f",
             room_id: "473389d1-a23c-4685-b6b9-a420a9987a27",
             start_date: new Date("2025-12-06T17:00:00.000Z"),
             end_date: new Date("2025-12-06T17:00:00.000Z"),
             price_change_type: undefined,
             price_change_value: NaN
           },
           {
             property_id: "aefc4c51-4dcf-4e5d-8caf-dbe6ac3f5e6f",
             room_id: "473389d1-a23c-4685-b6b9-a420a9987a27",
             start_date: new Date("2025-12-12T17:00:00.000Z"),
             end_date: new Date("2025-12-12T17:00:00.000Z"),
             price_change_type: undefined,
             price_change_value: NaN
           },
           {
             property_id: "aefc4c51-4dcf-4e5d-8caf-dbe6ac3f5e6f",
             room_id: "473389d1-a23c-4685-b6b9-a420a9987a27",
             start_date: new Date("2025-12-13T17:00:00.000Z"),
             end_date: new Date("2025-12-13T17:00:00.000Z"),
             price_change_type: undefined,
             price_change_value: NaN
           },
           {
             property_id: "aefc4c51-4dcf-4e5d-8caf-dbe6ac3f5e6f",
             room_id: "473389d1-a23c-4685-b6b9-a420a9987a27",
             start_date: new Date("2025-12-19T17:00:00.000Z"),
             end_date: new Date("2025-12-19T17:00:00.000Z"),
             price_change_type: undefined,
             price_change_value: NaN
           },
           {
             property_id: "aefc4c51-4dcf-4e5d-8caf-dbe6ac3f5e6f",
             room_id: "473389d1-a23c-4685-b6b9-a420a9987a27",
             start_date: new Date("2025-12-20T17:00:00.000Z"),
             end_date: new Date("2025-12-20T17:00:00.000Z"),
             price_change_type: undefined,
             price_change_value: NaN
           },
           {
             property_id: "aefc4c51-4dcf-4e5d-8caf-dbe6ac3f5e6f",
             room_id: "473389d1-a23c-4685-b6b9-a420a9987a27",
             start_date: new Date("2025-12-26T17:00:00.000Z"),
             end_date: new Date("2025-12-26T17:00:00.000Z"),
             price_change_type: undefined,
             price_change_value: NaN
           },
           {
             property_id: "aefc4c51-4dcf-4e5d-8caf-dbe6ac3f5e6f",
             room_id: "473389d1-a23c-4685-b6b9-a420a9987a27",
             start_date: new Date("2025-12-27T17:00:00.000Z"),
             end_date: new Date("2025-12-27T17:00:00.000Z"),
             price_change_type: undefined,
             price_change_value: NaN
           },
           {
             property_id: "aefc4c51-4dcf-4e5d-8caf-dbe6ac3f5e6f",
             room_id: "473389d1-a23c-4685-b6b9-a420a9987a27",
             start_date: new Date("2026-01-02T17:00:00.000Z"),
             end_date: new Date("2026-01-02T17:00:00.000Z"),
             price_change_type: undefined,
             price_change_value: NaN
           },
           {
             property_id: "aefc4c51-4dcf-4e5d-8caf-dbe6ac3f5e6f",
             room_id: "473389d1-a23c-4685-b6b9-a420a9987a27",
             start_date: new Date("2026-01-03T17:00:00.000Z"),
             end_date: new Date("2026-01-03T17:00:00.000Z"),
             price_change_type: undefined,
             price_change_value: NaN
           },
           {
             property_id: "aefc4c51-4dcf-4e5d-8caf-dbe6ac3f5e6f",
             room_id: "473389d1-a23c-4685-b6b9-a420a9987a27",
             start_date: new Date("2026-01-09T17:00:00.000Z"),
             end_date: new Date("2026-01-09T17:00:00.000Z"),
             price_change_type: undefined,
             price_change_value: NaN
           },
           {
             property_id: "aefc4c51-4dcf-4e5d-8caf-dbe6ac3f5e6f",
             room_id: "473389d1-a23c-4685-b6b9-a420a9987a27",
             start_date: new Date("2026-01-10T17:00:00.000Z"),
             end_date: new Date("2026-01-10T17:00:00.000Z"),
             price_change_type: undefined,
             price_change_value: NaN
           },
           {
             property_id: "aefc4c51-4dcf-4e5d-8caf-dbe6ac3f5e6f",
             room_id: "473389d1-a23c-4685-b6b9-a420a9987a27",
             start_date: new Date("2026-01-16T17:00:00.000Z"),
             end_date: new Date("2026-01-16T17:00:00.000Z"),
             price_change_type: undefined,
             price_change_value: NaN
           },
           {
             property_id: "aefc4c51-4dcf-4e5d-8caf-dbe6ac3f5e6f",
             room_id: "473389d1-a23c-4685-b6b9-a420a9987a27",
             start_date: new Date("2026-01-17T17:00:00.000Z"),
             end_date: new Date("2026-01-17T17:00:00.000Z"),
             price_change_type: undefined,
             price_change_value: NaN
           },
           {
             property_id: "aefc4c51-4dcf-4e5d-8caf-dbe6ac3f5e6f",
             room_id: "473389d1-a23c-4685-b6b9-a420a9987a27",
             start_date: new Date("2026-01-23T17:00:00.000Z"),
             end_date: new Date("2026-01-23T17:00:00.000Z"),
             price_change_type: undefined,
             price_change_value: NaN
           },
           {
             property_id: "aefc4c51-4dcf-4e5d-8caf-dbe6ac3f5e6f",
             room_id: "473389d1-a23c-4685-b6b9-a420a9987a27",
             start_date: new Date("2026-01-24T17:00:00.000Z"),
             end_date: new Date("2026-01-24T17:00:00.000Z"),
             price_change_type: undefined,
             price_change_value: NaN
           },
           {
             property_id: "aefc4c51-4dcf-4e5d-8caf-dbe6ac3f5e6f",
             room_id: "473389d1-a23c-4685-b6b9-a420a9987a27",
             start_date: new Date("2026-01-30T17:00:00.000Z"),
             end_date: new Date("2026-01-30T17:00:00.000Z"),
             price_change_type: undefined,
             price_change_value: NaN
           },
           {
             property_id: "aefc4c51-4dcf-4e5d-8caf-dbe6ac3f5e6f",
             room_id: "473389d1-a23c-4685-b6b9-a420a9987a27",
             start_date: new Date("2026-01-31T17:00:00.000Z"),
             end_date: new Date("2026-01-31T17:00:00.000Z"),
             price_change_type: undefined,
             price_change_value: NaN
           },
           {
             property_id: "aefc4c51-4dcf-4e5d-8caf-dbe6ac3f5e6f",
             room_id: "473389d1-a23c-4685-b6b9-a420a9987a27",
             start_date: new Date("2026-02-06T17:00:00.000Z"),
             end_date: new Date("2026-02-06T17:00:00.000Z"),
             price_change_type: undefined,
             price_change_value: NaN
           },
           {
             property_id: "aefc4c51-4dcf-4e5d-8caf-dbe6ac3f5e6f",
             room_id: "473389d1-a23c-4685-b6b9-a420a9987a27",
             start_date: new Date("2026-02-07T17:00:00.000Z"),
             end_date: new Date("2026-02-07T17:00:00.000Z"),
             price_change_type: undefined,
             price_change_value: NaN
           },
           {
             property_id: "aefc4c51-4dcf-4e5d-8caf-dbe6ac3f5e6f",
             room_id: "473389d1-a23c-4685-b6b9-a420a9987a27",
             start_date: new Date("2026-02-13T17:00:00.000Z"),
             end_date: new Date("2026-02-13T17:00:00.000Z"),
             price_change_type: undefined,
             price_change_value: NaN
           },
           {
             property_id: "aefc4c51-4dcf-4e5d-8caf-dbe6ac3f5e6f",
             room_id: "473389d1-a23c-4685-b6b9-a420a9987a27",
             start_date: new Date("2026-02-14T17:00:00.000Z"),
             end_date: new Date("2026-02-14T17:00:00.000Z"),
             price_change_type: undefined,
             price_change_value: NaN
           },
           {
             property_id: "aefc4c51-4dcf-4e5d-8caf-dbe6ac3f5e6f",
             room_id: "473389d1-a23c-4685-b6b9-a420a9987a27",
             start_date: new Date("2026-02-20T17:00:00.000Z"),
             end_date: new Date("2026-02-20T17:00:00.000Z"),
             price_change_type: undefined,
             price_change_value: NaN
           },
           {
             property_id: "aefc4c51-4dcf-4e5d-8caf-dbe6ac3f5e6f",
             room_id: "473389d1-a23c-4685-b6b9-a420a9987a27",
             start_date: new Date("2026-02-21T17:00:00.000Z"),
             end_date: new Date("2026-02-21T17:00:00.000Z"),
             price_change_type: undefined,
             price_change_value: NaN
           },
           {
             property_id: "aefc4c51-4dcf-4e5d-8caf-dbe6ac3f5e6f",
             room_id: "473389d1-a23c-4685-b6b9-a420a9987a27",
             start_date: new Date("2026-02-27T17:00:00.000Z"),
             end_date: new Date("2026-02-27T17:00:00.000Z"),
             price_change_type: undefined,
             price_change_value: NaN
           },
           {
             property_id: "aefc4c51-4dcf-4e5d-8caf-dbe6ac3f5e6f",
             room_id: "473389d1-a23c-4685-b6b9-a420a9987a27",
             start_date: new Date("2026-02-28T17:00:00.000Z"),
             end_date: new Date("2026-02-28T17:00:00.000Z"),
             price_change_type: undefined,
             price_change_value: NaN
           },
           {
             property_id: "aefc4c51-4dcf-4e5d-8caf-dbe6ac3f5e6f",
             room_id: "473389d1-a23c-4685-b6b9-a420a9987a27",
             start_date: new Date("2026-03-06T17:00:00.000Z"),
             end_date: new Date("2026-03-06T17:00:00.000Z"),
             price_change_type: undefined,
             price_change_value: NaN
           },
           {
             property_id: "aefc4c51-4dcf-4e5d-8caf-dbe6ac3f5e6f",
             room_id: "473389d1-a23c-4685-b6b9-a420a9987a27",
             start_date: new Date("2026-03-07T17:00:00.000Z"),
             end_date: new Date("2026-03-07T17:00:00.000Z"),
             price_change_type: undefined,
             price_change_value: NaN
           },
           {
             property_id: "aefc4c51-4dcf-4e5d-8caf-dbe6ac3f5e6f",
             room_id: "473389d1-a23c-4685-b6b9-a420a9987a27",
             start_date: new Date("2026-03-13T17:00:00.000Z"),
             end_date: new Date("2026-03-13T17:00:00.000Z"),
             price_change_type: undefined,
             price_change_value: NaN
           },
           {
             property_id: "aefc4c51-4dcf-4e5d-8caf-dbe6ac3f5e6f",
             room_id: "473389d1-a23c-4685-b6b9-a420a9987a27",
             start_date: new Date("2026-03-14T17:00:00.000Z"),
             end_date: new Date("2026-03-14T17:00:00.000Z"),
             price_change_type: undefined,
             price_change_value: NaN
           }
         ],
         skipDuplicates: true
       })

Argument `price_change_type` is missing. | MESSAGE: {"name":"PrismaClientValidationError","clientVersion":"6.13.0"}
2025-09-17 13:51:39 [ERROR]: POST /room/create | STATUS: 
Invalid `prisma.peak_season_rates.createMany()` invocation in
/Users/Farizkey/Documents/Purwadhika - JCWDOL 020 /Property-Renting-Web-App/backend/src/services/rooms/rooms.services.ts:91:38

  88 }
  89 
  90 if (peakRatesData.length > 0) {
→ 91   await prisma.peak_season_rates.createMany({
         data: [
           {
             property_id: "aefc4c51-4dcf-4e5d-8caf-dbe6ac3f5e6f",
             room_id: "cea68ce3-c526-4bbe-8156-7ab03fcc51b9",
             start_date: new Date("2025-09-19T17:00:00.000Z"),
             end_date: new Date("2025-09-19T17:00:00.000Z"),
             price_change_type: undefined,
             price_change_value: NaN
           },
           {
             property_id: "aefc4c51-4dcf-4e5d-8caf-dbe6ac3f5e6f",
             room_id: "cea68ce3-c526-4bbe-8156-7ab03fcc51b9",
             start_date: new Date("2025-09-20T17:00:00.000Z"),
             end_date: new Date("2025-09-20T17:00:00.000Z"),
             price_change_type: undefined,
             price_change_value: NaN
           },
           {
             property_id: "aefc4c51-4dcf-4e5d-8caf-dbe6ac3f5e6f",
             room_id: "cea68ce3-c526-4bbe-8156-7ab03fcc51b9",
             start_date: new Date("2025-09-26T17:00:00.000Z"),
             end_date: new Date("2025-09-26T17:00:00.000Z"),
             price_change_type: undefined,
             price_change_value: NaN
           },
           {
             property_id: "aefc4c51-4dcf-4e5d-8caf-dbe6ac3f5e6f",
             room_id: "cea68ce3-c526-4bbe-8156-7ab03fcc51b9",
             start_date: new Date("2025-09-27T17:00:00.000Z"),
             end_date: new Date("2025-09-27T17:00:00.000Z"),
             price_change_type: undefined,
             price_change_value: NaN
           },
           {
             property_id: "aefc4c51-4dcf-4e5d-8caf-dbe6ac3f5e6f",
             room_id: "cea68ce3-c526-4bbe-8156-7ab03fcc51b9",
             start_date: new Date("2025-10-03T17:00:00.000Z"),
             end_date: new Date("2025-10-03T17:00:00.000Z"),
             price_change_type: undefined,
             price_change_value: NaN
           },
           {
             property_id: "aefc4c51-4dcf-4e5d-8caf-dbe6ac3f5e6f",
             room_id: "cea68ce3-c526-4bbe-8156-7ab03fcc51b9",
             start_date: new Date("2025-10-04T17:00:00.000Z"),
             end_date: new Date("2025-10-04T17:00:00.000Z"),
             price_change_type: undefined,
             price_change_value: NaN
           },
           {
             property_id: "aefc4c51-4dcf-4e5d-8caf-dbe6ac3f5e6f",
             room_id: "cea68ce3-c526-4bbe-8156-7ab03fcc51b9",
             start_date: new Date("2025-10-10T17:00:00.000Z"),
             end_date: new Date("2025-10-10T17:00:00.000Z"),
             price_change_type: undefined,
             price_change_value: NaN
           },
           {
             property_id: "aefc4c51-4dcf-4e5d-8caf-dbe6ac3f5e6f",
             room_id: "cea68ce3-c526-4bbe-8156-7ab03fcc51b9",
             start_date: new Date("2025-10-11T17:00:00.000Z"),
             end_date: new Date("2025-10-11T17:00:00.000Z"),
             price_change_type: undefined,
             price_change_value: NaN
           },
           {
             property_id: "aefc4c51-4dcf-4e5d-8caf-dbe6ac3f5e6f",
             room_id: "cea68ce3-c526-4bbe-8156-7ab03fcc51b9",
             start_date: new Date("2025-10-17T17:00:00.000Z"),
             end_date: new Date("2025-10-17T17:00:00.000Z"),
             price_change_type: undefined,
             price_change_value: NaN
           },
           {
             property_id: "aefc4c51-4dcf-4e5d-8caf-dbe6ac3f5e6f",
             room_id: "cea68ce3-c526-4bbe-8156-7ab03fcc51b9",
             start_date: new Date("2025-10-18T17:00:00.000Z"),
             end_date: new Date("2025-10-18T17:00:00.000Z"),
             price_change_type: undefined,
             price_change_value: NaN
           },
           {
             property_id: "aefc4c51-4dcf-4e5d-8caf-dbe6ac3f5e6f",
             room_id: "cea68ce3-c526-4bbe-8156-7ab03fcc51b9",
             start_date: new Date("2025-10-24T17:00:00.000Z"),
             end_date: new Date("2025-10-24T17:00:00.000Z"),
             price_change_type: undefined,
             price_change_value: NaN
           },
           {
             property_id: "aefc4c51-4dcf-4e5d-8caf-dbe6ac3f5e6f",
             room_id: "cea68ce3-c526-4bbe-8156-7ab03fcc51b9",
             start_date: new Date("2025-10-25T17:00:00.000Z"),
             end_date: new Date("2025-10-25T17:00:00.000Z"),
             price_change_type: undefined,
             price_change_value: NaN
           },
           {
             property_id: "aefc4c51-4dcf-4e5d-8caf-dbe6ac3f5e6f",
             room_id: "cea68ce3-c526-4bbe-8156-7ab03fcc51b9",
             start_date: new Date("2025-10-31T17:00:00.000Z"),
             end_date: new Date("2025-10-31T17:00:00.000Z"),
             price_change_type: undefined,
             price_change_value: NaN
           },
           {
             property_id: "aefc4c51-4dcf-4e5d-8caf-dbe6ac3f5e6f",
             room_id: "cea68ce3-c526-4bbe-8156-7ab03fcc51b9",
             start_date: new Date("2025-11-01T17:00:00.000Z"),
             end_date: new Date("2025-11-01T17:00:00.000Z"),
             price_change_type: undefined,
             price_change_value: NaN
           },
           {
             property_id: "aefc4c51-4dcf-4e5d-8caf-dbe6ac3f5e6f",
             room_id: "cea68ce3-c526-4bbe-8156-7ab03fcc51b9",
             start_date: new Date("2025-11-07T17:00:00.000Z"),
             end_date: new Date("2025-11-07T17:00:00.000Z"),
             price_change_type: undefined,
             price_change_value: NaN
           },
           {
             property_id: "aefc4c51-4dcf-4e5d-8caf-dbe6ac3f5e6f",
             room_id: "cea68ce3-c526-4bbe-8156-7ab03fcc51b9",
             start_date: new Date("2025-11-08T17:00:00.000Z"),
             end_date: new Date("2025-11-08T17:00:00.000Z"),
             price_change_type: undefined,
             price_change_value: NaN
           },
           {
             property_id: "aefc4c51-4dcf-4e5d-8caf-dbe6ac3f5e6f",
             room_id: "cea68ce3-c526-4bbe-8156-7ab03fcc51b9",
             start_date: new Date("2025-11-14T17:00:00.000Z"),
             end_date: new Date("2025-11-14T17:00:00.000Z"),
             price_change_type: undefined,
             price_change_value: NaN
           },
           {
             property_id: "aefc4c51-4dcf-4e5d-8caf-dbe6ac3f5e6f",
             room_id: "cea68ce3-c526-4bbe-8156-7ab03fcc51b9",
             start_date: new Date("2025-11-15T17:00:00.000Z"),
             end_date: new Date("2025-11-15T17:00:00.000Z"),
             price_change_type: undefined,
             price_change_value: NaN
           },
           {
             property_id: "aefc4c51-4dcf-4e5d-8caf-dbe6ac3f5e6f",
             room_id: "cea68ce3-c526-4bbe-8156-7ab03fcc51b9",
             start_date: new Date("2025-11-21T17:00:00.000Z"),
             end_date: new Date("2025-11-21T17:00:00.000Z"),
             price_change_type: undefined,
             price_change_value: NaN
           },
           {
             property_id: "aefc4c51-4dcf-4e5d-8caf-dbe6ac3f5e6f",
             room_id: "cea68ce3-c526-4bbe-8156-7ab03fcc51b9",
             start_date: new Date("2025-11-22T17:00:00.000Z"),
             end_date: new Date("2025-11-22T17:00:00.000Z"),
             price_change_type: undefined,
             price_change_value: NaN
           },
           {
             property_id: "aefc4c51-4dcf-4e5d-8caf-dbe6ac3f5e6f",
             room_id: "cea68ce3-c526-4bbe-8156-7ab03fcc51b9",
             start_date: new Date("2025-11-28T17:00:00.000Z"),
             end_date: new Date("2025-11-28T17:00:00.000Z"),
             price_change_type: undefined,
             price_change_value: NaN
           },
           {
             property_id: "aefc4c51-4dcf-4e5d-8caf-dbe6ac3f5e6f",
             room_id: "cea68ce3-c526-4bbe-8156-7ab03fcc51b9",
             start_date: new Date("2025-11-29T17:00:00.000Z"),
             end_date: new Date("2025-11-29T17:00:00.000Z"),
             price_change_type: undefined,
             price_change_value: NaN
           },
           {
             property_id: "aefc4c51-4dcf-4e5d-8caf-dbe6ac3f5e6f",
             room_id: "cea68ce3-c526-4bbe-8156-7ab03fcc51b9",
             start_date: new Date("2025-12-05T17:00:00.000Z"),
             end_date: new Date("2025-12-05T17:00:00.000Z"),
             price_change_type: undefined,
             price_change_value: NaN
           },
           {
             property_id: "aefc4c51-4dcf-4e5d-8caf-dbe6ac3f5e6f",
             room_id: "cea68ce3-c526-4bbe-8156-7ab03fcc51b9",
             start_date: new Date("2025-12-06T17:00:00.000Z"),
             end_date: new Date("2025-12-06T17:00:00.000Z"),
             price_change_type: undefined,
             price_change_value: NaN
           },
           {
             property_id: "aefc4c51-4dcf-4e5d-8caf-dbe6ac3f5e6f",
             room_id: "cea68ce3-c526-4bbe-8156-7ab03fcc51b9",
             start_date: new Date("2025-12-12T17:00:00.000Z"),
             end_date: new Date("2025-12-12T17:00:00.000Z"),
             price_change_type: undefined,
             price_change_value: NaN
           },
           {
             property_id: "aefc4c51-4dcf-4e5d-8caf-dbe6ac3f5e6f",
             room_id: "cea68ce3-c526-4bbe-8156-7ab03fcc51b9",
             start_date: new Date("2025-12-13T17:00:00.000Z"),
             end_date: new Date("2025-12-13T17:00:00.000Z"),
             price_change_type: undefined,
             price_change_value: NaN
           },
           {
             property_id: "aefc4c51-4dcf-4e5d-8caf-dbe6ac3f5e6f",
             room_id: "cea68ce3-c526-4bbe-8156-7ab03fcc51b9",
             start_date: new Date("2025-12-19T17:00:00.000Z"),
             end_date: new Date("2025-12-19T17:00:00.000Z"),
             price_change_type: undefined,
             price_change_value: NaN
           },
           {
             property_id: "aefc4c51-4dcf-4e5d-8caf-dbe6ac3f5e6f",
             room_id: "cea68ce3-c526-4bbe-8156-7ab03fcc51b9",
             start_date: new Date("2025-12-20T17:00:00.000Z"),
             end_date: new Date("2025-12-20T17:00:00.000Z"),
             price_change_type: undefined,
             price_change_value: NaN
           },
           {
             property_id: "aefc4c51-4dcf-4e5d-8caf-dbe6ac3f5e6f",
             room_id: "cea68ce3-c526-4bbe-8156-7ab03fcc51b9",
             start_date: new Date("2025-12-26T17:00:00.000Z"),
             end_date: new Date("2025-12-26T17:00:00.000Z"),
             price_change_type: undefined,
             price_change_value: NaN
           },
           {
             property_id: "aefc4c51-4dcf-4e5d-8caf-dbe6ac3f5e6f",
             room_id: "cea68ce3-c526-4bbe-8156-7ab03fcc51b9",
             start_date: new Date("2025-12-27T17:00:00.000Z"),
             end_date: new Date("2025-12-27T17:00:00.000Z"),
             price_change_type: undefined,
             price_change_value: NaN
           },
           {
             property_id: "aefc4c51-4dcf-4e5d-8caf-dbe6ac3f5e6f",
             room_id: "cea68ce3-c526-4bbe-8156-7ab03fcc51b9",
             start_date: new Date("2026-01-02T17:00:00.000Z"),
             end_date: new Date("2026-01-02T17:00:00.000Z"),
             price_change_type: undefined,
             price_change_value: NaN
           },
           {
             property_id: "aefc4c51-4dcf-4e5d-8caf-dbe6ac3f5e6f",
             room_id: "cea68ce3-c526-4bbe-8156-7ab03fcc51b9",
             start_date: new Date("2026-01-03T17:00:00.000Z"),
             end_date: new Date("2026-01-03T17:00:00.000Z"),
             price_change_type: undefined,
             price_change_value: NaN
           },
           {
             property_id: "aefc4c51-4dcf-4e5d-8caf-dbe6ac3f5e6f",
             room_id: "cea68ce3-c526-4bbe-8156-7ab03fcc51b9",
             start_date: new Date("2026-01-09T17:00:00.000Z"),
             end_date: new Date("2026-01-09T17:00:00.000Z"),
             price_change_type: undefined,
             price_change_value: NaN
           },
           {
             property_id: "aefc4c51-4dcf-4e5d-8caf-dbe6ac3f5e6f",
             room_id: "cea68ce3-c526-4bbe-8156-7ab03fcc51b9",
             start_date: new Date("2026-01-10T17:00:00.000Z"),
             end_date: new Date("2026-01-10T17:00:00.000Z"),
             price_change_type: undefined,
             price_change_value: NaN
           },
           {
             property_id: "aefc4c51-4dcf-4e5d-8caf-dbe6ac3f5e6f",
             room_id: "cea68ce3-c526-4bbe-8156-7ab03fcc51b9",
             start_date: new Date("2026-01-16T17:00:00.000Z"),
             end_date: new Date("2026-01-16T17:00:00.000Z"),
             price_change_type: undefined,
             price_change_value: NaN
           },
           {
             property_id: "aefc4c51-4dcf-4e5d-8caf-dbe6ac3f5e6f",
             room_id: "cea68ce3-c526-4bbe-8156-7ab03fcc51b9",
             start_date: new Date("2026-01-17T17:00:00.000Z"),
             end_date: new Date("2026-01-17T17:00:00.000Z"),
             price_change_type: undefined,
             price_change_value: NaN
           },
           {
             property_id: "aefc4c51-4dcf-4e5d-8caf-dbe6ac3f5e6f",
             room_id: "cea68ce3-c526-4bbe-8156-7ab03fcc51b9",
             start_date: new Date("2026-01-23T17:00:00.000Z"),
             end_date: new Date("2026-01-23T17:00:00.000Z"),
             price_change_type: undefined,
             price_change_value: NaN
           },
           {
             property_id: "aefc4c51-4dcf-4e5d-8caf-dbe6ac3f5e6f",
             room_id: "cea68ce3-c526-4bbe-8156-7ab03fcc51b9",
             start_date: new Date("2026-01-24T17:00:00.000Z"),
             end_date: new Date("2026-01-24T17:00:00.000Z"),
             price_change_type: undefined,
             price_change_value: NaN
           },
           {
             property_id: "aefc4c51-4dcf-4e5d-8caf-dbe6ac3f5e6f",
             room_id: "cea68ce3-c526-4bbe-8156-7ab03fcc51b9",
             start_date: new Date("2026-01-30T17:00:00.000Z"),
             end_date: new Date("2026-01-30T17:00:00.000Z"),
             price_change_type: undefined,
             price_change_value: NaN
           },
           {
             property_id: "aefc4c51-4dcf-4e5d-8caf-dbe6ac3f5e6f",
             room_id: "cea68ce3-c526-4bbe-8156-7ab03fcc51b9",
             start_date: new Date("2026-01-31T17:00:00.000Z"),
             end_date: new Date("2026-01-31T17:00:00.000Z"),
             price_change_type: undefined,
             price_change_value: NaN
           },
           {
             property_id: "aefc4c51-4dcf-4e5d-8caf-dbe6ac3f5e6f",
             room_id: "cea68ce3-c526-4bbe-8156-7ab03fcc51b9",
             start_date: new Date("2026-02-06T17:00:00.000Z"),
             end_date: new Date("2026-02-06T17:00:00.000Z"),
             price_change_type: undefined,
             price_change_value: NaN
           },
           {
             property_id: "aefc4c51-4dcf-4e5d-8caf-dbe6ac3f5e6f",
             room_id: "cea68ce3-c526-4bbe-8156-7ab03fcc51b9",
             start_date: new Date("2026-02-07T17:00:00.000Z"),
             end_date: new Date("2026-02-07T17:00:00.000Z"),
             price_change_type: undefined,
             price_change_value: NaN
           },
           {
             property_id: "aefc4c51-4dcf-4e5d-8caf-dbe6ac3f5e6f",
             room_id: "cea68ce3-c526-4bbe-8156-7ab03fcc51b9",
             start_date: new Date("2026-02-13T17:00:00.000Z"),
             end_date: new Date("2026-02-13T17:00:00.000Z"),
             price_change_type: undefined,
             price_change_value: NaN
           },
           {
             property_id: "aefc4c51-4dcf-4e5d-8caf-dbe6ac3f5e6f",
             room_id: "cea68ce3-c526-4bbe-8156-7ab03fcc51b9",
             start_date: new Date("2026-02-14T17:00:00.000Z"),
             end_date: new Date("2026-02-14T17:00:00.000Z"),
             price_change_type: undefined,
             price_change_value: NaN
           },
           {
             property_id: "aefc4c51-4dcf-4e5d-8caf-dbe6ac3f5e6f",
             room_id: "cea68ce3-c526-4bbe-8156-7ab03fcc51b9",
             start_date: new Date("2026-02-20T17:00:00.000Z"),
             end_date: new Date("2026-02-20T17:00:00.000Z"),
             price_change_type: undefined,
             price_change_value: NaN
           },
           {
             property_id: "aefc4c51-4dcf-4e5d-8caf-dbe6ac3f5e6f",
             room_id: "cea68ce3-c526-4bbe-8156-7ab03fcc51b9",
             start_date: new Date("2026-02-21T17:00:00.000Z"),
             end_date: new Date("2026-02-21T17:00:00.000Z"),
             price_change_type: undefined,
             price_change_value: NaN
           },
           {
             property_id: "aefc4c51-4dcf-4e5d-8caf-dbe6ac3f5e6f",
             room_id: "cea68ce3-c526-4bbe-8156-7ab03fcc51b9",
             start_date: new Date("2026-02-27T17:00:00.000Z"),
             end_date: new Date("2026-02-27T17:00:00.000Z"),
             price_change_type: undefined,
             price_change_value: NaN
           },
           {
             property_id: "aefc4c51-4dcf-4e5d-8caf-dbe6ac3f5e6f",
             room_id: "cea68ce3-c526-4bbe-8156-7ab03fcc51b9",
             start_date: new Date("2026-02-28T17:00:00.000Z"),
             end_date: new Date("2026-02-28T17:00:00.000Z"),
             price_change_type: undefined,
             price_change_value: NaN
           },
           {
             property_id: "aefc4c51-4dcf-4e5d-8caf-dbe6ac3f5e6f",
             room_id: "cea68ce3-c526-4bbe-8156-7ab03fcc51b9",
             start_date: new Date("2026-03-06T17:00:00.000Z"),
             end_date: new Date("2026-03-06T17:00:00.000Z"),
             price_change_type: undefined,
             price_change_value: NaN
           },
           {
             property_id: "aefc4c51-4dcf-4e5d-8caf-dbe6ac3f5e6f",
             room_id: "cea68ce3-c526-4bbe-8156-7ab03fcc51b9",
             start_date: new Date("2026-03-07T17:00:00.000Z"),
             end_date: new Date("2026-03-07T17:00:00.000Z"),
             price_change_type: undefined,
             price_change_value: NaN
           },
           {
             property_id: "aefc4c51-4dcf-4e5d-8caf-dbe6ac3f5e6f",
             room_id: "cea68ce3-c526-4bbe-8156-7ab03fcc51b9",
             start_date: new Date("2026-03-13T17:00:00.000Z"),
             end_date: new Date("2026-03-13T17:00:00.000Z"),
             price_change_type: undefined,
             price_change_value: NaN
           },
           {
             property_id: "aefc4c51-4dcf-4e5d-8caf-dbe6ac3f5e6f",
             room_id: "cea68ce3-c526-4bbe-8156-7ab03fcc51b9",
             start_date: new Date("2026-03-14T17:00:00.000Z"),
             end_date: new Date("2026-03-14T17:00:00.000Z"),
             price_change_type: undefined,
             price_change_value: NaN
           }
         ],
         skipDuplicates: true
       })

Argument `price_change_type` is missing. | MESSAGE: {"name":"PrismaClientValidationError","clientVersion":"6.13.0"}
2025-09-17 13:52:13 [ERROR]: POST /room/create | STATUS: 
Invalid `prisma.peak_season_rates.createMany()` invocation in
/Users/Farizkey/Documents/Purwadhika - JCWDOL 020 /Property-Renting-Web-App/backend/src/services/rooms/rooms.services.ts:91:38

  88 }
  89 
  90 if (peakRatesData.length > 0) {
→ 91   await prisma.peak_season_rates.createMany({
         data: [
           {
             property_id: "aefc4c51-4dcf-4e5d-8caf-dbe6ac3f5e6f",
             room_id: "547205d4-2f31-4e15-93f6-715818b973f6",
             start_date: new Date("2025-09-19T17:00:00.000Z"),
             end_date: new Date("2025-09-19T17:00:00.000Z"),
             price_change_type: undefined,
             price_change_value: NaN
           },
           {
             property_id: "aefc4c51-4dcf-4e5d-8caf-dbe6ac3f5e6f",
             room_id: "547205d4-2f31-4e15-93f6-715818b973f6",
             start_date: new Date("2025-09-20T17:00:00.000Z"),
             end_date: new Date("2025-09-20T17:00:00.000Z"),
             price_change_type: undefined,
             price_change_value: NaN
           },
           {
             property_id: "aefc4c51-4dcf-4e5d-8caf-dbe6ac3f5e6f",
             room_id: "547205d4-2f31-4e15-93f6-715818b973f6",
             start_date: new Date("2025-09-26T17:00:00.000Z"),
             end_date: new Date("2025-09-26T17:00:00.000Z"),
             price_change_type: undefined,
             price_change_value: NaN
           },
           {
             property_id: "aefc4c51-4dcf-4e5d-8caf-dbe6ac3f5e6f",
             room_id: "547205d4-2f31-4e15-93f6-715818b973f6",
             start_date: new Date("2025-09-27T17:00:00.000Z"),
             end_date: new Date("2025-09-27T17:00:00.000Z"),
             price_change_type: undefined,
             price_change_value: NaN
           },
           {
             property_id: "aefc4c51-4dcf-4e5d-8caf-dbe6ac3f5e6f",
             room_id: "547205d4-2f31-4e15-93f6-715818b973f6",
             start_date: new Date("2025-10-03T17:00:00.000Z"),
             end_date: new Date("2025-10-03T17:00:00.000Z"),
             price_change_type: undefined,
             price_change_value: NaN
           },
           {
             property_id: "aefc4c51-4dcf-4e5d-8caf-dbe6ac3f5e6f",
             room_id: "547205d4-2f31-4e15-93f6-715818b973f6",
             start_date: new Date("2025-10-04T17:00:00.000Z"),
             end_date: new Date("2025-10-04T17:00:00.000Z"),
             price_change_type: undefined,
             price_change_value: NaN
           },
           {
             property_id: "aefc4c51-4dcf-4e5d-8caf-dbe6ac3f5e6f",
             room_id: "547205d4-2f31-4e15-93f6-715818b973f6",
             start_date: new Date("2025-10-10T17:00:00.000Z"),
             end_date: new Date("2025-10-10T17:00:00.000Z"),
             price_change_type: undefined,
             price_change_value: NaN
           },
           {
             property_id: "aefc4c51-4dcf-4e5d-8caf-dbe6ac3f5e6f",
             room_id: "547205d4-2f31-4e15-93f6-715818b973f6",
             start_date: new Date("2025-10-11T17:00:00.000Z"),
             end_date: new Date("2025-10-11T17:00:00.000Z"),
             price_change_type: undefined,
             price_change_value: NaN
           },
           {
             property_id: "aefc4c51-4dcf-4e5d-8caf-dbe6ac3f5e6f",
             room_id: "547205d4-2f31-4e15-93f6-715818b973f6",
             start_date: new Date("2025-10-17T17:00:00.000Z"),
             end_date: new Date("2025-10-17T17:00:00.000Z"),
             price_change_type: undefined,
             price_change_value: NaN
           },
           {
             property_id: "aefc4c51-4dcf-4e5d-8caf-dbe6ac3f5e6f",
             room_id: "547205d4-2f31-4e15-93f6-715818b973f6",
             start_date: new Date("2025-10-18T17:00:00.000Z"),
             end_date: new Date("2025-10-18T17:00:00.000Z"),
             price_change_type: undefined,
             price_change_value: NaN
           },
           {
             property_id: "aefc4c51-4dcf-4e5d-8caf-dbe6ac3f5e6f",
             room_id: "547205d4-2f31-4e15-93f6-715818b973f6",
             start_date: new Date("2025-10-24T17:00:00.000Z"),
             end_date: new Date("2025-10-24T17:00:00.000Z"),
             price_change_type: undefined,
             price_change_value: NaN
           },
           {
             property_id: "aefc4c51-4dcf-4e5d-8caf-dbe6ac3f5e6f",
             room_id: "547205d4-2f31-4e15-93f6-715818b973f6",
             start_date: new Date("2025-10-25T17:00:00.000Z"),
             end_date: new Date("2025-10-25T17:00:00.000Z"),
             price_change_type: undefined,
             price_change_value: NaN
           },
           {
             property_id: "aefc4c51-4dcf-4e5d-8caf-dbe6ac3f5e6f",
             room_id: "547205d4-2f31-4e15-93f6-715818b973f6",
             start_date: new Date("2025-10-31T17:00:00.000Z"),
             end_date: new Date("2025-10-31T17:00:00.000Z"),
             price_change_type: undefined,
             price_change_value: NaN
           },
           {
             property_id: "aefc4c51-4dcf-4e5d-8caf-dbe6ac3f5e6f",
             room_id: "547205d4-2f31-4e15-93f6-715818b973f6",
             start_date: new Date("2025-11-01T17:00:00.000Z"),
             end_date: new Date("2025-11-01T17:00:00.000Z"),
             price_change_type: undefined,
             price_change_value: NaN
           },
           {
             property_id: "aefc4c51-4dcf-4e5d-8caf-dbe6ac3f5e6f",
             room_id: "547205d4-2f31-4e15-93f6-715818b973f6",
             start_date: new Date("2025-11-07T17:00:00.000Z"),
             end_date: new Date("2025-11-07T17:00:00.000Z"),
             price_change_type: undefined,
             price_change_value: NaN
           },
           {
             property_id: "aefc4c51-4dcf-4e5d-8caf-dbe6ac3f5e6f",
             room_id: "547205d4-2f31-4e15-93f6-715818b973f6",
             start_date: new Date("2025-11-08T17:00:00.000Z"),
             end_date: new Date("2025-11-08T17:00:00.000Z"),
             price_change_type: undefined,
             price_change_value: NaN
           },
           {
             property_id: "aefc4c51-4dcf-4e5d-8caf-dbe6ac3f5e6f",
             room_id: "547205d4-2f31-4e15-93f6-715818b973f6",
             start_date: new Date("2025-11-14T17:00:00.000Z"),
             end_date: new Date("2025-11-14T17:00:00.000Z"),
             price_change_type: undefined,
             price_change_value: NaN
           },
           {
             property_id: "aefc4c51-4dcf-4e5d-8caf-dbe6ac3f5e6f",
             room_id: "547205d4-2f31-4e15-93f6-715818b973f6",
             start_date: new Date("2025-11-15T17:00:00.000Z"),
             end_date: new Date("2025-11-15T17:00:00.000Z"),
             price_change_type: undefined,
             price_change_value: NaN
           },
           {
             property_id: "aefc4c51-4dcf-4e5d-8caf-dbe6ac3f5e6f",
             room_id: "547205d4-2f31-4e15-93f6-715818b973f6",
             start_date: new Date("2025-11-21T17:00:00.000Z"),
             end_date: new Date("2025-11-21T17:00:00.000Z"),
             price_change_type: undefined,
             price_change_value: NaN
           },
           {
             property_id: "aefc4c51-4dcf-4e5d-8caf-dbe6ac3f5e6f",
             room_id: "547205d4-2f31-4e15-93f6-715818b973f6",
             start_date: new Date("2025-11-22T17:00:00.000Z"),
             end_date: new Date("2025-11-22T17:00:00.000Z"),
             price_change_type: undefined,
             price_change_value: NaN
           },
           {
             property_id: "aefc4c51-4dcf-4e5d-8caf-dbe6ac3f5e6f",
             room_id: "547205d4-2f31-4e15-93f6-715818b973f6",
             start_date: new Date("2025-11-28T17:00:00.000Z"),
             end_date: new Date("2025-11-28T17:00:00.000Z"),
             price_change_type: undefined,
             price_change_value: NaN
           },
           {
             property_id: "aefc4c51-4dcf-4e5d-8caf-dbe6ac3f5e6f",
             room_id: "547205d4-2f31-4e15-93f6-715818b973f6",
             start_date: new Date("2025-11-29T17:00:00.000Z"),
             end_date: new Date("2025-11-29T17:00:00.000Z"),
             price_change_type: undefined,
             price_change_value: NaN
           },
           {
             property_id: "aefc4c51-4dcf-4e5d-8caf-dbe6ac3f5e6f",
             room_id: "547205d4-2f31-4e15-93f6-715818b973f6",
             start_date: new Date("2025-12-05T17:00:00.000Z"),
             end_date: new Date("2025-12-05T17:00:00.000Z"),
             price_change_type: undefined,
             price_change_value: NaN
           },
           {
             property_id: "aefc4c51-4dcf-4e5d-8caf-dbe6ac3f5e6f",
             room_id: "547205d4-2f31-4e15-93f6-715818b973f6",
             start_date: new Date("2025-12-06T17:00:00.000Z"),
             end_date: new Date("2025-12-06T17:00:00.000Z"),
             price_change_type: undefined,
             price_change_value: NaN
           },
           {
             property_id: "aefc4c51-4dcf-4e5d-8caf-dbe6ac3f5e6f",
             room_id: "547205d4-2f31-4e15-93f6-715818b973f6",
             start_date: new Date("2025-12-12T17:00:00.000Z"),
             end_date: new Date("2025-12-12T17:00:00.000Z"),
             price_change_type: undefined,
             price_change_value: NaN
           },
           {
             property_id: "aefc4c51-4dcf-4e5d-8caf-dbe6ac3f5e6f",
             room_id: "547205d4-2f31-4e15-93f6-715818b973f6",
             start_date: new Date("2025-12-13T17:00:00.000Z"),
             end_date: new Date("2025-12-13T17:00:00.000Z"),
             price_change_type: undefined,
             price_change_value: NaN
           },
           {
             property_id: "aefc4c51-4dcf-4e5d-8caf-dbe6ac3f5e6f",
             room_id: "547205d4-2f31-4e15-93f6-715818b973f6",
             start_date: new Date("2025-12-19T17:00:00.000Z"),
             end_date: new Date("2025-12-19T17:00:00.000Z"),
             price_change_type: undefined,
             price_change_value: NaN
           },
           {
             property_id: "aefc4c51-4dcf-4e5d-8caf-dbe6ac3f5e6f",
             room_id: "547205d4-2f31-4e15-93f6-715818b973f6",
             start_date: new Date("2025-12-20T17:00:00.000Z"),
             end_date: new Date("2025-12-20T17:00:00.000Z"),
             price_change_type: undefined,
             price_change_value: NaN
           },
           {
             property_id: "aefc4c51-4dcf-4e5d-8caf-dbe6ac3f5e6f",
             room_id: "547205d4-2f31-4e15-93f6-715818b973f6",
             start_date: new Date("2025-12-26T17:00:00.000Z"),
             end_date: new Date("2025-12-26T17:00:00.000Z"),
             price_change_type: undefined,
             price_change_value: NaN
           },
           {
             property_id: "aefc4c51-4dcf-4e5d-8caf-dbe6ac3f5e6f",
             room_id: "547205d4-2f31-4e15-93f6-715818b973f6",
             start_date: new Date("2025-12-27T17:00:00.000Z"),
             end_date: new Date("2025-12-27T17:00:00.000Z"),
             price_change_type: undefined,
             price_change_value: NaN
           },
           {
             property_id: "aefc4c51-4dcf-4e5d-8caf-dbe6ac3f5e6f",
             room_id: "547205d4-2f31-4e15-93f6-715818b973f6",
             start_date: new Date("2026-01-02T17:00:00.000Z"),
             end_date: new Date("2026-01-02T17:00:00.000Z"),
             price_change_type: undefined,
             price_change_value: NaN
           },
           {
             property_id: "aefc4c51-4dcf-4e5d-8caf-dbe6ac3f5e6f",
             room_id: "547205d4-2f31-4e15-93f6-715818b973f6",
             start_date: new Date("2026-01-03T17:00:00.000Z"),
             end_date: new Date("2026-01-03T17:00:00.000Z"),
             price_change_type: undefined,
             price_change_value: NaN
           },
           {
             property_id: "aefc4c51-4dcf-4e5d-8caf-dbe6ac3f5e6f",
             room_id: "547205d4-2f31-4e15-93f6-715818b973f6",
             start_date: new Date("2026-01-09T17:00:00.000Z"),
             end_date: new Date("2026-01-09T17:00:00.000Z"),
             price_change_type: undefined,
             price_change_value: NaN
           },
           {
             property_id: "aefc4c51-4dcf-4e5d-8caf-dbe6ac3f5e6f",
             room_id: "547205d4-2f31-4e15-93f6-715818b973f6",
             start_date: new Date("2026-01-10T17:00:00.000Z"),
             end_date: new Date("2026-01-10T17:00:00.000Z"),
             price_change_type: undefined,
             price_change_value: NaN
           },
           {
             property_id: "aefc4c51-4dcf-4e5d-8caf-dbe6ac3f5e6f",
             room_id: "547205d4-2f31-4e15-93f6-715818b973f6",
             start_date: new Date("2026-01-16T17:00:00.000Z"),
             end_date: new Date("2026-01-16T17:00:00.000Z"),
             price_change_type: undefined,
             price_change_value: NaN
           },
           {
             property_id: "aefc4c51-4dcf-4e5d-8caf-dbe6ac3f5e6f",
             room_id: "547205d4-2f31-4e15-93f6-715818b973f6",
             start_date: new Date("2026-01-17T17:00:00.000Z"),
             end_date: new Date("2026-01-17T17:00:00.000Z"),
             price_change_type: undefined,
             price_change_value: NaN
           },
           {
             property_id: "aefc4c51-4dcf-4e5d-8caf-dbe6ac3f5e6f",
             room_id: "547205d4-2f31-4e15-93f6-715818b973f6",
             start_date: new Date("2026-01-23T17:00:00.000Z"),
             end_date: new Date("2026-01-23T17:00:00.000Z"),
             price_change_type: undefined,
             price_change_value: NaN
           },
           {
             property_id: "aefc4c51-4dcf-4e5d-8caf-dbe6ac3f5e6f",
             room_id: "547205d4-2f31-4e15-93f6-715818b973f6",
             start_date: new Date("2026-01-24T17:00:00.000Z"),
             end_date: new Date("2026-01-24T17:00:00.000Z"),
             price_change_type: undefined,
             price_change_value: NaN
           },
           {
             property_id: "aefc4c51-4dcf-4e5d-8caf-dbe6ac3f5e6f",
             room_id: "547205d4-2f31-4e15-93f6-715818b973f6",
             start_date: new Date("2026-01-30T17:00:00.000Z"),
             end_date: new Date("2026-01-30T17:00:00.000Z"),
             price_change_type: undefined,
             price_change_value: NaN
           },
           {
             property_id: "aefc4c51-4dcf-4e5d-8caf-dbe6ac3f5e6f",
             room_id: "547205d4-2f31-4e15-93f6-715818b973f6",
             start_date: new Date("2026-01-31T17:00:00.000Z"),
             end_date: new Date("2026-01-31T17:00:00.000Z"),
             price_change_type: undefined,
             price_change_value: NaN
           },
           {
             property_id: "aefc4c51-4dcf-4e5d-8caf-dbe6ac3f5e6f",
             room_id: "547205d4-2f31-4e15-93f6-715818b973f6",
             start_date: new Date("2026-02-06T17:00:00.000Z"),
             end_date: new Date("2026-02-06T17:00:00.000Z"),
             price_change_type: undefined,
             price_change_value: NaN
           },
           {
             property_id: "aefc4c51-4dcf-4e5d-8caf-dbe6ac3f5e6f",
             room_id: "547205d4-2f31-4e15-93f6-715818b973f6",
             start_date: new Date("2026-02-07T17:00:00.000Z"),
             end_date: new Date("2026-02-07T17:00:00.000Z"),
             price_change_type: undefined,
             price_change_value: NaN
           },
           {
             property_id: "aefc4c51-4dcf-4e5d-8caf-dbe6ac3f5e6f",
             room_id: "547205d4-2f31-4e15-93f6-715818b973f6",
             start_date: new Date("2026-02-13T17:00:00.000Z"),
             end_date: new Date("2026-02-13T17:00:00.000Z"),
             price_change_type: undefined,
             price_change_value: NaN
           },
           {
             property_id: "aefc4c51-4dcf-4e5d-8caf-dbe6ac3f5e6f",
             room_id: "547205d4-2f31-4e15-93f6-715818b973f6",
             start_date: new Date("2026-02-14T17:00:00.000Z"),
             end_date: new Date("2026-02-14T17:00:00.000Z"),
             price_change_type: undefined,
             price_change_value: NaN
           },
           {
             property_id: "aefc4c51-4dcf-4e5d-8caf-dbe6ac3f5e6f",
             room_id: "547205d4-2f31-4e15-93f6-715818b973f6",
             start_date: new Date("2026-02-20T17:00:00.000Z"),
             end_date: new Date("2026-02-20T17:00:00.000Z"),
             price_change_type: undefined,
             price_change_value: NaN
           },
           {
             property_id: "aefc4c51-4dcf-4e5d-8caf-dbe6ac3f5e6f",
             room_id: "547205d4-2f31-4e15-93f6-715818b973f6",
             start_date: new Date("2026-02-21T17:00:00.000Z"),
             end_date: new Date("2026-02-21T17:00:00.000Z"),
             price_change_type: undefined,
             price_change_value: NaN
           },
           {
             property_id: "aefc4c51-4dcf-4e5d-8caf-dbe6ac3f5e6f",
             room_id: "547205d4-2f31-4e15-93f6-715818b973f6",
             start_date: new Date("2026-02-27T17:00:00.000Z"),
             end_date: new Date("2026-02-27T17:00:00.000Z"),
             price_change_type: undefined,
             price_change_value: NaN
           },
           {
             property_id: "aefc4c51-4dcf-4e5d-8caf-dbe6ac3f5e6f",
             room_id: "547205d4-2f31-4e15-93f6-715818b973f6",
             start_date: new Date("2026-02-28T17:00:00.000Z"),
             end_date: new Date("2026-02-28T17:00:00.000Z"),
             price_change_type: undefined,
             price_change_value: NaN
           },
           {
             property_id: "aefc4c51-4dcf-4e5d-8caf-dbe6ac3f5e6f",
             room_id: "547205d4-2f31-4e15-93f6-715818b973f6",
             start_date: new Date("2026-03-06T17:00:00.000Z"),
             end_date: new Date("2026-03-06T17:00:00.000Z"),
             price_change_type: undefined,
             price_change_value: NaN
           },
           {
             property_id: "aefc4c51-4dcf-4e5d-8caf-dbe6ac3f5e6f",
             room_id: "547205d4-2f31-4e15-93f6-715818b973f6",
             start_date: new Date("2026-03-07T17:00:00.000Z"),
             end_date: new Date("2026-03-07T17:00:00.000Z"),
             price_change_type: undefined,
             price_change_value: NaN
           },
           {
             property_id: "aefc4c51-4dcf-4e5d-8caf-dbe6ac3f5e6f",
             room_id: "547205d4-2f31-4e15-93f6-715818b973f6",
             start_date: new Date("2026-03-13T17:00:00.000Z"),
             end_date: new Date("2026-03-13T17:00:00.000Z"),
             price_change_type: undefined,
             price_change_value: NaN
           },
           {
             property_id: "aefc4c51-4dcf-4e5d-8caf-dbe6ac3f5e6f",
             room_id: "547205d4-2f31-4e15-93f6-715818b973f6",
             start_date: new Date("2026-03-14T17:00:00.000Z"),
             end_date: new Date("2026-03-14T17:00:00.000Z"),
             price_change_type: undefined,
             price_change_value: NaN
           }
         ],
         skipDuplicates: true
       })

Argument `price_change_type` is missing. | MESSAGE: {"name":"PrismaClientValidationError","clientVersion":"6.13.0"}
2025-09-17 13:53:55 [ERROR]: POST /room/create | STATUS: 
Invalid `prisma.peak_season_rates.createMany()` invocation in
/Users/Farizkey/Documents/Purwadhika - JCWDOL 020 /Property-Renting-Web-App/backend/src/services/rooms/rooms.services.ts:91:38

  88 }
  89 
  90 if (peakRatesData.length > 0) {
→ 91   await prisma.peak_season_rates.createMany({
         data: [
           {
             property_id: "aefc4c51-4dcf-4e5d-8caf-dbe6ac3f5e6f",
             room_id: "e0204fd1-8b1b-4b87-baf8-546477d7ca61",
             start_date: new Date("2025-09-19T17:00:00.000Z"),
             end_date: new Date("2025-09-19T17:00:00.000Z"),
             price_change_type: undefined,
             price_change_value: NaN
           },
           {
             property_id: "aefc4c51-4dcf-4e5d-8caf-dbe6ac3f5e6f",
             room_id: "e0204fd1-8b1b-4b87-baf8-546477d7ca61",
             start_date: new Date("2025-09-20T17:00:00.000Z"),
             end_date: new Date("2025-09-20T17:00:00.000Z"),
             price_change_type: undefined,
             price_change_value: NaN
           },
           {
             property_id: "aefc4c51-4dcf-4e5d-8caf-dbe6ac3f5e6f",
             room_id: "e0204fd1-8b1b-4b87-baf8-546477d7ca61",
             start_date: new Date("2025-09-26T17:00:00.000Z"),
             end_date: new Date("2025-09-26T17:00:00.000Z"),
             price_change_type: undefined,
             price_change_value: NaN
           },
           {
             property_id: "aefc4c51-4dcf-4e5d-8caf-dbe6ac3f5e6f",
             room_id: "e0204fd1-8b1b-4b87-baf8-546477d7ca61",
             start_date: new Date("2025-09-27T17:00:00.000Z"),
             end_date: new Date("2025-09-27T17:00:00.000Z"),
             price_change_type: undefined,
             price_change_value: NaN
           },
           {
             property_id: "aefc4c51-4dcf-4e5d-8caf-dbe6ac3f5e6f",
             room_id: "e0204fd1-8b1b-4b87-baf8-546477d7ca61",
             start_date: new Date("2025-10-03T17:00:00.000Z"),
             end_date: new Date("2025-10-03T17:00:00.000Z"),
             price_change_type: undefined,
             price_change_value: NaN
           },
           {
             property_id: "aefc4c51-4dcf-4e5d-8caf-dbe6ac3f5e6f",
             room_id: "e0204fd1-8b1b-4b87-baf8-546477d7ca61",
             start_date: new Date("2025-10-04T17:00:00.000Z"),
             end_date: new Date("2025-10-04T17:00:00.000Z"),
             price_change_type: undefined,
             price_change_value: NaN
           },
           {
             property_id: "aefc4c51-4dcf-4e5d-8caf-dbe6ac3f5e6f",
             room_id: "e0204fd1-8b1b-4b87-baf8-546477d7ca61",
             start_date: new Date("2025-10-10T17:00:00.000Z"),
             end_date: new Date("2025-10-10T17:00:00.000Z"),
             price_change_type: undefined,
             price_change_value: NaN
           },
           {
             property_id: "aefc4c51-4dcf-4e5d-8caf-dbe6ac3f5e6f",
             room_id: "e0204fd1-8b1b-4b87-baf8-546477d7ca61",
             start_date: new Date("2025-10-11T17:00:00.000Z"),
             end_date: new Date("2025-10-11T17:00:00.000Z"),
             price_change_type: undefined,
             price_change_value: NaN
           },
           {
             property_id: "aefc4c51-4dcf-4e5d-8caf-dbe6ac3f5e6f",
             room_id: "e0204fd1-8b1b-4b87-baf8-546477d7ca61",
             start_date: new Date("2025-10-17T17:00:00.000Z"),
             end_date: new Date("2025-10-17T17:00:00.000Z"),
             price_change_type: undefined,
             price_change_value: NaN
           },
           {
             property_id: "aefc4c51-4dcf-4e5d-8caf-dbe6ac3f5e6f",
             room_id: "e0204fd1-8b1b-4b87-baf8-546477d7ca61",
             start_date: new Date("2025-10-18T17:00:00.000Z"),
             end_date: new Date("2025-10-18T17:00:00.000Z"),
             price_change_type: undefined,
             price_change_value: NaN
           },
           {
             property_id: "aefc4c51-4dcf-4e5d-8caf-dbe6ac3f5e6f",
             room_id: "e0204fd1-8b1b-4b87-baf8-546477d7ca61",
             start_date: new Date("2025-10-24T17:00:00.000Z"),
             end_date: new Date("2025-10-24T17:00:00.000Z"),
             price_change_type: undefined,
             price_change_value: NaN
           },
           {
             property_id: "aefc4c51-4dcf-4e5d-8caf-dbe6ac3f5e6f",
             room_id: "e0204fd1-8b1b-4b87-baf8-546477d7ca61",
             start_date: new Date("2025-10-25T17:00:00.000Z"),
             end_date: new Date("2025-10-25T17:00:00.000Z"),
             price_change_type: undefined,
             price_change_value: NaN
           },
           {
             property_id: "aefc4c51-4dcf-4e5d-8caf-dbe6ac3f5e6f",
             room_id: "e0204fd1-8b1b-4b87-baf8-546477d7ca61",
             start_date: new Date("2025-10-31T17:00:00.000Z"),
             end_date: new Date("2025-10-31T17:00:00.000Z"),
             price_change_type: undefined,
             price_change_value: NaN
           },
           {
             property_id: "aefc4c51-4dcf-4e5d-8caf-dbe6ac3f5e6f",
             room_id: "e0204fd1-8b1b-4b87-baf8-546477d7ca61",
             start_date: new Date("2025-11-01T17:00:00.000Z"),
             end_date: new Date("2025-11-01T17:00:00.000Z"),
             price_change_type: undefined,
             price_change_value: NaN
           },
           {
             property_id: "aefc4c51-4dcf-4e5d-8caf-dbe6ac3f5e6f",
             room_id: "e0204fd1-8b1b-4b87-baf8-546477d7ca61",
             start_date: new Date("2025-11-07T17:00:00.000Z"),
             end_date: new Date("2025-11-07T17:00:00.000Z"),
             price_change_type: undefined,
             price_change_value: NaN
           },
           {
             property_id: "aefc4c51-4dcf-4e5d-8caf-dbe6ac3f5e6f",
             room_id: "e0204fd1-8b1b-4b87-baf8-546477d7ca61",
             start_date: new Date("2025-11-08T17:00:00.000Z"),
             end_date: new Date("2025-11-08T17:00:00.000Z"),
             price_change_type: undefined,
             price_change_value: NaN
           },
           {
             property_id: "aefc4c51-4dcf-4e5d-8caf-dbe6ac3f5e6f",
             room_id: "e0204fd1-8b1b-4b87-baf8-546477d7ca61",
             start_date: new Date("2025-11-14T17:00:00.000Z"),
             end_date: new Date("2025-11-14T17:00:00.000Z"),
             price_change_type: undefined,
             price_change_value: NaN
           },
           {
             property_id: "aefc4c51-4dcf-4e5d-8caf-dbe6ac3f5e6f",
             room_id: "e0204fd1-8b1b-4b87-baf8-546477d7ca61",
             start_date: new Date("2025-11-15T17:00:00.000Z"),
             end_date: new Date("2025-11-15T17:00:00.000Z"),
             price_change_type: undefined,
             price_change_value: NaN
           },
           {
             property_id: "aefc4c51-4dcf-4e5d-8caf-dbe6ac3f5e6f",
             room_id: "e0204fd1-8b1b-4b87-baf8-546477d7ca61",
             start_date: new Date("2025-11-21T17:00:00.000Z"),
             end_date: new Date("2025-11-21T17:00:00.000Z"),
             price_change_type: undefined,
             price_change_value: NaN
           },
           {
             property_id: "aefc4c51-4dcf-4e5d-8caf-dbe6ac3f5e6f",
             room_id: "e0204fd1-8b1b-4b87-baf8-546477d7ca61",
             start_date: new Date("2025-11-22T17:00:00.000Z"),
             end_date: new Date("2025-11-22T17:00:00.000Z"),
             price_change_type: undefined,
             price_change_value: NaN
           },
           {
             property_id: "aefc4c51-4dcf-4e5d-8caf-dbe6ac3f5e6f",
             room_id: "e0204fd1-8b1b-4b87-baf8-546477d7ca61",
             start_date: new Date("2025-11-28T17:00:00.000Z"),
             end_date: new Date("2025-11-28T17:00:00.000Z"),
             price_change_type: undefined,
             price_change_value: NaN
           },
           {
             property_id: "aefc4c51-4dcf-4e5d-8caf-dbe6ac3f5e6f",
             room_id: "e0204fd1-8b1b-4b87-baf8-546477d7ca61",
             start_date: new Date("2025-11-29T17:00:00.000Z"),
             end_date: new Date("2025-11-29T17:00:00.000Z"),
             price_change_type: undefined,
             price_change_value: NaN
           },
           {
             property_id: "aefc4c51-4dcf-4e5d-8caf-dbe6ac3f5e6f",
             room_id: "e0204fd1-8b1b-4b87-baf8-546477d7ca61",
             start_date: new Date("2025-12-05T17:00:00.000Z"),
             end_date: new Date("2025-12-05T17:00:00.000Z"),
             price_change_type: undefined,
             price_change_value: NaN
           },
           {
             property_id: "aefc4c51-4dcf-4e5d-8caf-dbe6ac3f5e6f",
             room_id: "e0204fd1-8b1b-4b87-baf8-546477d7ca61",
             start_date: new Date("2025-12-06T17:00:00.000Z"),
             end_date: new Date("2025-12-06T17:00:00.000Z"),
             price_change_type: undefined,
             price_change_value: NaN
           },
           {
             property_id: "aefc4c51-4dcf-4e5d-8caf-dbe6ac3f5e6f",
             room_id: "e0204fd1-8b1b-4b87-baf8-546477d7ca61",
             start_date: new Date("2025-12-12T17:00:00.000Z"),
             end_date: new Date("2025-12-12T17:00:00.000Z"),
             price_change_type: undefined,
             price_change_value: NaN
           },
           {
             property_id: "aefc4c51-4dcf-4e5d-8caf-dbe6ac3f5e6f",
             room_id: "e0204fd1-8b1b-4b87-baf8-546477d7ca61",
             start_date: new Date("2025-12-13T17:00:00.000Z"),
             end_date: new Date("2025-12-13T17:00:00.000Z"),
             price_change_type: undefined,
             price_change_value: NaN
           },
           {
             property_id: "aefc4c51-4dcf-4e5d-8caf-dbe6ac3f5e6f",
             room_id: "e0204fd1-8b1b-4b87-baf8-546477d7ca61",
             start_date: new Date("2025-12-19T17:00:00.000Z"),
             end_date: new Date("2025-12-19T17:00:00.000Z"),
             price_change_type: undefined,
             price_change_value: NaN
           },
           {
             property_id: "aefc4c51-4dcf-4e5d-8caf-dbe6ac3f5e6f",
             room_id: "e0204fd1-8b1b-4b87-baf8-546477d7ca61",
             start_date: new Date("2025-12-20T17:00:00.000Z"),
             end_date: new Date("2025-12-20T17:00:00.000Z"),
             price_change_type: undefined,
             price_change_value: NaN
           },
           {
             property_id: "aefc4c51-4dcf-4e5d-8caf-dbe6ac3f5e6f",
             room_id: "e0204fd1-8b1b-4b87-baf8-546477d7ca61",
             start_date: new Date("2025-12-26T17:00:00.000Z"),
             end_date: new Date("2025-12-26T17:00:00.000Z"),
             price_change_type: undefined,
             price_change_value: NaN
           },
           {
             property_id: "aefc4c51-4dcf-4e5d-8caf-dbe6ac3f5e6f",
             room_id: "e0204fd1-8b1b-4b87-baf8-546477d7ca61",
             start_date: new Date("2025-12-27T17:00:00.000Z"),
             end_date: new Date("2025-12-27T17:00:00.000Z"),
             price_change_type: undefined,
             price_change_value: NaN
           },
           {
             property_id: "aefc4c51-4dcf-4e5d-8caf-dbe6ac3f5e6f",
             room_id: "e0204fd1-8b1b-4b87-baf8-546477d7ca61",
             start_date: new Date("2026-01-02T17:00:00.000Z"),
             end_date: new Date("2026-01-02T17:00:00.000Z"),
             price_change_type: undefined,
             price_change_value: NaN
           },
           {
             property_id: "aefc4c51-4dcf-4e5d-8caf-dbe6ac3f5e6f",
             room_id: "e0204fd1-8b1b-4b87-baf8-546477d7ca61",
             start_date: new Date("2026-01-03T17:00:00.000Z"),
             end_date: new Date("2026-01-03T17:00:00.000Z"),
             price_change_type: undefined,
             price_change_value: NaN
           },
           {
             property_id: "aefc4c51-4dcf-4e5d-8caf-dbe6ac3f5e6f",
             room_id: "e0204fd1-8b1b-4b87-baf8-546477d7ca61",
             start_date: new Date("2026-01-09T17:00:00.000Z"),
             end_date: new Date("2026-01-09T17:00:00.000Z"),
             price_change_type: undefined,
             price_change_value: NaN
           },
           {
             property_id: "aefc4c51-4dcf-4e5d-8caf-dbe6ac3f5e6f",
             room_id: "e0204fd1-8b1b-4b87-baf8-546477d7ca61",
             start_date: new Date("2026-01-10T17:00:00.000Z"),
             end_date: new Date("2026-01-10T17:00:00.000Z"),
             price_change_type: undefined,
             price_change_value: NaN
           },
           {
             property_id: "aefc4c51-4dcf-4e5d-8caf-dbe6ac3f5e6f",
             room_id: "e0204fd1-8b1b-4b87-baf8-546477d7ca61",
             start_date: new Date("2026-01-16T17:00:00.000Z"),
             end_date: new Date("2026-01-16T17:00:00.000Z"),
             price_change_type: undefined,
             price_change_value: NaN
           },
           {
             property_id: "aefc4c51-4dcf-4e5d-8caf-dbe6ac3f5e6f",
             room_id: "e0204fd1-8b1b-4b87-baf8-546477d7ca61",
             start_date: new Date("2026-01-17T17:00:00.000Z"),
             end_date: new Date("2026-01-17T17:00:00.000Z"),
             price_change_type: undefined,
             price_change_value: NaN
           },
           {
             property_id: "aefc4c51-4dcf-4e5d-8caf-dbe6ac3f5e6f",
             room_id: "e0204fd1-8b1b-4b87-baf8-546477d7ca61",
             start_date: new Date("2026-01-23T17:00:00.000Z"),
             end_date: new Date("2026-01-23T17:00:00.000Z"),
             price_change_type: undefined,
             price_change_value: NaN
           },
           {
             property_id: "aefc4c51-4dcf-4e5d-8caf-dbe6ac3f5e6f",
             room_id: "e0204fd1-8b1b-4b87-baf8-546477d7ca61",
             start_date: new Date("2026-01-24T17:00:00.000Z"),
             end_date: new Date("2026-01-24T17:00:00.000Z"),
             price_change_type: undefined,
             price_change_value: NaN
           },
           {
             property_id: "aefc4c51-4dcf-4e5d-8caf-dbe6ac3f5e6f",
             room_id: "e0204fd1-8b1b-4b87-baf8-546477d7ca61",
             start_date: new Date("2026-01-30T17:00:00.000Z"),
             end_date: new Date("2026-01-30T17:00:00.000Z"),
             price_change_type: undefined,
             price_change_value: NaN
           },
           {
             property_id: "aefc4c51-4dcf-4e5d-8caf-dbe6ac3f5e6f",
             room_id: "e0204fd1-8b1b-4b87-baf8-546477d7ca61",
             start_date: new Date("2026-01-31T17:00:00.000Z"),
             end_date: new Date("2026-01-31T17:00:00.000Z"),
             price_change_type: undefined,
             price_change_value: NaN
           },
           {
             property_id: "aefc4c51-4dcf-4e5d-8caf-dbe6ac3f5e6f",
             room_id: "e0204fd1-8b1b-4b87-baf8-546477d7ca61",
             start_date: new Date("2026-02-06T17:00:00.000Z"),
             end_date: new Date("2026-02-06T17:00:00.000Z"),
             price_change_type: undefined,
             price_change_value: NaN
           },
           {
             property_id: "aefc4c51-4dcf-4e5d-8caf-dbe6ac3f5e6f",
             room_id: "e0204fd1-8b1b-4b87-baf8-546477d7ca61",
             start_date: new Date("2026-02-07T17:00:00.000Z"),
             end_date: new Date("2026-02-07T17:00:00.000Z"),
             price_change_type: undefined,
             price_change_value: NaN
           },
           {
             property_id: "aefc4c51-4dcf-4e5d-8caf-dbe6ac3f5e6f",
             room_id: "e0204fd1-8b1b-4b87-baf8-546477d7ca61",
             start_date: new Date("2026-02-13T17:00:00.000Z"),
             end_date: new Date("2026-02-13T17:00:00.000Z"),
             price_change_type: undefined,
             price_change_value: NaN
           },
           {
             property_id: "aefc4c51-4dcf-4e5d-8caf-dbe6ac3f5e6f",
             room_id: "e0204fd1-8b1b-4b87-baf8-546477d7ca61",
             start_date: new Date("2026-02-14T17:00:00.000Z"),
             end_date: new Date("2026-02-14T17:00:00.000Z"),
             price_change_type: undefined,
             price_change_value: NaN
           },
           {
             property_id: "aefc4c51-4dcf-4e5d-8caf-dbe6ac3f5e6f",
             room_id: "e0204fd1-8b1b-4b87-baf8-546477d7ca61",
             start_date: new Date("2026-02-20T17:00:00.000Z"),
             end_date: new Date("2026-02-20T17:00:00.000Z"),
             price_change_type: undefined,
             price_change_value: NaN
           },
           {
             property_id: "aefc4c51-4dcf-4e5d-8caf-dbe6ac3f5e6f",
             room_id: "e0204fd1-8b1b-4b87-baf8-546477d7ca61",
             start_date: new Date("2026-02-21T17:00:00.000Z"),
             end_date: new Date("2026-02-21T17:00:00.000Z"),
             price_change_type: undefined,
             price_change_value: NaN
           },
           {
             property_id: "aefc4c51-4dcf-4e5d-8caf-dbe6ac3f5e6f",
             room_id: "e0204fd1-8b1b-4b87-baf8-546477d7ca61",
             start_date: new Date("2026-02-27T17:00:00.000Z"),
             end_date: new Date("2026-02-27T17:00:00.000Z"),
             price_change_type: undefined,
             price_change_value: NaN
           },
           {
             property_id: "aefc4c51-4dcf-4e5d-8caf-dbe6ac3f5e6f",
             room_id: "e0204fd1-8b1b-4b87-baf8-546477d7ca61",
             start_date: new Date("2026-02-28T17:00:00.000Z"),
             end_date: new Date("2026-02-28T17:00:00.000Z"),
             price_change_type: undefined,
             price_change_value: NaN
           },
           {
             property_id: "aefc4c51-4dcf-4e5d-8caf-dbe6ac3f5e6f",
             room_id: "e0204fd1-8b1b-4b87-baf8-546477d7ca61",
             start_date: new Date("2026-03-06T17:00:00.000Z"),
             end_date: new Date("2026-03-06T17:00:00.000Z"),
             price_change_type: undefined,
             price_change_value: NaN
           },
           {
             property_id: "aefc4c51-4dcf-4e5d-8caf-dbe6ac3f5e6f",
             room_id: "e0204fd1-8b1b-4b87-baf8-546477d7ca61",
             start_date: new Date("2026-03-07T17:00:00.000Z"),
             end_date: new Date("2026-03-07T17:00:00.000Z"),
             price_change_type: undefined,
             price_change_value: NaN
           },
           {
             property_id: "aefc4c51-4dcf-4e5d-8caf-dbe6ac3f5e6f",
             room_id: "e0204fd1-8b1b-4b87-baf8-546477d7ca61",
             start_date: new Date("2026-03-13T17:00:00.000Z"),
             end_date: new Date("2026-03-13T17:00:00.000Z"),
             price_change_type: undefined,
             price_change_value: NaN
           },
           {
             property_id: "aefc4c51-4dcf-4e5d-8caf-dbe6ac3f5e6f",
             room_id: "e0204fd1-8b1b-4b87-baf8-546477d7ca61",
             start_date: new Date("2026-03-14T17:00:00.000Z"),
             end_date: new Date("2026-03-14T17:00:00.000Z"),
             price_change_type: undefined,
             price_change_value: NaN
           }
         ],
         skipDuplicates: true
       })

Argument `price_change_type` is missing. | MESSAGE: {"name":"PrismaClientValidationError","clientVersion":"6.13.0"}
2025-09-17 13:54:29 [ERROR]: POST /room/create | STATUS: 
Invalid `prisma.peak_season_rates.createMany()` invocation in
/Users/Farizkey/Documents/Purwadhika - JCWDOL 020 /Property-Renting-Web-App/backend/src/services/rooms/rooms.services.ts:91:38

  88 }
  89 
  90 if (peakRatesData.length > 0) {
→ 91   await prisma.peak_season_rates.createMany({
         data: [
           {
             property_id: "aefc4c51-4dcf-4e5d-8caf-dbe6ac3f5e6f",
             room_id: "40cf0119-1539-4a6e-8267-395efebb4928",
             start_date: new Date("2025-09-19T17:00:00.000Z"),
             end_date: new Date("2025-09-19T17:00:00.000Z"),
             price_change_type: undefined,
             price_change_value: NaN
           },
           {
             property_id: "aefc4c51-4dcf-4e5d-8caf-dbe6ac3f5e6f",
             room_id: "40cf0119-1539-4a6e-8267-395efebb4928",
             start_date: new Date("2025-09-20T17:00:00.000Z"),
             end_date: new Date("2025-09-20T17:00:00.000Z"),
             price_change_type: undefined,
             price_change_value: NaN
           },
           {
             property_id: "aefc4c51-4dcf-4e5d-8caf-dbe6ac3f5e6f",
             room_id: "40cf0119-1539-4a6e-8267-395efebb4928",
             start_date: new Date("2025-09-26T17:00:00.000Z"),
             end_date: new Date("2025-09-26T17:00:00.000Z"),
             price_change_type: undefined,
             price_change_value: NaN
           },
           {
             property_id: "aefc4c51-4dcf-4e5d-8caf-dbe6ac3f5e6f",
             room_id: "40cf0119-1539-4a6e-8267-395efebb4928",
             start_date: new Date("2025-09-27T17:00:00.000Z"),
             end_date: new Date("2025-09-27T17:00:00.000Z"),
             price_change_type: undefined,
             price_change_value: NaN
           },
           {
             property_id: "aefc4c51-4dcf-4e5d-8caf-dbe6ac3f5e6f",
             room_id: "40cf0119-1539-4a6e-8267-395efebb4928",
             start_date: new Date("2025-10-03T17:00:00.000Z"),
             end_date: new Date("2025-10-03T17:00:00.000Z"),
             price_change_type: undefined,
             price_change_value: NaN
           },
           {
             property_id: "aefc4c51-4dcf-4e5d-8caf-dbe6ac3f5e6f",
             room_id: "40cf0119-1539-4a6e-8267-395efebb4928",
             start_date: new Date("2025-10-04T17:00:00.000Z"),
             end_date: new Date("2025-10-04T17:00:00.000Z"),
             price_change_type: undefined,
             price_change_value: NaN
           },
           {
             property_id: "aefc4c51-4dcf-4e5d-8caf-dbe6ac3f5e6f",
             room_id: "40cf0119-1539-4a6e-8267-395efebb4928",
             start_date: new Date("2025-10-10T17:00:00.000Z"),
             end_date: new Date("2025-10-10T17:00:00.000Z"),
             price_change_type: undefined,
             price_change_value: NaN
           },
           {
             property_id: "aefc4c51-4dcf-4e5d-8caf-dbe6ac3f5e6f",
             room_id: "40cf0119-1539-4a6e-8267-395efebb4928",
             start_date: new Date("2025-10-11T17:00:00.000Z"),
             end_date: new Date("2025-10-11T17:00:00.000Z"),
             price_change_type: undefined,
             price_change_value: NaN
           },
           {
             property_id: "aefc4c51-4dcf-4e5d-8caf-dbe6ac3f5e6f",
             room_id: "40cf0119-1539-4a6e-8267-395efebb4928",
             start_date: new Date("2025-10-17T17:00:00.000Z"),
             end_date: new Date("2025-10-17T17:00:00.000Z"),
             price_change_type: undefined,
             price_change_value: NaN
           },
           {
             property_id: "aefc4c51-4dcf-4e5d-8caf-dbe6ac3f5e6f",
             room_id: "40cf0119-1539-4a6e-8267-395efebb4928",
             start_date: new Date("2025-10-18T17:00:00.000Z"),
             end_date: new Date("2025-10-18T17:00:00.000Z"),
             price_change_type: undefined,
             price_change_value: NaN
           },
           {
             property_id: "aefc4c51-4dcf-4e5d-8caf-dbe6ac3f5e6f",
             room_id: "40cf0119-1539-4a6e-8267-395efebb4928",
             start_date: new Date("2025-10-24T17:00:00.000Z"),
             end_date: new Date("2025-10-24T17:00:00.000Z"),
             price_change_type: undefined,
             price_change_value: NaN
           },
           {
             property_id: "aefc4c51-4dcf-4e5d-8caf-dbe6ac3f5e6f",
             room_id: "40cf0119-1539-4a6e-8267-395efebb4928",
             start_date: new Date("2025-10-25T17:00:00.000Z"),
             end_date: new Date("2025-10-25T17:00:00.000Z"),
             price_change_type: undefined,
             price_change_value: NaN
           },
           {
             property_id: "aefc4c51-4dcf-4e5d-8caf-dbe6ac3f5e6f",
             room_id: "40cf0119-1539-4a6e-8267-395efebb4928",
             start_date: new Date("2025-10-31T17:00:00.000Z"),
             end_date: new Date("2025-10-31T17:00:00.000Z"),
             price_change_type: undefined,
             price_change_value: NaN
           },
           {
             property_id: "aefc4c51-4dcf-4e5d-8caf-dbe6ac3f5e6f",
             room_id: "40cf0119-1539-4a6e-8267-395efebb4928",
             start_date: new Date("2025-11-01T17:00:00.000Z"),
             end_date: new Date("2025-11-01T17:00:00.000Z"),
             price_change_type: undefined,
             price_change_value: NaN
           },
           {
             property_id: "aefc4c51-4dcf-4e5d-8caf-dbe6ac3f5e6f",
             room_id: "40cf0119-1539-4a6e-8267-395efebb4928",
             start_date: new Date("2025-11-07T17:00:00.000Z"),
             end_date: new Date("2025-11-07T17:00:00.000Z"),
             price_change_type: undefined,
             price_change_value: NaN
           },
           {
             property_id: "aefc4c51-4dcf-4e5d-8caf-dbe6ac3f5e6f",
             room_id: "40cf0119-1539-4a6e-8267-395efebb4928",
             start_date: new Date("2025-11-08T17:00:00.000Z"),
             end_date: new Date("2025-11-08T17:00:00.000Z"),
             price_change_type: undefined,
             price_change_value: NaN
           },
           {
             property_id: "aefc4c51-4dcf-4e5d-8caf-dbe6ac3f5e6f",
             room_id: "40cf0119-1539-4a6e-8267-395efebb4928",
             start_date: new Date("2025-11-14T17:00:00.000Z"),
             end_date: new Date("2025-11-14T17:00:00.000Z"),
             price_change_type: undefined,
             price_change_value: NaN
           },
           {
             property_id: "aefc4c51-4dcf-4e5d-8caf-dbe6ac3f5e6f",
             room_id: "40cf0119-1539-4a6e-8267-395efebb4928",
             start_date: new Date("2025-11-15T17:00:00.000Z"),
             end_date: new Date("2025-11-15T17:00:00.000Z"),
             price_change_type: undefined,
             price_change_value: NaN
           },
           {
             property_id: "aefc4c51-4dcf-4e5d-8caf-dbe6ac3f5e6f",
             room_id: "40cf0119-1539-4a6e-8267-395efebb4928",
             start_date: new Date("2025-11-21T17:00:00.000Z"),
             end_date: new Date("2025-11-21T17:00:00.000Z"),
             price_change_type: undefined,
             price_change_value: NaN
           },
           {
             property_id: "aefc4c51-4dcf-4e5d-8caf-dbe6ac3f5e6f",
             room_id: "40cf0119-1539-4a6e-8267-395efebb4928",
             start_date: new Date("2025-11-22T17:00:00.000Z"),
             end_date: new Date("2025-11-22T17:00:00.000Z"),
             price_change_type: undefined,
             price_change_value: NaN
           },
           {
             property_id: "aefc4c51-4dcf-4e5d-8caf-dbe6ac3f5e6f",
             room_id: "40cf0119-1539-4a6e-8267-395efebb4928",
             start_date: new Date("2025-11-28T17:00:00.000Z"),
             end_date: new Date("2025-11-28T17:00:00.000Z"),
             price_change_type: undefined,
             price_change_value: NaN
           },
           {
             property_id: "aefc4c51-4dcf-4e5d-8caf-dbe6ac3f5e6f",
             room_id: "40cf0119-1539-4a6e-8267-395efebb4928",
             start_date: new Date("2025-11-29T17:00:00.000Z"),
             end_date: new Date("2025-11-29T17:00:00.000Z"),
             price_change_type: undefined,
             price_change_value: NaN
           },
           {
             property_id: "aefc4c51-4dcf-4e5d-8caf-dbe6ac3f5e6f",
             room_id: "40cf0119-1539-4a6e-8267-395efebb4928",
             start_date: new Date("2025-12-05T17:00:00.000Z"),
             end_date: new Date("2025-12-05T17:00:00.000Z"),
             price_change_type: undefined,
             price_change_value: NaN
           },
           {
             property_id: "aefc4c51-4dcf-4e5d-8caf-dbe6ac3f5e6f",
             room_id: "40cf0119-1539-4a6e-8267-395efebb4928",
             start_date: new Date("2025-12-06T17:00:00.000Z"),
             end_date: new Date("2025-12-06T17:00:00.000Z"),
             price_change_type: undefined,
             price_change_value: NaN
           },
           {
             property_id: "aefc4c51-4dcf-4e5d-8caf-dbe6ac3f5e6f",
             room_id: "40cf0119-1539-4a6e-8267-395efebb4928",
             start_date: new Date("2025-12-12T17:00:00.000Z"),
             end_date: new Date("2025-12-12T17:00:00.000Z"),
             price_change_type: undefined,
             price_change_value: NaN
           },
           {
             property_id: "aefc4c51-4dcf-4e5d-8caf-dbe6ac3f5e6f",
             room_id: "40cf0119-1539-4a6e-8267-395efebb4928",
             start_date: new Date("2025-12-13T17:00:00.000Z"),
             end_date: new Date("2025-12-13T17:00:00.000Z"),
             price_change_type: undefined,
             price_change_value: NaN
           },
           {
             property_id: "aefc4c51-4dcf-4e5d-8caf-dbe6ac3f5e6f",
             room_id: "40cf0119-1539-4a6e-8267-395efebb4928",
             start_date: new Date("2025-12-19T17:00:00.000Z"),
             end_date: new Date("2025-12-19T17:00:00.000Z"),
             price_change_type: undefined,
             price_change_value: NaN
           },
           {
             property_id: "aefc4c51-4dcf-4e5d-8caf-dbe6ac3f5e6f",
             room_id: "40cf0119-1539-4a6e-8267-395efebb4928",
             start_date: new Date("2025-12-20T17:00:00.000Z"),
             end_date: new Date("2025-12-20T17:00:00.000Z"),
             price_change_type: undefined,
             price_change_value: NaN
           },
           {
             property_id: "aefc4c51-4dcf-4e5d-8caf-dbe6ac3f5e6f",
             room_id: "40cf0119-1539-4a6e-8267-395efebb4928",
             start_date: new Date("2025-12-26T17:00:00.000Z"),
             end_date: new Date("2025-12-26T17:00:00.000Z"),
             price_change_type: undefined,
             price_change_value: NaN
           },
           {
             property_id: "aefc4c51-4dcf-4e5d-8caf-dbe6ac3f5e6f",
             room_id: "40cf0119-1539-4a6e-8267-395efebb4928",
             start_date: new Date("2025-12-27T17:00:00.000Z"),
             end_date: new Date("2025-12-27T17:00:00.000Z"),
             price_change_type: undefined,
             price_change_value: NaN
           },
           {
             property_id: "aefc4c51-4dcf-4e5d-8caf-dbe6ac3f5e6f",
             room_id: "40cf0119-1539-4a6e-8267-395efebb4928",
             start_date: new Date("2026-01-02T17:00:00.000Z"),
             end_date: new Date("2026-01-02T17:00:00.000Z"),
             price_change_type: undefined,
             price_change_value: NaN
           },
           {
             property_id: "aefc4c51-4dcf-4e5d-8caf-dbe6ac3f5e6f",
             room_id: "40cf0119-1539-4a6e-8267-395efebb4928",
             start_date: new Date("2026-01-03T17:00:00.000Z"),
             end_date: new Date("2026-01-03T17:00:00.000Z"),
             price_change_type: undefined,
             price_change_value: NaN
           },
           {
             property_id: "aefc4c51-4dcf-4e5d-8caf-dbe6ac3f5e6f",
             room_id: "40cf0119-1539-4a6e-8267-395efebb4928",
             start_date: new Date("2026-01-09T17:00:00.000Z"),
             end_date: new Date("2026-01-09T17:00:00.000Z"),
             price_change_type: undefined,
             price_change_value: NaN
           },
           {
             property_id: "aefc4c51-4dcf-4e5d-8caf-dbe6ac3f5e6f",
             room_id: "40cf0119-1539-4a6e-8267-395efebb4928",
             start_date: new Date("2026-01-10T17:00:00.000Z"),
             end_date: new Date("2026-01-10T17:00:00.000Z"),
             price_change_type: undefined,
             price_change_value: NaN
           },
           {
             property_id: "aefc4c51-4dcf-4e5d-8caf-dbe6ac3f5e6f",
             room_id: "40cf0119-1539-4a6e-8267-395efebb4928",
             start_date: new Date("2026-01-16T17:00:00.000Z"),
             end_date: new Date("2026-01-16T17:00:00.000Z"),
             price_change_type: undefined,
             price_change_value: NaN
           },
           {
             property_id: "aefc4c51-4dcf-4e5d-8caf-dbe6ac3f5e6f",
             room_id: "40cf0119-1539-4a6e-8267-395efebb4928",
             start_date: new Date("2026-01-17T17:00:00.000Z"),
             end_date: new Date("2026-01-17T17:00:00.000Z"),
             price_change_type: undefined,
             price_change_value: NaN
           },
           {
             property_id: "aefc4c51-4dcf-4e5d-8caf-dbe6ac3f5e6f",
             room_id: "40cf0119-1539-4a6e-8267-395efebb4928",
             start_date: new Date("2026-01-23T17:00:00.000Z"),
             end_date: new Date("2026-01-23T17:00:00.000Z"),
             price_change_type: undefined,
             price_change_value: NaN
           },
           {
             property_id: "aefc4c51-4dcf-4e5d-8caf-dbe6ac3f5e6f",
             room_id: "40cf0119-1539-4a6e-8267-395efebb4928",
             start_date: new Date("2026-01-24T17:00:00.000Z"),
             end_date: new Date("2026-01-24T17:00:00.000Z"),
             price_change_type: undefined,
             price_change_value: NaN
           },
           {
             property_id: "aefc4c51-4dcf-4e5d-8caf-dbe6ac3f5e6f",
             room_id: "40cf0119-1539-4a6e-8267-395efebb4928",
             start_date: new Date("2026-01-30T17:00:00.000Z"),
             end_date: new Date("2026-01-30T17:00:00.000Z"),
             price_change_type: undefined,
             price_change_value: NaN
           },
           {
             property_id: "aefc4c51-4dcf-4e5d-8caf-dbe6ac3f5e6f",
             room_id: "40cf0119-1539-4a6e-8267-395efebb4928",
             start_date: new Date("2026-01-31T17:00:00.000Z"),
             end_date: new Date("2026-01-31T17:00:00.000Z"),
             price_change_type: undefined,
             price_change_value: NaN
           },
           {
             property_id: "aefc4c51-4dcf-4e5d-8caf-dbe6ac3f5e6f",
             room_id: "40cf0119-1539-4a6e-8267-395efebb4928",
             start_date: new Date("2026-02-06T17:00:00.000Z"),
             end_date: new Date("2026-02-06T17:00:00.000Z"),
             price_change_type: undefined,
             price_change_value: NaN
           },
           {
             property_id: "aefc4c51-4dcf-4e5d-8caf-dbe6ac3f5e6f",
             room_id: "40cf0119-1539-4a6e-8267-395efebb4928",
             start_date: new Date("2026-02-07T17:00:00.000Z"),
             end_date: new Date("2026-02-07T17:00:00.000Z"),
             price_change_type: undefined,
             price_change_value: NaN
           },
           {
             property_id: "aefc4c51-4dcf-4e5d-8caf-dbe6ac3f5e6f",
             room_id: "40cf0119-1539-4a6e-8267-395efebb4928",
             start_date: new Date("2026-02-13T17:00:00.000Z"),
             end_date: new Date("2026-02-13T17:00:00.000Z"),
             price_change_type: undefined,
             price_change_value: NaN
           },
           {
             property_id: "aefc4c51-4dcf-4e5d-8caf-dbe6ac3f5e6f",
             room_id: "40cf0119-1539-4a6e-8267-395efebb4928",
             start_date: new Date("2026-02-14T17:00:00.000Z"),
             end_date: new Date("2026-02-14T17:00:00.000Z"),
             price_change_type: undefined,
             price_change_value: NaN
           },
           {
             property_id: "aefc4c51-4dcf-4e5d-8caf-dbe6ac3f5e6f",
             room_id: "40cf0119-1539-4a6e-8267-395efebb4928",
             start_date: new Date("2026-02-20T17:00:00.000Z"),
             end_date: new Date("2026-02-20T17:00:00.000Z"),
             price_change_type: undefined,
             price_change_value: NaN
           },
           {
             property_id: "aefc4c51-4dcf-4e5d-8caf-dbe6ac3f5e6f",
             room_id: "40cf0119-1539-4a6e-8267-395efebb4928",
             start_date: new Date("2026-02-21T17:00:00.000Z"),
             end_date: new Date("2026-02-21T17:00:00.000Z"),
             price_change_type: undefined,
             price_change_value: NaN
           },
           {
             property_id: "aefc4c51-4dcf-4e5d-8caf-dbe6ac3f5e6f",
             room_id: "40cf0119-1539-4a6e-8267-395efebb4928",
             start_date: new Date("2026-02-27T17:00:00.000Z"),
             end_date: new Date("2026-02-27T17:00:00.000Z"),
             price_change_type: undefined,
             price_change_value: NaN
           },
           {
             property_id: "aefc4c51-4dcf-4e5d-8caf-dbe6ac3f5e6f",
             room_id: "40cf0119-1539-4a6e-8267-395efebb4928",
             start_date: new Date("2026-02-28T17:00:00.000Z"),
             end_date: new Date("2026-02-28T17:00:00.000Z"),
             price_change_type: undefined,
             price_change_value: NaN
           },
           {
             property_id: "aefc4c51-4dcf-4e5d-8caf-dbe6ac3f5e6f",
             room_id: "40cf0119-1539-4a6e-8267-395efebb4928",
             start_date: new Date("2026-03-06T17:00:00.000Z"),
             end_date: new Date("2026-03-06T17:00:00.000Z"),
             price_change_type: undefined,
             price_change_value: NaN
           },
           {
             property_id: "aefc4c51-4dcf-4e5d-8caf-dbe6ac3f5e6f",
             room_id: "40cf0119-1539-4a6e-8267-395efebb4928",
             start_date: new Date("2026-03-07T17:00:00.000Z"),
             end_date: new Date("2026-03-07T17:00:00.000Z"),
             price_change_type: undefined,
             price_change_value: NaN
           },
           {
             property_id: "aefc4c51-4dcf-4e5d-8caf-dbe6ac3f5e6f",
             room_id: "40cf0119-1539-4a6e-8267-395efebb4928",
             start_date: new Date("2026-03-13T17:00:00.000Z"),
             end_date: new Date("2026-03-13T17:00:00.000Z"),
             price_change_type: undefined,
             price_change_value: NaN
           },
           {
             property_id: "aefc4c51-4dcf-4e5d-8caf-dbe6ac3f5e6f",
             room_id: "40cf0119-1539-4a6e-8267-395efebb4928",
             start_date: new Date("2026-03-14T17:00:00.000Z"),
             end_date: new Date("2026-03-14T17:00:00.000Z"),
             price_change_type: undefined,
             price_change_value: NaN
           }
         ],
         skipDuplicates: true
       })

Argument `price_change_type` is missing. | MESSAGE: {"name":"PrismaClientValidationError","clientVersion":"6.13.0"}
2025-09-17 13:56:35 [ERROR]: POST /room/create | STATUS: 
Invalid `prisma.peak_season_rates.createMany()` invocation in
/Users/Farizkey/Documents/Purwadhika - JCWDOL 020 /Property-Renting-Web-App/backend/src/services/rooms/rooms.services.ts:91:38

  88 }
  89 
  90 if (peakRatesData.length > 0) {
→ 91   await prisma.peak_season_rates.createMany({
         data: [
           {
             property_id: "aefc4c51-4dcf-4e5d-8caf-dbe6ac3f5e6f",
             room_id: "176e12e6-7c5a-4eee-958e-f2e799e79ab8",
             start_date: new Date("2025-09-19T17:00:00.000Z"),
             end_date: new Date("2025-09-19T17:00:00.000Z"),
             price_change_type: undefined,
             price_change_value: NaN
           },
           {
             property_id: "aefc4c51-4dcf-4e5d-8caf-dbe6ac3f5e6f",
             room_id: "176e12e6-7c5a-4eee-958e-f2e799e79ab8",
             start_date: new Date("2025-09-20T17:00:00.000Z"),
             end_date: new Date("2025-09-20T17:00:00.000Z"),
             price_change_type: undefined,
             price_change_value: NaN
           },
           {
             property_id: "aefc4c51-4dcf-4e5d-8caf-dbe6ac3f5e6f",
             room_id: "176e12e6-7c5a-4eee-958e-f2e799e79ab8",
             start_date: new Date("2025-09-26T17:00:00.000Z"),
             end_date: new Date("2025-09-26T17:00:00.000Z"),
             price_change_type: undefined,
             price_change_value: NaN
           },
           {
             property_id: "aefc4c51-4dcf-4e5d-8caf-dbe6ac3f5e6f",
             room_id: "176e12e6-7c5a-4eee-958e-f2e799e79ab8",
             start_date: new Date("2025-09-27T17:00:00.000Z"),
             end_date: new Date("2025-09-27T17:00:00.000Z"),
             price_change_type: undefined,
             price_change_value: NaN
           },
           {
             property_id: "aefc4c51-4dcf-4e5d-8caf-dbe6ac3f5e6f",
             room_id: "176e12e6-7c5a-4eee-958e-f2e799e79ab8",
             start_date: new Date("2025-10-03T17:00:00.000Z"),
             end_date: new Date("2025-10-03T17:00:00.000Z"),
             price_change_type: undefined,
             price_change_value: NaN
           },
           {
             property_id: "aefc4c51-4dcf-4e5d-8caf-dbe6ac3f5e6f",
             room_id: "176e12e6-7c5a-4eee-958e-f2e799e79ab8",
             start_date: new Date("2025-10-04T17:00:00.000Z"),
             end_date: new Date("2025-10-04T17:00:00.000Z"),
             price_change_type: undefined,
             price_change_value: NaN
           },
           {
             property_id: "aefc4c51-4dcf-4e5d-8caf-dbe6ac3f5e6f",
             room_id: "176e12e6-7c5a-4eee-958e-f2e799e79ab8",
             start_date: new Date("2025-10-10T17:00:00.000Z"),
             end_date: new Date("2025-10-10T17:00:00.000Z"),
             price_change_type: undefined,
             price_change_value: NaN
           },
           {
             property_id: "aefc4c51-4dcf-4e5d-8caf-dbe6ac3f5e6f",
             room_id: "176e12e6-7c5a-4eee-958e-f2e799e79ab8",
             start_date: new Date("2025-10-11T17:00:00.000Z"),
             end_date: new Date("2025-10-11T17:00:00.000Z"),
             price_change_type: undefined,
             price_change_value: NaN
           },
           {
             property_id: "aefc4c51-4dcf-4e5d-8caf-dbe6ac3f5e6f",
             room_id: "176e12e6-7c5a-4eee-958e-f2e799e79ab8",
             start_date: new Date("2025-10-17T17:00:00.000Z"),
             end_date: new Date("2025-10-17T17:00:00.000Z"),
             price_change_type: undefined,
             price_change_value: NaN
           },
           {
             property_id: "aefc4c51-4dcf-4e5d-8caf-dbe6ac3f5e6f",
             room_id: "176e12e6-7c5a-4eee-958e-f2e799e79ab8",
             start_date: new Date("2025-10-18T17:00:00.000Z"),
             end_date: new Date("2025-10-18T17:00:00.000Z"),
             price_change_type: undefined,
             price_change_value: NaN
           },
           {
             property_id: "aefc4c51-4dcf-4e5d-8caf-dbe6ac3f5e6f",
             room_id: "176e12e6-7c5a-4eee-958e-f2e799e79ab8",
             start_date: new Date("2025-10-24T17:00:00.000Z"),
             end_date: new Date("2025-10-24T17:00:00.000Z"),
             price_change_type: undefined,
             price_change_value: NaN
           },
           {
             property_id: "aefc4c51-4dcf-4e5d-8caf-dbe6ac3f5e6f",
             room_id: "176e12e6-7c5a-4eee-958e-f2e799e79ab8",
             start_date: new Date("2025-10-25T17:00:00.000Z"),
             end_date: new Date("2025-10-25T17:00:00.000Z"),
             price_change_type: undefined,
             price_change_value: NaN
           },
           {
             property_id: "aefc4c51-4dcf-4e5d-8caf-dbe6ac3f5e6f",
             room_id: "176e12e6-7c5a-4eee-958e-f2e799e79ab8",
             start_date: new Date("2025-10-31T17:00:00.000Z"),
             end_date: new Date("2025-10-31T17:00:00.000Z"),
             price_change_type: undefined,
             price_change_value: NaN
           },
           {
             property_id: "aefc4c51-4dcf-4e5d-8caf-dbe6ac3f5e6f",
             room_id: "176e12e6-7c5a-4eee-958e-f2e799e79ab8",
             start_date: new Date("2025-11-01T17:00:00.000Z"),
             end_date: new Date("2025-11-01T17:00:00.000Z"),
             price_change_type: undefined,
             price_change_value: NaN
           },
           {
             property_id: "aefc4c51-4dcf-4e5d-8caf-dbe6ac3f5e6f",
             room_id: "176e12e6-7c5a-4eee-958e-f2e799e79ab8",
             start_date: new Date("2025-11-07T17:00:00.000Z"),
             end_date: new Date("2025-11-07T17:00:00.000Z"),
             price_change_type: undefined,
             price_change_value: NaN
           },
           {
             property_id: "aefc4c51-4dcf-4e5d-8caf-dbe6ac3f5e6f",
             room_id: "176e12e6-7c5a-4eee-958e-f2e799e79ab8",
             start_date: new Date("2025-11-08T17:00:00.000Z"),
             end_date: new Date("2025-11-08T17:00:00.000Z"),
             price_change_type: undefined,
             price_change_value: NaN
           },
           {
             property_id: "aefc4c51-4dcf-4e5d-8caf-dbe6ac3f5e6f",
             room_id: "176e12e6-7c5a-4eee-958e-f2e799e79ab8",
             start_date: new Date("2025-11-14T17:00:00.000Z"),
             end_date: new Date("2025-11-14T17:00:00.000Z"),
             price_change_type: undefined,
             price_change_value: NaN
           },
           {
             property_id: "aefc4c51-4dcf-4e5d-8caf-dbe6ac3f5e6f",
             room_id: "176e12e6-7c5a-4eee-958e-f2e799e79ab8",
             start_date: new Date("2025-11-15T17:00:00.000Z"),
             end_date: new Date("2025-11-15T17:00:00.000Z"),
             price_change_type: undefined,
             price_change_value: NaN
           },
           {
             property_id: "aefc4c51-4dcf-4e5d-8caf-dbe6ac3f5e6f",
             room_id: "176e12e6-7c5a-4eee-958e-f2e799e79ab8",
             start_date: new Date("2025-11-21T17:00:00.000Z"),
             end_date: new Date("2025-11-21T17:00:00.000Z"),
             price_change_type: undefined,
             price_change_value: NaN
           },
           {
             property_id: "aefc4c51-4dcf-4e5d-8caf-dbe6ac3f5e6f",
             room_id: "176e12e6-7c5a-4eee-958e-f2e799e79ab8",
             start_date: new Date("2025-11-22T17:00:00.000Z"),
             end_date: new Date("2025-11-22T17:00:00.000Z"),
             price_change_type: undefined,
             price_change_value: NaN
           },
           {
             property_id: "aefc4c51-4dcf-4e5d-8caf-dbe6ac3f5e6f",
             room_id: "176e12e6-7c5a-4eee-958e-f2e799e79ab8",
             start_date: new Date("2025-11-28T17:00:00.000Z"),
             end_date: new Date("2025-11-28T17:00:00.000Z"),
             price_change_type: undefined,
             price_change_value: NaN
           },
           {
             property_id: "aefc4c51-4dcf-4e5d-8caf-dbe6ac3f5e6f",
             room_id: "176e12e6-7c5a-4eee-958e-f2e799e79ab8",
             start_date: new Date("2025-11-29T17:00:00.000Z"),
             end_date: new Date("2025-11-29T17:00:00.000Z"),
             price_change_type: undefined,
             price_change_value: NaN
           },
           {
             property_id: "aefc4c51-4dcf-4e5d-8caf-dbe6ac3f5e6f",
             room_id: "176e12e6-7c5a-4eee-958e-f2e799e79ab8",
             start_date: new Date("2025-12-05T17:00:00.000Z"),
             end_date: new Date("2025-12-05T17:00:00.000Z"),
             price_change_type: undefined,
             price_change_value: NaN
           },
           {
             property_id: "aefc4c51-4dcf-4e5d-8caf-dbe6ac3f5e6f",
             room_id: "176e12e6-7c5a-4eee-958e-f2e799e79ab8",
             start_date: new Date("2025-12-06T17:00:00.000Z"),
             end_date: new Date("2025-12-06T17:00:00.000Z"),
             price_change_type: undefined,
             price_change_value: NaN
           },
           {
             property_id: "aefc4c51-4dcf-4e5d-8caf-dbe6ac3f5e6f",
             room_id: "176e12e6-7c5a-4eee-958e-f2e799e79ab8",
             start_date: new Date("2025-12-12T17:00:00.000Z"),
             end_date: new Date("2025-12-12T17:00:00.000Z"),
             price_change_type: undefined,
             price_change_value: NaN
           },
           {
             property_id: "aefc4c51-4dcf-4e5d-8caf-dbe6ac3f5e6f",
             room_id: "176e12e6-7c5a-4eee-958e-f2e799e79ab8",
             start_date: new Date("2025-12-13T17:00:00.000Z"),
             end_date: new Date("2025-12-13T17:00:00.000Z"),
             price_change_type: undefined,
             price_change_value: NaN
           },
           {
             property_id: "aefc4c51-4dcf-4e5d-8caf-dbe6ac3f5e6f",
             room_id: "176e12e6-7c5a-4eee-958e-f2e799e79ab8",
             start_date: new Date("2025-12-19T17:00:00.000Z"),
             end_date: new Date("2025-12-19T17:00:00.000Z"),
             price_change_type: undefined,
             price_change_value: NaN
           },
           {
             property_id: "aefc4c51-4dcf-4e5d-8caf-dbe6ac3f5e6f",
             room_id: "176e12e6-7c5a-4eee-958e-f2e799e79ab8",
             start_date: new Date("2025-12-20T17:00:00.000Z"),
             end_date: new Date("2025-12-20T17:00:00.000Z"),
             price_change_type: undefined,
             price_change_value: NaN
           },
           {
             property_id: "aefc4c51-4dcf-4e5d-8caf-dbe6ac3f5e6f",
             room_id: "176e12e6-7c5a-4eee-958e-f2e799e79ab8",
             start_date: new Date("2025-12-26T17:00:00.000Z"),
             end_date: new Date("2025-12-26T17:00:00.000Z"),
             price_change_type: undefined,
             price_change_value: NaN
           },
           {
             property_id: "aefc4c51-4dcf-4e5d-8caf-dbe6ac3f5e6f",
             room_id: "176e12e6-7c5a-4eee-958e-f2e799e79ab8",
             start_date: new Date("2025-12-27T17:00:00.000Z"),
             end_date: new Date("2025-12-27T17:00:00.000Z"),
             price_change_type: undefined,
             price_change_value: NaN
           },
           {
             property_id: "aefc4c51-4dcf-4e5d-8caf-dbe6ac3f5e6f",
             room_id: "176e12e6-7c5a-4eee-958e-f2e799e79ab8",
             start_date: new Date("2026-01-02T17:00:00.000Z"),
             end_date: new Date("2026-01-02T17:00:00.000Z"),
             price_change_type: undefined,
             price_change_value: NaN
           },
           {
             property_id: "aefc4c51-4dcf-4e5d-8caf-dbe6ac3f5e6f",
             room_id: "176e12e6-7c5a-4eee-958e-f2e799e79ab8",
             start_date: new Date("2026-01-03T17:00:00.000Z"),
             end_date: new Date("2026-01-03T17:00:00.000Z"),
             price_change_type: undefined,
             price_change_value: NaN
           },
           {
             property_id: "aefc4c51-4dcf-4e5d-8caf-dbe6ac3f5e6f",
             room_id: "176e12e6-7c5a-4eee-958e-f2e799e79ab8",
             start_date: new Date("2026-01-09T17:00:00.000Z"),
             end_date: new Date("2026-01-09T17:00:00.000Z"),
             price_change_type: undefined,
             price_change_value: NaN
           },
           {
             property_id: "aefc4c51-4dcf-4e5d-8caf-dbe6ac3f5e6f",
             room_id: "176e12e6-7c5a-4eee-958e-f2e799e79ab8",
             start_date: new Date("2026-01-10T17:00:00.000Z"),
             end_date: new Date("2026-01-10T17:00:00.000Z"),
             price_change_type: undefined,
             price_change_value: NaN
           },
           {
             property_id: "aefc4c51-4dcf-4e5d-8caf-dbe6ac3f5e6f",
             room_id: "176e12e6-7c5a-4eee-958e-f2e799e79ab8",
             start_date: new Date("2026-01-16T17:00:00.000Z"),
             end_date: new Date("2026-01-16T17:00:00.000Z"),
             price_change_type: undefined,
             price_change_value: NaN
           },
           {
             property_id: "aefc4c51-4dcf-4e5d-8caf-dbe6ac3f5e6f",
             room_id: "176e12e6-7c5a-4eee-958e-f2e799e79ab8",
             start_date: new Date("2026-01-17T17:00:00.000Z"),
             end_date: new Date("2026-01-17T17:00:00.000Z"),
             price_change_type: undefined,
             price_change_value: NaN
           },
           {
             property_id: "aefc4c51-4dcf-4e5d-8caf-dbe6ac3f5e6f",
             room_id: "176e12e6-7c5a-4eee-958e-f2e799e79ab8",
             start_date: new Date("2026-01-23T17:00:00.000Z"),
             end_date: new Date("2026-01-23T17:00:00.000Z"),
             price_change_type: undefined,
             price_change_value: NaN
           },
           {
             property_id: "aefc4c51-4dcf-4e5d-8caf-dbe6ac3f5e6f",
             room_id: "176e12e6-7c5a-4eee-958e-f2e799e79ab8",
             start_date: new Date("2026-01-24T17:00:00.000Z"),
             end_date: new Date("2026-01-24T17:00:00.000Z"),
             price_change_type: undefined,
             price_change_value: NaN
           },
           {
             property_id: "aefc4c51-4dcf-4e5d-8caf-dbe6ac3f5e6f",
             room_id: "176e12e6-7c5a-4eee-958e-f2e799e79ab8",
             start_date: new Date("2026-01-30T17:00:00.000Z"),
             end_date: new Date("2026-01-30T17:00:00.000Z"),
             price_change_type: undefined,
             price_change_value: NaN
           },
           {
             property_id: "aefc4c51-4dcf-4e5d-8caf-dbe6ac3f5e6f",
             room_id: "176e12e6-7c5a-4eee-958e-f2e799e79ab8",
             start_date: new Date("2026-01-31T17:00:00.000Z"),
             end_date: new Date("2026-01-31T17:00:00.000Z"),
             price_change_type: undefined,
             price_change_value: NaN
           },
           {
             property_id: "aefc4c51-4dcf-4e5d-8caf-dbe6ac3f5e6f",
             room_id: "176e12e6-7c5a-4eee-958e-f2e799e79ab8",
             start_date: new Date("2026-02-06T17:00:00.000Z"),
             end_date: new Date("2026-02-06T17:00:00.000Z"),
             price_change_type: undefined,
             price_change_value: NaN
           },
           {
             property_id: "aefc4c51-4dcf-4e5d-8caf-dbe6ac3f5e6f",
             room_id: "176e12e6-7c5a-4eee-958e-f2e799e79ab8",
             start_date: new Date("2026-02-07T17:00:00.000Z"),
             end_date: new Date("2026-02-07T17:00:00.000Z"),
             price_change_type: undefined,
             price_change_value: NaN
           },
           {
             property_id: "aefc4c51-4dcf-4e5d-8caf-dbe6ac3f5e6f",
             room_id: "176e12e6-7c5a-4eee-958e-f2e799e79ab8",
             start_date: new Date("2026-02-13T17:00:00.000Z"),
             end_date: new Date("2026-02-13T17:00:00.000Z"),
             price_change_type: undefined,
             price_change_value: NaN
           },
           {
             property_id: "aefc4c51-4dcf-4e5d-8caf-dbe6ac3f5e6f",
             room_id: "176e12e6-7c5a-4eee-958e-f2e799e79ab8",
             start_date: new Date("2026-02-14T17:00:00.000Z"),
             end_date: new Date("2026-02-14T17:00:00.000Z"),
             price_change_type: undefined,
             price_change_value: NaN
           },
           {
             property_id: "aefc4c51-4dcf-4e5d-8caf-dbe6ac3f5e6f",
             room_id: "176e12e6-7c5a-4eee-958e-f2e799e79ab8",
             start_date: new Date("2026-02-20T17:00:00.000Z"),
             end_date: new Date("2026-02-20T17:00:00.000Z"),
             price_change_type: undefined,
             price_change_value: NaN
           },
           {
             property_id: "aefc4c51-4dcf-4e5d-8caf-dbe6ac3f5e6f",
             room_id: "176e12e6-7c5a-4eee-958e-f2e799e79ab8",
             start_date: new Date("2026-02-21T17:00:00.000Z"),
             end_date: new Date("2026-02-21T17:00:00.000Z"),
             price_change_type: undefined,
             price_change_value: NaN
           },
           {
             property_id: "aefc4c51-4dcf-4e5d-8caf-dbe6ac3f5e6f",
             room_id: "176e12e6-7c5a-4eee-958e-f2e799e79ab8",
             start_date: new Date("2026-02-27T17:00:00.000Z"),
             end_date: new Date("2026-02-27T17:00:00.000Z"),
             price_change_type: undefined,
             price_change_value: NaN
           },
           {
             property_id: "aefc4c51-4dcf-4e5d-8caf-dbe6ac3f5e6f",
             room_id: "176e12e6-7c5a-4eee-958e-f2e799e79ab8",
             start_date: new Date("2026-02-28T17:00:00.000Z"),
             end_date: new Date("2026-02-28T17:00:00.000Z"),
             price_change_type: undefined,
             price_change_value: NaN
           },
           {
             property_id: "aefc4c51-4dcf-4e5d-8caf-dbe6ac3f5e6f",
             room_id: "176e12e6-7c5a-4eee-958e-f2e799e79ab8",
             start_date: new Date("2026-03-06T17:00:00.000Z"),
             end_date: new Date("2026-03-06T17:00:00.000Z"),
             price_change_type: undefined,
             price_change_value: NaN
           },
           {
             property_id: "aefc4c51-4dcf-4e5d-8caf-dbe6ac3f5e6f",
             room_id: "176e12e6-7c5a-4eee-958e-f2e799e79ab8",
             start_date: new Date("2026-03-07T17:00:00.000Z"),
             end_date: new Date("2026-03-07T17:00:00.000Z"),
             price_change_type: undefined,
             price_change_value: NaN
           },
           {
             property_id: "aefc4c51-4dcf-4e5d-8caf-dbe6ac3f5e6f",
             room_id: "176e12e6-7c5a-4eee-958e-f2e799e79ab8",
             start_date: new Date("2026-03-13T17:00:00.000Z"),
             end_date: new Date("2026-03-13T17:00:00.000Z"),
             price_change_type: undefined,
             price_change_value: NaN
           },
           {
             property_id: "aefc4c51-4dcf-4e5d-8caf-dbe6ac3f5e6f",
             room_id: "176e12e6-7c5a-4eee-958e-f2e799e79ab8",
             start_date: new Date("2026-03-14T17:00:00.000Z"),
             end_date: new Date("2026-03-14T17:00:00.000Z"),
             price_change_type: undefined,
             price_change_value: NaN
           }
         ],
         skipDuplicates: true
       })

Argument `price_change_type` is missing. | MESSAGE: {"name":"PrismaClientValidationError","clientVersion":"6.13.0"}
2025-09-17 14:03:48 [ERROR]: POST /room/create | STATUS: 
Invalid `prisma.peak_season_rates.createMany()` invocation in
/Users/Farizkey/Documents/Purwadhika - JCWDOL 020 /Property-Renting-Web-App/backend/src/services/rooms/rooms.services.ts:92:38

  89 }
  90 
  91 if (peakRatesData.length > 0) {
→ 92   await prisma.peak_season_rates.createMany({
         data: [
           {
             property_id: "aefc4c51-4dcf-4e5d-8caf-dbe6ac3f5e6f",
             room_id: "9009443f-64e7-4cd2-bfd0-28f2c7cc421c",
             start_date: new Date("2025-09-19T17:00:00.000Z"),
             end_date: new Date("2025-09-19T17:00:00.000Z"),
             price_change_type: undefined,
             price_change_value: NaN
           },
           {
             property_id: "aefc4c51-4dcf-4e5d-8caf-dbe6ac3f5e6f",
             room_id: "9009443f-64e7-4cd2-bfd0-28f2c7cc421c",
             start_date: new Date("2025-09-20T17:00:00.000Z"),
             end_date: new Date("2025-09-20T17:00:00.000Z"),
             price_change_type: undefined,
             price_change_value: NaN
           },
           {
             property_id: "aefc4c51-4dcf-4e5d-8caf-dbe6ac3f5e6f",
             room_id: "9009443f-64e7-4cd2-bfd0-28f2c7cc421c",
             start_date: new Date("2025-09-26T17:00:00.000Z"),
             end_date: new Date("2025-09-26T17:00:00.000Z"),
             price_change_type: undefined,
             price_change_value: NaN
           },
           {
             property_id: "aefc4c51-4dcf-4e5d-8caf-dbe6ac3f5e6f",
             room_id: "9009443f-64e7-4cd2-bfd0-28f2c7cc421c",
             start_date: new Date("2025-09-27T17:00:00.000Z"),
             end_date: new Date("2025-09-27T17:00:00.000Z"),
             price_change_type: undefined,
             price_change_value: NaN
           },
           {
             property_id: "aefc4c51-4dcf-4e5d-8caf-dbe6ac3f5e6f",
             room_id: "9009443f-64e7-4cd2-bfd0-28f2c7cc421c",
             start_date: new Date("2025-10-03T17:00:00.000Z"),
             end_date: new Date("2025-10-03T17:00:00.000Z"),
             price_change_type: undefined,
             price_change_value: NaN
           },
           {
             property_id: "aefc4c51-4dcf-4e5d-8caf-dbe6ac3f5e6f",
             room_id: "9009443f-64e7-4cd2-bfd0-28f2c7cc421c",
             start_date: new Date("2025-10-04T17:00:00.000Z"),
             end_date: new Date("2025-10-04T17:00:00.000Z"),
             price_change_type: undefined,
             price_change_value: NaN
           },
           {
             property_id: "aefc4c51-4dcf-4e5d-8caf-dbe6ac3f5e6f",
             room_id: "9009443f-64e7-4cd2-bfd0-28f2c7cc421c",
             start_date: new Date("2025-10-10T17:00:00.000Z"),
             end_date: new Date("2025-10-10T17:00:00.000Z"),
             price_change_type: undefined,
             price_change_value: NaN
           },
           {
             property_id: "aefc4c51-4dcf-4e5d-8caf-dbe6ac3f5e6f",
             room_id: "9009443f-64e7-4cd2-bfd0-28f2c7cc421c",
             start_date: new Date("2025-10-11T17:00:00.000Z"),
             end_date: new Date("2025-10-11T17:00:00.000Z"),
             price_change_type: undefined,
             price_change_value: NaN
           },
           {
             property_id: "aefc4c51-4dcf-4e5d-8caf-dbe6ac3f5e6f",
             room_id: "9009443f-64e7-4cd2-bfd0-28f2c7cc421c",
             start_date: new Date("2025-10-17T17:00:00.000Z"),
             end_date: new Date("2025-10-17T17:00:00.000Z"),
             price_change_type: undefined,
             price_change_value: NaN
           },
           {
             property_id: "aefc4c51-4dcf-4e5d-8caf-dbe6ac3f5e6f",
             room_id: "9009443f-64e7-4cd2-bfd0-28f2c7cc421c",
             start_date: new Date("2025-10-18T17:00:00.000Z"),
             end_date: new Date("2025-10-18T17:00:00.000Z"),
             price_change_type: undefined,
             price_change_value: NaN
           },
           {
             property_id: "aefc4c51-4dcf-4e5d-8caf-dbe6ac3f5e6f",
             room_id: "9009443f-64e7-4cd2-bfd0-28f2c7cc421c",
             start_date: new Date("2025-10-24T17:00:00.000Z"),
             end_date: new Date("2025-10-24T17:00:00.000Z"),
             price_change_type: undefined,
             price_change_value: NaN
           },
           {
             property_id: "aefc4c51-4dcf-4e5d-8caf-dbe6ac3f5e6f",
             room_id: "9009443f-64e7-4cd2-bfd0-28f2c7cc421c",
             start_date: new Date("2025-10-25T17:00:00.000Z"),
             end_date: new Date("2025-10-25T17:00:00.000Z"),
             price_change_type: undefined,
             price_change_value: NaN
           },
           {
             property_id: "aefc4c51-4dcf-4e5d-8caf-dbe6ac3f5e6f",
             room_id: "9009443f-64e7-4cd2-bfd0-28f2c7cc421c",
             start_date: new Date("2025-10-31T17:00:00.000Z"),
             end_date: new Date("2025-10-31T17:00:00.000Z"),
             price_change_type: undefined,
             price_change_value: NaN
           },
           {
             property_id: "aefc4c51-4dcf-4e5d-8caf-dbe6ac3f5e6f",
             room_id: "9009443f-64e7-4cd2-bfd0-28f2c7cc421c",
             start_date: new Date("2025-11-01T17:00:00.000Z"),
             end_date: new Date("2025-11-01T17:00:00.000Z"),
             price_change_type: undefined,
             price_change_value: NaN
           },
           {
             property_id: "aefc4c51-4dcf-4e5d-8caf-dbe6ac3f5e6f",
             room_id: "9009443f-64e7-4cd2-bfd0-28f2c7cc421c",
             start_date: new Date("2025-11-07T17:00:00.000Z"),
             end_date: new Date("2025-11-07T17:00:00.000Z"),
             price_change_type: undefined,
             price_change_value: NaN
           },
           {
             property_id: "aefc4c51-4dcf-4e5d-8caf-dbe6ac3f5e6f",
             room_id: "9009443f-64e7-4cd2-bfd0-28f2c7cc421c",
             start_date: new Date("2025-11-08T17:00:00.000Z"),
             end_date: new Date("2025-11-08T17:00:00.000Z"),
             price_change_type: undefined,
             price_change_value: NaN
           },
           {
             property_id: "aefc4c51-4dcf-4e5d-8caf-dbe6ac3f5e6f",
             room_id: "9009443f-64e7-4cd2-bfd0-28f2c7cc421c",
             start_date: new Date("2025-11-14T17:00:00.000Z"),
             end_date: new Date("2025-11-14T17:00:00.000Z"),
             price_change_type: undefined,
             price_change_value: NaN
           },
           {
             property_id: "aefc4c51-4dcf-4e5d-8caf-dbe6ac3f5e6f",
             room_id: "9009443f-64e7-4cd2-bfd0-28f2c7cc421c",
             start_date: new Date("2025-11-15T17:00:00.000Z"),
             end_date: new Date("2025-11-15T17:00:00.000Z"),
             price_change_type: undefined,
             price_change_value: NaN
           },
           {
             property_id: "aefc4c51-4dcf-4e5d-8caf-dbe6ac3f5e6f",
             room_id: "9009443f-64e7-4cd2-bfd0-28f2c7cc421c",
             start_date: new Date("2025-11-21T17:00:00.000Z"),
             end_date: new Date("2025-11-21T17:00:00.000Z"),
             price_change_type: undefined,
             price_change_value: NaN
           },
           {
             property_id: "aefc4c51-4dcf-4e5d-8caf-dbe6ac3f5e6f",
             room_id: "9009443f-64e7-4cd2-bfd0-28f2c7cc421c",
             start_date: new Date("2025-11-22T17:00:00.000Z"),
             end_date: new Date("2025-11-22T17:00:00.000Z"),
             price_change_type: undefined,
             price_change_value: NaN
           },
           {
             property_id: "aefc4c51-4dcf-4e5d-8caf-dbe6ac3f5e6f",
             room_id: "9009443f-64e7-4cd2-bfd0-28f2c7cc421c",
             start_date: new Date("2025-11-28T17:00:00.000Z"),
             end_date: new Date("2025-11-28T17:00:00.000Z"),
             price_change_type: undefined,
             price_change_value: NaN
           },
           {
             property_id: "aefc4c51-4dcf-4e5d-8caf-dbe6ac3f5e6f",
             room_id: "9009443f-64e7-4cd2-bfd0-28f2c7cc421c",
             start_date: new Date("2025-11-29T17:00:00.000Z"),
             end_date: new Date("2025-11-29T17:00:00.000Z"),
             price_change_type: undefined,
             price_change_value: NaN
           },
           {
             property_id: "aefc4c51-4dcf-4e5d-8caf-dbe6ac3f5e6f",
             room_id: "9009443f-64e7-4cd2-bfd0-28f2c7cc421c",
             start_date: new Date("2025-12-05T17:00:00.000Z"),
             end_date: new Date("2025-12-05T17:00:00.000Z"),
             price_change_type: undefined,
             price_change_value: NaN
           },
           {
             property_id: "aefc4c51-4dcf-4e5d-8caf-dbe6ac3f5e6f",
             room_id: "9009443f-64e7-4cd2-bfd0-28f2c7cc421c",
             start_date: new Date("2025-12-06T17:00:00.000Z"),
             end_date: new Date("2025-12-06T17:00:00.000Z"),
             price_change_type: undefined,
             price_change_value: NaN
           },
           {
             property_id: "aefc4c51-4dcf-4e5d-8caf-dbe6ac3f5e6f",
             room_id: "9009443f-64e7-4cd2-bfd0-28f2c7cc421c",
             start_date: new Date("2025-12-12T17:00:00.000Z"),
             end_date: new Date("2025-12-12T17:00:00.000Z"),
             price_change_type: undefined,
             price_change_value: NaN
           },
           {
             property_id: "aefc4c51-4dcf-4e5d-8caf-dbe6ac3f5e6f",
             room_id: "9009443f-64e7-4cd2-bfd0-28f2c7cc421c",
             start_date: new Date("2025-12-13T17:00:00.000Z"),
             end_date: new Date("2025-12-13T17:00:00.000Z"),
             price_change_type: undefined,
             price_change_value: NaN
           },
           {
             property_id: "aefc4c51-4dcf-4e5d-8caf-dbe6ac3f5e6f",
             room_id: "9009443f-64e7-4cd2-bfd0-28f2c7cc421c",
             start_date: new Date("2025-12-19T17:00:00.000Z"),
             end_date: new Date("2025-12-19T17:00:00.000Z"),
             price_change_type: undefined,
             price_change_value: NaN
           },
           {
             property_id: "aefc4c51-4dcf-4e5d-8caf-dbe6ac3f5e6f",
             room_id: "9009443f-64e7-4cd2-bfd0-28f2c7cc421c",
             start_date: new Date("2025-12-20T17:00:00.000Z"),
             end_date: new Date("2025-12-20T17:00:00.000Z"),
             price_change_type: undefined,
             price_change_value: NaN
           },
           {
             property_id: "aefc4c51-4dcf-4e5d-8caf-dbe6ac3f5e6f",
             room_id: "9009443f-64e7-4cd2-bfd0-28f2c7cc421c",
             start_date: new Date("2025-12-26T17:00:00.000Z"),
             end_date: new Date("2025-12-26T17:00:00.000Z"),
             price_change_type: undefined,
             price_change_value: NaN
           },
           {
             property_id: "aefc4c51-4dcf-4e5d-8caf-dbe6ac3f5e6f",
             room_id: "9009443f-64e7-4cd2-bfd0-28f2c7cc421c",
             start_date: new Date("2025-12-27T17:00:00.000Z"),
             end_date: new Date("2025-12-27T17:00:00.000Z"),
             price_change_type: undefined,
             price_change_value: NaN
           },
           {
             property_id: "aefc4c51-4dcf-4e5d-8caf-dbe6ac3f5e6f",
             room_id: "9009443f-64e7-4cd2-bfd0-28f2c7cc421c",
             start_date: new Date("2026-01-02T17:00:00.000Z"),
             end_date: new Date("2026-01-02T17:00:00.000Z"),
             price_change_type: undefined,
             price_change_value: NaN
           },
           {
             property_id: "aefc4c51-4dcf-4e5d-8caf-dbe6ac3f5e6f",
             room_id: "9009443f-64e7-4cd2-bfd0-28f2c7cc421c",
             start_date: new Date("2026-01-03T17:00:00.000Z"),
             end_date: new Date("2026-01-03T17:00:00.000Z"),
             price_change_type: undefined,
             price_change_value: NaN
           },
           {
             property_id: "aefc4c51-4dcf-4e5d-8caf-dbe6ac3f5e6f",
             room_id: "9009443f-64e7-4cd2-bfd0-28f2c7cc421c",
             start_date: new Date("2026-01-09T17:00:00.000Z"),
             end_date: new Date("2026-01-09T17:00:00.000Z"),
             price_change_type: undefined,
             price_change_value: NaN
           },
           {
             property_id: "aefc4c51-4dcf-4e5d-8caf-dbe6ac3f5e6f",
             room_id: "9009443f-64e7-4cd2-bfd0-28f2c7cc421c",
             start_date: new Date("2026-01-10T17:00:00.000Z"),
             end_date: new Date("2026-01-10T17:00:00.000Z"),
             price_change_type: undefined,
             price_change_value: NaN
           },
           {
             property_id: "aefc4c51-4dcf-4e5d-8caf-dbe6ac3f5e6f",
             room_id: "9009443f-64e7-4cd2-bfd0-28f2c7cc421c",
             start_date: new Date("2026-01-16T17:00:00.000Z"),
             end_date: new Date("2026-01-16T17:00:00.000Z"),
             price_change_type: undefined,
             price_change_value: NaN
           },
           {
             property_id: "aefc4c51-4dcf-4e5d-8caf-dbe6ac3f5e6f",
             room_id: "9009443f-64e7-4cd2-bfd0-28f2c7cc421c",
             start_date: new Date("2026-01-17T17:00:00.000Z"),
             end_date: new Date("2026-01-17T17:00:00.000Z"),
             price_change_type: undefined,
             price_change_value: NaN
           },
           {
             property_id: "aefc4c51-4dcf-4e5d-8caf-dbe6ac3f5e6f",
             room_id: "9009443f-64e7-4cd2-bfd0-28f2c7cc421c",
             start_date: new Date("2026-01-23T17:00:00.000Z"),
             end_date: new Date("2026-01-23T17:00:00.000Z"),
             price_change_type: undefined,
             price_change_value: NaN
           },
           {
             property_id: "aefc4c51-4dcf-4e5d-8caf-dbe6ac3f5e6f",
             room_id: "9009443f-64e7-4cd2-bfd0-28f2c7cc421c",
             start_date: new Date("2026-01-24T17:00:00.000Z"),
             end_date: new Date("2026-01-24T17:00:00.000Z"),
             price_change_type: undefined,
             price_change_value: NaN
           },
           {
             property_id: "aefc4c51-4dcf-4e5d-8caf-dbe6ac3f5e6f",
             room_id: "9009443f-64e7-4cd2-bfd0-28f2c7cc421c",
             start_date: new Date("2026-01-30T17:00:00.000Z"),
             end_date: new Date("2026-01-30T17:00:00.000Z"),
             price_change_type: undefined,
             price_change_value: NaN
           },
           {
             property_id: "aefc4c51-4dcf-4e5d-8caf-dbe6ac3f5e6f",
             room_id: "9009443f-64e7-4cd2-bfd0-28f2c7cc421c",
             start_date: new Date("2026-01-31T17:00:00.000Z"),
             end_date: new Date("2026-01-31T17:00:00.000Z"),
             price_change_type: undefined,
             price_change_value: NaN
           },
           {
             property_id: "aefc4c51-4dcf-4e5d-8caf-dbe6ac3f5e6f",
             room_id: "9009443f-64e7-4cd2-bfd0-28f2c7cc421c",
             start_date: new Date("2026-02-06T17:00:00.000Z"),
             end_date: new Date("2026-02-06T17:00:00.000Z"),
             price_change_type: undefined,
             price_change_value: NaN
           },
           {
             property_id: "aefc4c51-4dcf-4e5d-8caf-dbe6ac3f5e6f",
             room_id: "9009443f-64e7-4cd2-bfd0-28f2c7cc421c",
             start_date: new Date("2026-02-07T17:00:00.000Z"),
             end_date: new Date("2026-02-07T17:00:00.000Z"),
             price_change_type: undefined,
             price_change_value: NaN
           },
           {
             property_id: "aefc4c51-4dcf-4e5d-8caf-dbe6ac3f5e6f",
             room_id: "9009443f-64e7-4cd2-bfd0-28f2c7cc421c",
             start_date: new Date("2026-02-13T17:00:00.000Z"),
             end_date: new Date("2026-02-13T17:00:00.000Z"),
             price_change_type: undefined,
             price_change_value: NaN
           },
           {
             property_id: "aefc4c51-4dcf-4e5d-8caf-dbe6ac3f5e6f",
             room_id: "9009443f-64e7-4cd2-bfd0-28f2c7cc421c",
             start_date: new Date("2026-02-14T17:00:00.000Z"),
             end_date: new Date("2026-02-14T17:00:00.000Z"),
             price_change_type: undefined,
             price_change_value: NaN
           },
           {
             property_id: "aefc4c51-4dcf-4e5d-8caf-dbe6ac3f5e6f",
             room_id: "9009443f-64e7-4cd2-bfd0-28f2c7cc421c",
             start_date: new Date("2026-02-20T17:00:00.000Z"),
             end_date: new Date("2026-02-20T17:00:00.000Z"),
             price_change_type: undefined,
             price_change_value: NaN
           },
           {
             property_id: "aefc4c51-4dcf-4e5d-8caf-dbe6ac3f5e6f",
             room_id: "9009443f-64e7-4cd2-bfd0-28f2c7cc421c",
             start_date: new Date("2026-02-21T17:00:00.000Z"),
             end_date: new Date("2026-02-21T17:00:00.000Z"),
             price_change_type: undefined,
             price_change_value: NaN
           },
           {
             property_id: "aefc4c51-4dcf-4e5d-8caf-dbe6ac3f5e6f",
             room_id: "9009443f-64e7-4cd2-bfd0-28f2c7cc421c",
             start_date: new Date("2026-02-27T17:00:00.000Z"),
             end_date: new Date("2026-02-27T17:00:00.000Z"),
             price_change_type: undefined,
             price_change_value: NaN
           },
           {
             property_id: "aefc4c51-4dcf-4e5d-8caf-dbe6ac3f5e6f",
             room_id: "9009443f-64e7-4cd2-bfd0-28f2c7cc421c",
             start_date: new Date("2026-02-28T17:00:00.000Z"),
             end_date: new Date("2026-02-28T17:00:00.000Z"),
             price_change_type: undefined,
             price_change_value: NaN
           },
           {
             property_id: "aefc4c51-4dcf-4e5d-8caf-dbe6ac3f5e6f",
             room_id: "9009443f-64e7-4cd2-bfd0-28f2c7cc421c",
             start_date: new Date("2026-03-06T17:00:00.000Z"),
             end_date: new Date("2026-03-06T17:00:00.000Z"),
             price_change_type: undefined,
             price_change_value: NaN
           },
           {
             property_id: "aefc4c51-4dcf-4e5d-8caf-dbe6ac3f5e6f",
             room_id: "9009443f-64e7-4cd2-bfd0-28f2c7cc421c",
             start_date: new Date("2026-03-07T17:00:00.000Z"),
             end_date: new Date("2026-03-07T17:00:00.000Z"),
             price_change_type: undefined,
             price_change_value: NaN
           },
           {
             property_id: "aefc4c51-4dcf-4e5d-8caf-dbe6ac3f5e6f",
             room_id: "9009443f-64e7-4cd2-bfd0-28f2c7cc421c",
             start_date: new Date("2026-03-13T17:00:00.000Z"),
             end_date: new Date("2026-03-13T17:00:00.000Z"),
             price_change_type: undefined,
             price_change_value: NaN
           },
           {
             property_id: "aefc4c51-4dcf-4e5d-8caf-dbe6ac3f5e6f",
             room_id: "9009443f-64e7-4cd2-bfd0-28f2c7cc421c",
             start_date: new Date("2026-03-14T17:00:00.000Z"),
             end_date: new Date("2026-03-14T17:00:00.000Z"),
             price_change_type: undefined,
             price_change_value: NaN
           }
         ],
         skipDuplicates: true
       })

Argument `price_change_type` is missing. | MESSAGE: {"name":"PrismaClientValidationError","clientVersion":"6.13.0"}
2025-09-17 14:17:34 [ERROR]: POST /room/create | STATUS: 
Invalid `prisma.peak_season_rates.createMany()` invocation in
/Users/Farizkey/Documents/Purwadhika - JCWDOL 020 /Property-Renting-Web-App/backend/src/services/rooms/rooms.services.ts:92:38

  89 }
  90 
  91 if (peakRatesData.length > 0) {
→ 92   await prisma.peak_season_rates.createMany({
         data: [
           {
             property_id: "aefc4c51-4dcf-4e5d-8caf-dbe6ac3f5e6f",
             room_id: "716b01e4-41fb-421d-adeb-234fab58da7f",
             start_date: new Date("2025-09-19T17:00:00.000Z"),
             end_date: new Date("2025-09-19T17:00:00.000Z"),
             price_change_type: undefined,
             price_change_value: NaN
           },
           {
             property_id: "aefc4c51-4dcf-4e5d-8caf-dbe6ac3f5e6f",
             room_id: "716b01e4-41fb-421d-adeb-234fab58da7f",
             start_date: new Date("2025-09-20T17:00:00.000Z"),
             end_date: new Date("2025-09-20T17:00:00.000Z"),
             price_change_type: undefined,
             price_change_value: NaN
           },
           {
             property_id: "aefc4c51-4dcf-4e5d-8caf-dbe6ac3f5e6f",
             room_id: "716b01e4-41fb-421d-adeb-234fab58da7f",
             start_date: new Date("2025-09-26T17:00:00.000Z"),
             end_date: new Date("2025-09-26T17:00:00.000Z"),
             price_change_type: undefined,
             price_change_value: NaN
           },
           {
             property_id: "aefc4c51-4dcf-4e5d-8caf-dbe6ac3f5e6f",
             room_id: "716b01e4-41fb-421d-adeb-234fab58da7f",
             start_date: new Date("2025-09-27T17:00:00.000Z"),
             end_date: new Date("2025-09-27T17:00:00.000Z"),
             price_change_type: undefined,
             price_change_value: NaN
           },
           {
             property_id: "aefc4c51-4dcf-4e5d-8caf-dbe6ac3f5e6f",
             room_id: "716b01e4-41fb-421d-adeb-234fab58da7f",
             start_date: new Date("2025-10-03T17:00:00.000Z"),
             end_date: new Date("2025-10-03T17:00:00.000Z"),
             price_change_type: undefined,
             price_change_value: NaN
           },
           {
             property_id: "aefc4c51-4dcf-4e5d-8caf-dbe6ac3f5e6f",
             room_id: "716b01e4-41fb-421d-adeb-234fab58da7f",
             start_date: new Date("2025-10-04T17:00:00.000Z"),
             end_date: new Date("2025-10-04T17:00:00.000Z"),
             price_change_type: undefined,
             price_change_value: NaN
           },
           {
             property_id: "aefc4c51-4dcf-4e5d-8caf-dbe6ac3f5e6f",
             room_id: "716b01e4-41fb-421d-adeb-234fab58da7f",
             start_date: new Date("2025-10-10T17:00:00.000Z"),
             end_date: new Date("2025-10-10T17:00:00.000Z"),
             price_change_type: undefined,
             price_change_value: NaN
           },
           {
             property_id: "aefc4c51-4dcf-4e5d-8caf-dbe6ac3f5e6f",
             room_id: "716b01e4-41fb-421d-adeb-234fab58da7f",
             start_date: new Date("2025-10-11T17:00:00.000Z"),
             end_date: new Date("2025-10-11T17:00:00.000Z"),
             price_change_type: undefined,
             price_change_value: NaN
           },
           {
             property_id: "aefc4c51-4dcf-4e5d-8caf-dbe6ac3f5e6f",
             room_id: "716b01e4-41fb-421d-adeb-234fab58da7f",
             start_date: new Date("2025-10-17T17:00:00.000Z"),
             end_date: new Date("2025-10-17T17:00:00.000Z"),
             price_change_type: undefined,
             price_change_value: NaN
           },
           {
             property_id: "aefc4c51-4dcf-4e5d-8caf-dbe6ac3f5e6f",
             room_id: "716b01e4-41fb-421d-adeb-234fab58da7f",
             start_date: new Date("2025-10-18T17:00:00.000Z"),
             end_date: new Date("2025-10-18T17:00:00.000Z"),
             price_change_type: undefined,
             price_change_value: NaN
           },
           {
             property_id: "aefc4c51-4dcf-4e5d-8caf-dbe6ac3f5e6f",
             room_id: "716b01e4-41fb-421d-adeb-234fab58da7f",
             start_date: new Date("2025-10-24T17:00:00.000Z"),
             end_date: new Date("2025-10-24T17:00:00.000Z"),
             price_change_type: undefined,
             price_change_value: NaN
           },
           {
             property_id: "aefc4c51-4dcf-4e5d-8caf-dbe6ac3f5e6f",
             room_id: "716b01e4-41fb-421d-adeb-234fab58da7f",
             start_date: new Date("2025-10-25T17:00:00.000Z"),
             end_date: new Date("2025-10-25T17:00:00.000Z"),
             price_change_type: undefined,
             price_change_value: NaN
           },
           {
             property_id: "aefc4c51-4dcf-4e5d-8caf-dbe6ac3f5e6f",
             room_id: "716b01e4-41fb-421d-adeb-234fab58da7f",
             start_date: new Date("2025-10-31T17:00:00.000Z"),
             end_date: new Date("2025-10-31T17:00:00.000Z"),
             price_change_type: undefined,
             price_change_value: NaN
           },
           {
             property_id: "aefc4c51-4dcf-4e5d-8caf-dbe6ac3f5e6f",
             room_id: "716b01e4-41fb-421d-adeb-234fab58da7f",
             start_date: new Date("2025-11-01T17:00:00.000Z"),
             end_date: new Date("2025-11-01T17:00:00.000Z"),
             price_change_type: undefined,
             price_change_value: NaN
           },
           {
             property_id: "aefc4c51-4dcf-4e5d-8caf-dbe6ac3f5e6f",
             room_id: "716b01e4-41fb-421d-adeb-234fab58da7f",
             start_date: new Date("2025-11-07T17:00:00.000Z"),
             end_date: new Date("2025-11-07T17:00:00.000Z"),
             price_change_type: undefined,
             price_change_value: NaN
           },
           {
             property_id: "aefc4c51-4dcf-4e5d-8caf-dbe6ac3f5e6f",
             room_id: "716b01e4-41fb-421d-adeb-234fab58da7f",
             start_date: new Date("2025-11-08T17:00:00.000Z"),
             end_date: new Date("2025-11-08T17:00:00.000Z"),
             price_change_type: undefined,
             price_change_value: NaN
           },
           {
             property_id: "aefc4c51-4dcf-4e5d-8caf-dbe6ac3f5e6f",
             room_id: "716b01e4-41fb-421d-adeb-234fab58da7f",
             start_date: new Date("2025-11-14T17:00:00.000Z"),
             end_date: new Date("2025-11-14T17:00:00.000Z"),
             price_change_type: undefined,
             price_change_value: NaN
           },
           {
             property_id: "aefc4c51-4dcf-4e5d-8caf-dbe6ac3f5e6f",
             room_id: "716b01e4-41fb-421d-adeb-234fab58da7f",
             start_date: new Date("2025-11-15T17:00:00.000Z"),
             end_date: new Date("2025-11-15T17:00:00.000Z"),
             price_change_type: undefined,
             price_change_value: NaN
           },
           {
             property_id: "aefc4c51-4dcf-4e5d-8caf-dbe6ac3f5e6f",
             room_id: "716b01e4-41fb-421d-adeb-234fab58da7f",
             start_date: new Date("2025-11-21T17:00:00.000Z"),
             end_date: new Date("2025-11-21T17:00:00.000Z"),
             price_change_type: undefined,
             price_change_value: NaN
           },
           {
             property_id: "aefc4c51-4dcf-4e5d-8caf-dbe6ac3f5e6f",
             room_id: "716b01e4-41fb-421d-adeb-234fab58da7f",
             start_date: new Date("2025-11-22T17:00:00.000Z"),
             end_date: new Date("2025-11-22T17:00:00.000Z"),
             price_change_type: undefined,
             price_change_value: NaN
           },
           {
             property_id: "aefc4c51-4dcf-4e5d-8caf-dbe6ac3f5e6f",
             room_id: "716b01e4-41fb-421d-adeb-234fab58da7f",
             start_date: new Date("2025-11-28T17:00:00.000Z"),
             end_date: new Date("2025-11-28T17:00:00.000Z"),
             price_change_type: undefined,
             price_change_value: NaN
           },
           {
             property_id: "aefc4c51-4dcf-4e5d-8caf-dbe6ac3f5e6f",
             room_id: "716b01e4-41fb-421d-adeb-234fab58da7f",
             start_date: new Date("2025-11-29T17:00:00.000Z"),
             end_date: new Date("2025-11-29T17:00:00.000Z"),
             price_change_type: undefined,
             price_change_value: NaN
           },
           {
             property_id: "aefc4c51-4dcf-4e5d-8caf-dbe6ac3f5e6f",
             room_id: "716b01e4-41fb-421d-adeb-234fab58da7f",
             start_date: new Date("2025-12-05T17:00:00.000Z"),
             end_date: new Date("2025-12-05T17:00:00.000Z"),
             price_change_type: undefined,
             price_change_value: NaN
           },
           {
             property_id: "aefc4c51-4dcf-4e5d-8caf-dbe6ac3f5e6f",
             room_id: "716b01e4-41fb-421d-adeb-234fab58da7f",
             start_date: new Date("2025-12-06T17:00:00.000Z"),
             end_date: new Date("2025-12-06T17:00:00.000Z"),
             price_change_type: undefined,
             price_change_value: NaN
           },
           {
             property_id: "aefc4c51-4dcf-4e5d-8caf-dbe6ac3f5e6f",
             room_id: "716b01e4-41fb-421d-adeb-234fab58da7f",
             start_date: new Date("2025-12-12T17:00:00.000Z"),
             end_date: new Date("2025-12-12T17:00:00.000Z"),
             price_change_type: undefined,
             price_change_value: NaN
           },
           {
             property_id: "aefc4c51-4dcf-4e5d-8caf-dbe6ac3f5e6f",
             room_id: "716b01e4-41fb-421d-adeb-234fab58da7f",
             start_date: new Date("2025-12-13T17:00:00.000Z"),
             end_date: new Date("2025-12-13T17:00:00.000Z"),
             price_change_type: undefined,
             price_change_value: NaN
           },
           {
             property_id: "aefc4c51-4dcf-4e5d-8caf-dbe6ac3f5e6f",
             room_id: "716b01e4-41fb-421d-adeb-234fab58da7f",
             start_date: new Date("2025-12-19T17:00:00.000Z"),
             end_date: new Date("2025-12-19T17:00:00.000Z"),
             price_change_type: undefined,
             price_change_value: NaN
           },
           {
             property_id: "aefc4c51-4dcf-4e5d-8caf-dbe6ac3f5e6f",
             room_id: "716b01e4-41fb-421d-adeb-234fab58da7f",
             start_date: new Date("2025-12-20T17:00:00.000Z"),
             end_date: new Date("2025-12-20T17:00:00.000Z"),
             price_change_type: undefined,
             price_change_value: NaN
           },
           {
             property_id: "aefc4c51-4dcf-4e5d-8caf-dbe6ac3f5e6f",
             room_id: "716b01e4-41fb-421d-adeb-234fab58da7f",
             start_date: new Date("2025-12-26T17:00:00.000Z"),
             end_date: new Date("2025-12-26T17:00:00.000Z"),
             price_change_type: undefined,
             price_change_value: NaN
           },
           {
             property_id: "aefc4c51-4dcf-4e5d-8caf-dbe6ac3f5e6f",
             room_id: "716b01e4-41fb-421d-adeb-234fab58da7f",
             start_date: new Date("2025-12-27T17:00:00.000Z"),
             end_date: new Date("2025-12-27T17:00:00.000Z"),
             price_change_type: undefined,
             price_change_value: NaN
           },
           {
             property_id: "aefc4c51-4dcf-4e5d-8caf-dbe6ac3f5e6f",
             room_id: "716b01e4-41fb-421d-adeb-234fab58da7f",
             start_date: new Date("2026-01-02T17:00:00.000Z"),
             end_date: new Date("2026-01-02T17:00:00.000Z"),
             price_change_type: undefined,
             price_change_value: NaN
           },
           {
             property_id: "aefc4c51-4dcf-4e5d-8caf-dbe6ac3f5e6f",
             room_id: "716b01e4-41fb-421d-adeb-234fab58da7f",
             start_date: new Date("2026-01-03T17:00:00.000Z"),
             end_date: new Date("2026-01-03T17:00:00.000Z"),
             price_change_type: undefined,
             price_change_value: NaN
           },
           {
             property_id: "aefc4c51-4dcf-4e5d-8caf-dbe6ac3f5e6f",
             room_id: "716b01e4-41fb-421d-adeb-234fab58da7f",
             start_date: new Date("2026-01-09T17:00:00.000Z"),
             end_date: new Date("2026-01-09T17:00:00.000Z"),
             price_change_type: undefined,
             price_change_value: NaN
           },
           {
             property_id: "aefc4c51-4dcf-4e5d-8caf-dbe6ac3f5e6f",
             room_id: "716b01e4-41fb-421d-adeb-234fab58da7f",
             start_date: new Date("2026-01-10T17:00:00.000Z"),
             end_date: new Date("2026-01-10T17:00:00.000Z"),
             price_change_type: undefined,
             price_change_value: NaN
           },
           {
             property_id: "aefc4c51-4dcf-4e5d-8caf-dbe6ac3f5e6f",
             room_id: "716b01e4-41fb-421d-adeb-234fab58da7f",
             start_date: new Date("2026-01-16T17:00:00.000Z"),
             end_date: new Date("2026-01-16T17:00:00.000Z"),
             price_change_type: undefined,
             price_change_value: NaN
           },
           {
             property_id: "aefc4c51-4dcf-4e5d-8caf-dbe6ac3f5e6f",
             room_id: "716b01e4-41fb-421d-adeb-234fab58da7f",
             start_date: new Date("2026-01-17T17:00:00.000Z"),
             end_date: new Date("2026-01-17T17:00:00.000Z"),
             price_change_type: undefined,
             price_change_value: NaN
           },
           {
             property_id: "aefc4c51-4dcf-4e5d-8caf-dbe6ac3f5e6f",
             room_id: "716b01e4-41fb-421d-adeb-234fab58da7f",
             start_date: new Date("2026-01-23T17:00:00.000Z"),
             end_date: new Date("2026-01-23T17:00:00.000Z"),
             price_change_type: undefined,
             price_change_value: NaN
           },
           {
             property_id: "aefc4c51-4dcf-4e5d-8caf-dbe6ac3f5e6f",
             room_id: "716b01e4-41fb-421d-adeb-234fab58da7f",
             start_date: new Date("2026-01-24T17:00:00.000Z"),
             end_date: new Date("2026-01-24T17:00:00.000Z"),
             price_change_type: undefined,
             price_change_value: NaN
           },
           {
             property_id: "aefc4c51-4dcf-4e5d-8caf-dbe6ac3f5e6f",
             room_id: "716b01e4-41fb-421d-adeb-234fab58da7f",
             start_date: new Date("2026-01-30T17:00:00.000Z"),
             end_date: new Date("2026-01-30T17:00:00.000Z"),
             price_change_type: undefined,
             price_change_value: NaN
           },
           {
             property_id: "aefc4c51-4dcf-4e5d-8caf-dbe6ac3f5e6f",
             room_id: "716b01e4-41fb-421d-adeb-234fab58da7f",
             start_date: new Date("2026-01-31T17:00:00.000Z"),
             end_date: new Date("2026-01-31T17:00:00.000Z"),
             price_change_type: undefined,
             price_change_value: NaN
           },
           {
             property_id: "aefc4c51-4dcf-4e5d-8caf-dbe6ac3f5e6f",
             room_id: "716b01e4-41fb-421d-adeb-234fab58da7f",
             start_date: new Date("2026-02-06T17:00:00.000Z"),
             end_date: new Date("2026-02-06T17:00:00.000Z"),
             price_change_type: undefined,
             price_change_value: NaN
           },
           {
             property_id: "aefc4c51-4dcf-4e5d-8caf-dbe6ac3f5e6f",
             room_id: "716b01e4-41fb-421d-adeb-234fab58da7f",
             start_date: new Date("2026-02-07T17:00:00.000Z"),
             end_date: new Date("2026-02-07T17:00:00.000Z"),
             price_change_type: undefined,
             price_change_value: NaN
           },
           {
             property_id: "aefc4c51-4dcf-4e5d-8caf-dbe6ac3f5e6f",
             room_id: "716b01e4-41fb-421d-adeb-234fab58da7f",
             start_date: new Date("2026-02-13T17:00:00.000Z"),
             end_date: new Date("2026-02-13T17:00:00.000Z"),
             price_change_type: undefined,
             price_change_value: NaN
           },
           {
             property_id: "aefc4c51-4dcf-4e5d-8caf-dbe6ac3f5e6f",
             room_id: "716b01e4-41fb-421d-adeb-234fab58da7f",
             start_date: new Date("2026-02-14T17:00:00.000Z"),
             end_date: new Date("2026-02-14T17:00:00.000Z"),
             price_change_type: undefined,
             price_change_value: NaN
           },
           {
             property_id: "aefc4c51-4dcf-4e5d-8caf-dbe6ac3f5e6f",
             room_id: "716b01e4-41fb-421d-adeb-234fab58da7f",
             start_date: new Date("2026-02-20T17:00:00.000Z"),
             end_date: new Date("2026-02-20T17:00:00.000Z"),
             price_change_type: undefined,
             price_change_value: NaN
           },
           {
             property_id: "aefc4c51-4dcf-4e5d-8caf-dbe6ac3f5e6f",
             room_id: "716b01e4-41fb-421d-adeb-234fab58da7f",
             start_date: new Date("2026-02-21T17:00:00.000Z"),
             end_date: new Date("2026-02-21T17:00:00.000Z"),
             price_change_type: undefined,
             price_change_value: NaN
           },
           {
             property_id: "aefc4c51-4dcf-4e5d-8caf-dbe6ac3f5e6f",
             room_id: "716b01e4-41fb-421d-adeb-234fab58da7f",
             start_date: new Date("2026-02-27T17:00:00.000Z"),
             end_date: new Date("2026-02-27T17:00:00.000Z"),
             price_change_type: undefined,
             price_change_value: NaN
           },
           {
             property_id: "aefc4c51-4dcf-4e5d-8caf-dbe6ac3f5e6f",
             room_id: "716b01e4-41fb-421d-adeb-234fab58da7f",
             start_date: new Date("2026-02-28T17:00:00.000Z"),
             end_date: new Date("2026-02-28T17:00:00.000Z"),
             price_change_type: undefined,
             price_change_value: NaN
           },
           {
             property_id: "aefc4c51-4dcf-4e5d-8caf-dbe6ac3f5e6f",
             room_id: "716b01e4-41fb-421d-adeb-234fab58da7f",
             start_date: new Date("2026-03-06T17:00:00.000Z"),
             end_date: new Date("2026-03-06T17:00:00.000Z"),
             price_change_type: undefined,
             price_change_value: NaN
           },
           {
             property_id: "aefc4c51-4dcf-4e5d-8caf-dbe6ac3f5e6f",
             room_id: "716b01e4-41fb-421d-adeb-234fab58da7f",
             start_date: new Date("2026-03-07T17:00:00.000Z"),
             end_date: new Date("2026-03-07T17:00:00.000Z"),
             price_change_type: undefined,
             price_change_value: NaN
           },
           {
             property_id: "aefc4c51-4dcf-4e5d-8caf-dbe6ac3f5e6f",
             room_id: "716b01e4-41fb-421d-adeb-234fab58da7f",
             start_date: new Date("2026-03-13T17:00:00.000Z"),
             end_date: new Date("2026-03-13T17:00:00.000Z"),
             price_change_type: undefined,
             price_change_value: NaN
           },
           {
             property_id: "aefc4c51-4dcf-4e5d-8caf-dbe6ac3f5e6f",
             room_id: "716b01e4-41fb-421d-adeb-234fab58da7f",
             start_date: new Date("2026-03-14T17:00:00.000Z"),
             end_date: new Date("2026-03-14T17:00:00.000Z"),
             price_change_type: undefined,
             price_change_value: NaN
           }
         ],
         skipDuplicates: true
       })

Argument `price_change_type` is missing. | MESSAGE: {"name":"PrismaClientValidationError","clientVersion":"6.13.0"}
2025-09-17 14:25:17 [ERROR]: POST /room/create | STATUS: 
Invalid `prisma.peak_season_rates.createMany()` invocation in
/Users/Farizkey/Documents/Purwadhika - JCWDOL 020 /Property-Renting-Web-App/backend/src/services/rooms/rooms.services.ts:92:38

  89 }
  90 
  91 if (peakRatesData.length > 0) {
→ 92   await prisma.peak_season_rates.createMany({
         data: [
           {
             property_id: "aefc4c51-4dcf-4e5d-8caf-dbe6ac3f5e6f",
             room_id: "b5f54dcd-a9bc-43b3-ba33-1e8bcf47cbd7",
             start_date: new Date("2025-09-19T17:00:00.000Z"),
             end_date: new Date("2025-09-19T17:00:00.000Z"),
             price_change_type: undefined,
             price_change_value: NaN
           },
           {
             property_id: "aefc4c51-4dcf-4e5d-8caf-dbe6ac3f5e6f",
             room_id: "b5f54dcd-a9bc-43b3-ba33-1e8bcf47cbd7",
             start_date: new Date("2025-09-20T17:00:00.000Z"),
             end_date: new Date("2025-09-20T17:00:00.000Z"),
             price_change_type: undefined,
             price_change_value: NaN
           },
           {
             property_id: "aefc4c51-4dcf-4e5d-8caf-dbe6ac3f5e6f",
             room_id: "b5f54dcd-a9bc-43b3-ba33-1e8bcf47cbd7",
             start_date: new Date("2025-09-26T17:00:00.000Z"),
             end_date: new Date("2025-09-26T17:00:00.000Z"),
             price_change_type: undefined,
             price_change_value: NaN
           },
           {
             property_id: "aefc4c51-4dcf-4e5d-8caf-dbe6ac3f5e6f",
             room_id: "b5f54dcd-a9bc-43b3-ba33-1e8bcf47cbd7",
             start_date: new Date("2025-09-27T17:00:00.000Z"),
             end_date: new Date("2025-09-27T17:00:00.000Z"),
             price_change_type: undefined,
             price_change_value: NaN
           },
           {
             property_id: "aefc4c51-4dcf-4e5d-8caf-dbe6ac3f5e6f",
             room_id: "b5f54dcd-a9bc-43b3-ba33-1e8bcf47cbd7",
             start_date: new Date("2025-10-03T17:00:00.000Z"),
             end_date: new Date("2025-10-03T17:00:00.000Z"),
             price_change_type: undefined,
             price_change_value: NaN
           },
           {
             property_id: "aefc4c51-4dcf-4e5d-8caf-dbe6ac3f5e6f",
             room_id: "b5f54dcd-a9bc-43b3-ba33-1e8bcf47cbd7",
             start_date: new Date("2025-10-04T17:00:00.000Z"),
             end_date: new Date("2025-10-04T17:00:00.000Z"),
             price_change_type: undefined,
             price_change_value: NaN
           },
           {
             property_id: "aefc4c51-4dcf-4e5d-8caf-dbe6ac3f5e6f",
             room_id: "b5f54dcd-a9bc-43b3-ba33-1e8bcf47cbd7",
             start_date: new Date("2025-10-10T17:00:00.000Z"),
             end_date: new Date("2025-10-10T17:00:00.000Z"),
             price_change_type: undefined,
             price_change_value: NaN
           },
           {
             property_id: "aefc4c51-4dcf-4e5d-8caf-dbe6ac3f5e6f",
             room_id: "b5f54dcd-a9bc-43b3-ba33-1e8bcf47cbd7",
             start_date: new Date("2025-10-11T17:00:00.000Z"),
             end_date: new Date("2025-10-11T17:00:00.000Z"),
             price_change_type: undefined,
             price_change_value: NaN
           },
           {
             property_id: "aefc4c51-4dcf-4e5d-8caf-dbe6ac3f5e6f",
             room_id: "b5f54dcd-a9bc-43b3-ba33-1e8bcf47cbd7",
             start_date: new Date("2025-10-17T17:00:00.000Z"),
             end_date: new Date("2025-10-17T17:00:00.000Z"),
             price_change_type: undefined,
             price_change_value: NaN
           },
           {
             property_id: "aefc4c51-4dcf-4e5d-8caf-dbe6ac3f5e6f",
             room_id: "b5f54dcd-a9bc-43b3-ba33-1e8bcf47cbd7",
             start_date: new Date("2025-10-18T17:00:00.000Z"),
             end_date: new Date("2025-10-18T17:00:00.000Z"),
             price_change_type: undefined,
             price_change_value: NaN
           },
           {
             property_id: "aefc4c51-4dcf-4e5d-8caf-dbe6ac3f5e6f",
             room_id: "b5f54dcd-a9bc-43b3-ba33-1e8bcf47cbd7",
             start_date: new Date("2025-10-24T17:00:00.000Z"),
             end_date: new Date("2025-10-24T17:00:00.000Z"),
             price_change_type: undefined,
             price_change_value: NaN
           },
           {
             property_id: "aefc4c51-4dcf-4e5d-8caf-dbe6ac3f5e6f",
             room_id: "b5f54dcd-a9bc-43b3-ba33-1e8bcf47cbd7",
             start_date: new Date("2025-10-25T17:00:00.000Z"),
             end_date: new Date("2025-10-25T17:00:00.000Z"),
             price_change_type: undefined,
             price_change_value: NaN
           },
           {
             property_id: "aefc4c51-4dcf-4e5d-8caf-dbe6ac3f5e6f",
             room_id: "b5f54dcd-a9bc-43b3-ba33-1e8bcf47cbd7",
             start_date: new Date("2025-10-31T17:00:00.000Z"),
             end_date: new Date("2025-10-31T17:00:00.000Z"),
             price_change_type: undefined,
             price_change_value: NaN
           },
           {
             property_id: "aefc4c51-4dcf-4e5d-8caf-dbe6ac3f5e6f",
             room_id: "b5f54dcd-a9bc-43b3-ba33-1e8bcf47cbd7",
             start_date: new Date("2025-11-01T17:00:00.000Z"),
             end_date: new Date("2025-11-01T17:00:00.000Z"),
             price_change_type: undefined,
             price_change_value: NaN
           },
           {
             property_id: "aefc4c51-4dcf-4e5d-8caf-dbe6ac3f5e6f",
             room_id: "b5f54dcd-a9bc-43b3-ba33-1e8bcf47cbd7",
             start_date: new Date("2025-11-07T17:00:00.000Z"),
             end_date: new Date("2025-11-07T17:00:00.000Z"),
             price_change_type: undefined,
             price_change_value: NaN
           },
           {
             property_id: "aefc4c51-4dcf-4e5d-8caf-dbe6ac3f5e6f",
             room_id: "b5f54dcd-a9bc-43b3-ba33-1e8bcf47cbd7",
             start_date: new Date("2025-11-08T17:00:00.000Z"),
             end_date: new Date("2025-11-08T17:00:00.000Z"),
             price_change_type: undefined,
             price_change_value: NaN
           },
           {
             property_id: "aefc4c51-4dcf-4e5d-8caf-dbe6ac3f5e6f",
             room_id: "b5f54dcd-a9bc-43b3-ba33-1e8bcf47cbd7",
             start_date: new Date("2025-11-14T17:00:00.000Z"),
             end_date: new Date("2025-11-14T17:00:00.000Z"),
             price_change_type: undefined,
             price_change_value: NaN
           },
           {
             property_id: "aefc4c51-4dcf-4e5d-8caf-dbe6ac3f5e6f",
             room_id: "b5f54dcd-a9bc-43b3-ba33-1e8bcf47cbd7",
             start_date: new Date("2025-11-15T17:00:00.000Z"),
             end_date: new Date("2025-11-15T17:00:00.000Z"),
             price_change_type: undefined,
             price_change_value: NaN
           },
           {
             property_id: "aefc4c51-4dcf-4e5d-8caf-dbe6ac3f5e6f",
             room_id: "b5f54dcd-a9bc-43b3-ba33-1e8bcf47cbd7",
             start_date: new Date("2025-11-21T17:00:00.000Z"),
             end_date: new Date("2025-11-21T17:00:00.000Z"),
             price_change_type: undefined,
             price_change_value: NaN
           },
           {
             property_id: "aefc4c51-4dcf-4e5d-8caf-dbe6ac3f5e6f",
             room_id: "b5f54dcd-a9bc-43b3-ba33-1e8bcf47cbd7",
             start_date: new Date("2025-11-22T17:00:00.000Z"),
             end_date: new Date("2025-11-22T17:00:00.000Z"),
             price_change_type: undefined,
             price_change_value: NaN
           },
           {
             property_id: "aefc4c51-4dcf-4e5d-8caf-dbe6ac3f5e6f",
             room_id: "b5f54dcd-a9bc-43b3-ba33-1e8bcf47cbd7",
             start_date: new Date("2025-11-28T17:00:00.000Z"),
             end_date: new Date("2025-11-28T17:00:00.000Z"),
             price_change_type: undefined,
             price_change_value: NaN
           },
           {
             property_id: "aefc4c51-4dcf-4e5d-8caf-dbe6ac3f5e6f",
             room_id: "b5f54dcd-a9bc-43b3-ba33-1e8bcf47cbd7",
             start_date: new Date("2025-11-29T17:00:00.000Z"),
             end_date: new Date("2025-11-29T17:00:00.000Z"),
             price_change_type: undefined,
             price_change_value: NaN
           },
           {
             property_id: "aefc4c51-4dcf-4e5d-8caf-dbe6ac3f5e6f",
             room_id: "b5f54dcd-a9bc-43b3-ba33-1e8bcf47cbd7",
             start_date: new Date("2025-12-05T17:00:00.000Z"),
             end_date: new Date("2025-12-05T17:00:00.000Z"),
             price_change_type: undefined,
             price_change_value: NaN
           },
           {
             property_id: "aefc4c51-4dcf-4e5d-8caf-dbe6ac3f5e6f",
             room_id: "b5f54dcd-a9bc-43b3-ba33-1e8bcf47cbd7",
             start_date: new Date("2025-12-06T17:00:00.000Z"),
             end_date: new Date("2025-12-06T17:00:00.000Z"),
             price_change_type: undefined,
             price_change_value: NaN
           },
           {
             property_id: "aefc4c51-4dcf-4e5d-8caf-dbe6ac3f5e6f",
             room_id: "b5f54dcd-a9bc-43b3-ba33-1e8bcf47cbd7",
             start_date: new Date("2025-12-12T17:00:00.000Z"),
             end_date: new Date("2025-12-12T17:00:00.000Z"),
             price_change_type: undefined,
             price_change_value: NaN
           },
           {
             property_id: "aefc4c51-4dcf-4e5d-8caf-dbe6ac3f5e6f",
             room_id: "b5f54dcd-a9bc-43b3-ba33-1e8bcf47cbd7",
             start_date: new Date("2025-12-13T17:00:00.000Z"),
             end_date: new Date("2025-12-13T17:00:00.000Z"),
             price_change_type: undefined,
             price_change_value: NaN
           },
           {
             property_id: "aefc4c51-4dcf-4e5d-8caf-dbe6ac3f5e6f",
             room_id: "b5f54dcd-a9bc-43b3-ba33-1e8bcf47cbd7",
             start_date: new Date("2025-12-19T17:00:00.000Z"),
             end_date: new Date("2025-12-19T17:00:00.000Z"),
             price_change_type: undefined,
             price_change_value: NaN
           },
           {
             property_id: "aefc4c51-4dcf-4e5d-8caf-dbe6ac3f5e6f",
             room_id: "b5f54dcd-a9bc-43b3-ba33-1e8bcf47cbd7",
             start_date: new Date("2025-12-20T17:00:00.000Z"),
             end_date: new Date("2025-12-20T17:00:00.000Z"),
             price_change_type: undefined,
             price_change_value: NaN
           },
           {
             property_id: "aefc4c51-4dcf-4e5d-8caf-dbe6ac3f5e6f",
             room_id: "b5f54dcd-a9bc-43b3-ba33-1e8bcf47cbd7",
             start_date: new Date("2025-12-26T17:00:00.000Z"),
             end_date: new Date("2025-12-26T17:00:00.000Z"),
             price_change_type: undefined,
             price_change_value: NaN
           },
           {
             property_id: "aefc4c51-4dcf-4e5d-8caf-dbe6ac3f5e6f",
             room_id: "b5f54dcd-a9bc-43b3-ba33-1e8bcf47cbd7",
             start_date: new Date("2025-12-27T17:00:00.000Z"),
             end_date: new Date("2025-12-27T17:00:00.000Z"),
             price_change_type: undefined,
             price_change_value: NaN
           },
           {
             property_id: "aefc4c51-4dcf-4e5d-8caf-dbe6ac3f5e6f",
             room_id: "b5f54dcd-a9bc-43b3-ba33-1e8bcf47cbd7",
             start_date: new Date("2026-01-02T17:00:00.000Z"),
             end_date: new Date("2026-01-02T17:00:00.000Z"),
             price_change_type: undefined,
             price_change_value: NaN
           },
           {
             property_id: "aefc4c51-4dcf-4e5d-8caf-dbe6ac3f5e6f",
             room_id: "b5f54dcd-a9bc-43b3-ba33-1e8bcf47cbd7",
             start_date: new Date("2026-01-03T17:00:00.000Z"),
             end_date: new Date("2026-01-03T17:00:00.000Z"),
             price_change_type: undefined,
             price_change_value: NaN
           },
           {
             property_id: "aefc4c51-4dcf-4e5d-8caf-dbe6ac3f5e6f",
             room_id: "b5f54dcd-a9bc-43b3-ba33-1e8bcf47cbd7",
             start_date: new Date("2026-01-09T17:00:00.000Z"),
             end_date: new Date("2026-01-09T17:00:00.000Z"),
             price_change_type: undefined,
             price_change_value: NaN
           },
           {
             property_id: "aefc4c51-4dcf-4e5d-8caf-dbe6ac3f5e6f",
             room_id: "b5f54dcd-a9bc-43b3-ba33-1e8bcf47cbd7",
             start_date: new Date("2026-01-10T17:00:00.000Z"),
             end_date: new Date("2026-01-10T17:00:00.000Z"),
             price_change_type: undefined,
             price_change_value: NaN
           },
           {
             property_id: "aefc4c51-4dcf-4e5d-8caf-dbe6ac3f5e6f",
             room_id: "b5f54dcd-a9bc-43b3-ba33-1e8bcf47cbd7",
             start_date: new Date("2026-01-16T17:00:00.000Z"),
             end_date: new Date("2026-01-16T17:00:00.000Z"),
             price_change_type: undefined,
             price_change_value: NaN
           },
           {
             property_id: "aefc4c51-4dcf-4e5d-8caf-dbe6ac3f5e6f",
             room_id: "b5f54dcd-a9bc-43b3-ba33-1e8bcf47cbd7",
             start_date: new Date("2026-01-17T17:00:00.000Z"),
             end_date: new Date("2026-01-17T17:00:00.000Z"),
             price_change_type: undefined,
             price_change_value: NaN
           },
           {
             property_id: "aefc4c51-4dcf-4e5d-8caf-dbe6ac3f5e6f",
             room_id: "b5f54dcd-a9bc-43b3-ba33-1e8bcf47cbd7",
             start_date: new Date("2026-01-23T17:00:00.000Z"),
             end_date: new Date("2026-01-23T17:00:00.000Z"),
             price_change_type: undefined,
             price_change_value: NaN
           },
           {
             property_id: "aefc4c51-4dcf-4e5d-8caf-dbe6ac3f5e6f",
             room_id: "b5f54dcd-a9bc-43b3-ba33-1e8bcf47cbd7",
             start_date: new Date("2026-01-24T17:00:00.000Z"),
             end_date: new Date("2026-01-24T17:00:00.000Z"),
             price_change_type: undefined,
             price_change_value: NaN
           },
           {
             property_id: "aefc4c51-4dcf-4e5d-8caf-dbe6ac3f5e6f",
             room_id: "b5f54dcd-a9bc-43b3-ba33-1e8bcf47cbd7",
             start_date: new Date("2026-01-30T17:00:00.000Z"),
             end_date: new Date("2026-01-30T17:00:00.000Z"),
             price_change_type: undefined,
             price_change_value: NaN
           },
           {
             property_id: "aefc4c51-4dcf-4e5d-8caf-dbe6ac3f5e6f",
             room_id: "b5f54dcd-a9bc-43b3-ba33-1e8bcf47cbd7",
             start_date: new Date("2026-01-31T17:00:00.000Z"),
             end_date: new Date("2026-01-31T17:00:00.000Z"),
             price_change_type: undefined,
             price_change_value: NaN
           },
           {
             property_id: "aefc4c51-4dcf-4e5d-8caf-dbe6ac3f5e6f",
             room_id: "b5f54dcd-a9bc-43b3-ba33-1e8bcf47cbd7",
             start_date: new Date("2026-02-06T17:00:00.000Z"),
             end_date: new Date("2026-02-06T17:00:00.000Z"),
             price_change_type: undefined,
             price_change_value: NaN
           },
           {
             property_id: "aefc4c51-4dcf-4e5d-8caf-dbe6ac3f5e6f",
             room_id: "b5f54dcd-a9bc-43b3-ba33-1e8bcf47cbd7",
             start_date: new Date("2026-02-07T17:00:00.000Z"),
             end_date: new Date("2026-02-07T17:00:00.000Z"),
             price_change_type: undefined,
             price_change_value: NaN
           },
           {
             property_id: "aefc4c51-4dcf-4e5d-8caf-dbe6ac3f5e6f",
             room_id: "b5f54dcd-a9bc-43b3-ba33-1e8bcf47cbd7",
             start_date: new Date("2026-02-13T17:00:00.000Z"),
             end_date: new Date("2026-02-13T17:00:00.000Z"),
             price_change_type: undefined,
             price_change_value: NaN
           },
           {
             property_id: "aefc4c51-4dcf-4e5d-8caf-dbe6ac3f5e6f",
             room_id: "b5f54dcd-a9bc-43b3-ba33-1e8bcf47cbd7",
             start_date: new Date("2026-02-14T17:00:00.000Z"),
             end_date: new Date("2026-02-14T17:00:00.000Z"),
             price_change_type: undefined,
             price_change_value: NaN
           },
           {
             property_id: "aefc4c51-4dcf-4e5d-8caf-dbe6ac3f5e6f",
             room_id: "b5f54dcd-a9bc-43b3-ba33-1e8bcf47cbd7",
             start_date: new Date("2026-02-20T17:00:00.000Z"),
             end_date: new Date("2026-02-20T17:00:00.000Z"),
             price_change_type: undefined,
             price_change_value: NaN
           },
           {
             property_id: "aefc4c51-4dcf-4e5d-8caf-dbe6ac3f5e6f",
             room_id: "b5f54dcd-a9bc-43b3-ba33-1e8bcf47cbd7",
             start_date: new Date("2026-02-21T17:00:00.000Z"),
             end_date: new Date("2026-02-21T17:00:00.000Z"),
             price_change_type: undefined,
             price_change_value: NaN
           },
           {
             property_id: "aefc4c51-4dcf-4e5d-8caf-dbe6ac3f5e6f",
             room_id: "b5f54dcd-a9bc-43b3-ba33-1e8bcf47cbd7",
             start_date: new Date("2026-02-27T17:00:00.000Z"),
             end_date: new Date("2026-02-27T17:00:00.000Z"),
             price_change_type: undefined,
             price_change_value: NaN
           },
           {
             property_id: "aefc4c51-4dcf-4e5d-8caf-dbe6ac3f5e6f",
             room_id: "b5f54dcd-a9bc-43b3-ba33-1e8bcf47cbd7",
             start_date: new Date("2026-02-28T17:00:00.000Z"),
             end_date: new Date("2026-02-28T17:00:00.000Z"),
             price_change_type: undefined,
             price_change_value: NaN
           },
           {
             property_id: "aefc4c51-4dcf-4e5d-8caf-dbe6ac3f5e6f",
             room_id: "b5f54dcd-a9bc-43b3-ba33-1e8bcf47cbd7",
             start_date: new Date("2026-03-06T17:00:00.000Z"),
             end_date: new Date("2026-03-06T17:00:00.000Z"),
             price_change_type: undefined,
             price_change_value: NaN
           },
           {
             property_id: "aefc4c51-4dcf-4e5d-8caf-dbe6ac3f5e6f",
             room_id: "b5f54dcd-a9bc-43b3-ba33-1e8bcf47cbd7",
             start_date: new Date("2026-03-07T17:00:00.000Z"),
             end_date: new Date("2026-03-07T17:00:00.000Z"),
             price_change_type: undefined,
             price_change_value: NaN
           },
           {
             property_id: "aefc4c51-4dcf-4e5d-8caf-dbe6ac3f5e6f",
             room_id: "b5f54dcd-a9bc-43b3-ba33-1e8bcf47cbd7",
             start_date: new Date("2026-03-13T17:00:00.000Z"),
             end_date: new Date("2026-03-13T17:00:00.000Z"),
             price_change_type: undefined,
             price_change_value: NaN
           },
           {
             property_id: "aefc4c51-4dcf-4e5d-8caf-dbe6ac3f5e6f",
             room_id: "b5f54dcd-a9bc-43b3-ba33-1e8bcf47cbd7",
             start_date: new Date("2026-03-14T17:00:00.000Z"),
             end_date: new Date("2026-03-14T17:00:00.000Z"),
             price_change_type: undefined,
             price_change_value: NaN
           }
         ],
         skipDuplicates: true
       })

Argument `price_change_type` is missing. | MESSAGE: {"name":"PrismaClientValidationError","clientVersion":"6.13.0"}
2025-09-17 14:25:36 [ERROR]: POST /room/create | STATUS: 
Invalid `prisma.peak_season_rates.createMany()` invocation in
/Users/Farizkey/Documents/Purwadhika - JCWDOL 020 /Property-Renting-Web-App/backend/src/services/rooms/rooms.services.ts:92:38

  89 }
  90 
  91 if (peakRatesData.length > 0) {
→ 92   await prisma.peak_season_rates.createMany({
         data: [
           {
             property_id: "aefc4c51-4dcf-4e5d-8caf-dbe6ac3f5e6f",
             room_id: "633e3a45-b2c8-4bce-b993-1cc439c0b4f8",
             start_date: new Date("2025-09-19T17:00:00.000Z"),
             end_date: new Date("2025-09-19T17:00:00.000Z"),
             price_change_type: undefined,
             price_change_value: NaN
           },
           {
             property_id: "aefc4c51-4dcf-4e5d-8caf-dbe6ac3f5e6f",
             room_id: "633e3a45-b2c8-4bce-b993-1cc439c0b4f8",
             start_date: new Date("2025-09-20T17:00:00.000Z"),
             end_date: new Date("2025-09-20T17:00:00.000Z"),
             price_change_type: undefined,
             price_change_value: NaN
           },
           {
             property_id: "aefc4c51-4dcf-4e5d-8caf-dbe6ac3f5e6f",
             room_id: "633e3a45-b2c8-4bce-b993-1cc439c0b4f8",
             start_date: new Date("2025-09-26T17:00:00.000Z"),
             end_date: new Date("2025-09-26T17:00:00.000Z"),
             price_change_type: undefined,
             price_change_value: NaN
           },
           {
             property_id: "aefc4c51-4dcf-4e5d-8caf-dbe6ac3f5e6f",
             room_id: "633e3a45-b2c8-4bce-b993-1cc439c0b4f8",
             start_date: new Date("2025-09-27T17:00:00.000Z"),
             end_date: new Date("2025-09-27T17:00:00.000Z"),
             price_change_type: undefined,
             price_change_value: NaN
           },
           {
             property_id: "aefc4c51-4dcf-4e5d-8caf-dbe6ac3f5e6f",
             room_id: "633e3a45-b2c8-4bce-b993-1cc439c0b4f8",
             start_date: new Date("2025-10-03T17:00:00.000Z"),
             end_date: new Date("2025-10-03T17:00:00.000Z"),
             price_change_type: undefined,
             price_change_value: NaN
           },
           {
             property_id: "aefc4c51-4dcf-4e5d-8caf-dbe6ac3f5e6f",
             room_id: "633e3a45-b2c8-4bce-b993-1cc439c0b4f8",
             start_date: new Date("2025-10-04T17:00:00.000Z"),
             end_date: new Date("2025-10-04T17:00:00.000Z"),
             price_change_type: undefined,
             price_change_value: NaN
           },
           {
             property_id: "aefc4c51-4dcf-4e5d-8caf-dbe6ac3f5e6f",
             room_id: "633e3a45-b2c8-4bce-b993-1cc439c0b4f8",
             start_date: new Date("2025-10-10T17:00:00.000Z"),
             end_date: new Date("2025-10-10T17:00:00.000Z"),
             price_change_type: undefined,
             price_change_value: NaN
           },
           {
             property_id: "aefc4c51-4dcf-4e5d-8caf-dbe6ac3f5e6f",
             room_id: "633e3a45-b2c8-4bce-b993-1cc439c0b4f8",
             start_date: new Date("2025-10-11T17:00:00.000Z"),
             end_date: new Date("2025-10-11T17:00:00.000Z"),
             price_change_type: undefined,
             price_change_value: NaN
           },
           {
             property_id: "aefc4c51-4dcf-4e5d-8caf-dbe6ac3f5e6f",
             room_id: "633e3a45-b2c8-4bce-b993-1cc439c0b4f8",
             start_date: new Date("2025-10-17T17:00:00.000Z"),
             end_date: new Date("2025-10-17T17:00:00.000Z"),
             price_change_type: undefined,
             price_change_value: NaN
           },
           {
             property_id: "aefc4c51-4dcf-4e5d-8caf-dbe6ac3f5e6f",
             room_id: "633e3a45-b2c8-4bce-b993-1cc439c0b4f8",
             start_date: new Date("2025-10-18T17:00:00.000Z"),
             end_date: new Date("2025-10-18T17:00:00.000Z"),
             price_change_type: undefined,
             price_change_value: NaN
           },
           {
             property_id: "aefc4c51-4dcf-4e5d-8caf-dbe6ac3f5e6f",
             room_id: "633e3a45-b2c8-4bce-b993-1cc439c0b4f8",
             start_date: new Date("2025-10-24T17:00:00.000Z"),
             end_date: new Date("2025-10-24T17:00:00.000Z"),
             price_change_type: undefined,
             price_change_value: NaN
           },
           {
             property_id: "aefc4c51-4dcf-4e5d-8caf-dbe6ac3f5e6f",
             room_id: "633e3a45-b2c8-4bce-b993-1cc439c0b4f8",
             start_date: new Date("2025-10-25T17:00:00.000Z"),
             end_date: new Date("2025-10-25T17:00:00.000Z"),
             price_change_type: undefined,
             price_change_value: NaN
           },
           {
             property_id: "aefc4c51-4dcf-4e5d-8caf-dbe6ac3f5e6f",
             room_id: "633e3a45-b2c8-4bce-b993-1cc439c0b4f8",
             start_date: new Date("2025-10-31T17:00:00.000Z"),
             end_date: new Date("2025-10-31T17:00:00.000Z"),
             price_change_type: undefined,
             price_change_value: NaN
           },
           {
             property_id: "aefc4c51-4dcf-4e5d-8caf-dbe6ac3f5e6f",
             room_id: "633e3a45-b2c8-4bce-b993-1cc439c0b4f8",
             start_date: new Date("2025-11-01T17:00:00.000Z"),
             end_date: new Date("2025-11-01T17:00:00.000Z"),
             price_change_type: undefined,
             price_change_value: NaN
           },
           {
             property_id: "aefc4c51-4dcf-4e5d-8caf-dbe6ac3f5e6f",
             room_id: "633e3a45-b2c8-4bce-b993-1cc439c0b4f8",
             start_date: new Date("2025-11-07T17:00:00.000Z"),
             end_date: new Date("2025-11-07T17:00:00.000Z"),
             price_change_type: undefined,
             price_change_value: NaN
           },
           {
             property_id: "aefc4c51-4dcf-4e5d-8caf-dbe6ac3f5e6f",
             room_id: "633e3a45-b2c8-4bce-b993-1cc439c0b4f8",
             start_date: new Date("2025-11-08T17:00:00.000Z"),
             end_date: new Date("2025-11-08T17:00:00.000Z"),
             price_change_type: undefined,
             price_change_value: NaN
           },
           {
             property_id: "aefc4c51-4dcf-4e5d-8caf-dbe6ac3f5e6f",
             room_id: "633e3a45-b2c8-4bce-b993-1cc439c0b4f8",
             start_date: new Date("2025-11-14T17:00:00.000Z"),
             end_date: new Date("2025-11-14T17:00:00.000Z"),
             price_change_type: undefined,
             price_change_value: NaN
           },
           {
             property_id: "aefc4c51-4dcf-4e5d-8caf-dbe6ac3f5e6f",
             room_id: "633e3a45-b2c8-4bce-b993-1cc439c0b4f8",
             start_date: new Date("2025-11-15T17:00:00.000Z"),
             end_date: new Date("2025-11-15T17:00:00.000Z"),
             price_change_type: undefined,
             price_change_value: NaN
           },
           {
             property_id: "aefc4c51-4dcf-4e5d-8caf-dbe6ac3f5e6f",
             room_id: "633e3a45-b2c8-4bce-b993-1cc439c0b4f8",
             start_date: new Date("2025-11-21T17:00:00.000Z"),
             end_date: new Date("2025-11-21T17:00:00.000Z"),
             price_change_type: undefined,
             price_change_value: NaN
           },
           {
             property_id: "aefc4c51-4dcf-4e5d-8caf-dbe6ac3f5e6f",
             room_id: "633e3a45-b2c8-4bce-b993-1cc439c0b4f8",
             start_date: new Date("2025-11-22T17:00:00.000Z"),
             end_date: new Date("2025-11-22T17:00:00.000Z"),
             price_change_type: undefined,
             price_change_value: NaN
           },
           {
             property_id: "aefc4c51-4dcf-4e5d-8caf-dbe6ac3f5e6f",
             room_id: "633e3a45-b2c8-4bce-b993-1cc439c0b4f8",
             start_date: new Date("2025-11-28T17:00:00.000Z"),
             end_date: new Date("2025-11-28T17:00:00.000Z"),
             price_change_type: undefined,
             price_change_value: NaN
           },
           {
             property_id: "aefc4c51-4dcf-4e5d-8caf-dbe6ac3f5e6f",
             room_id: "633e3a45-b2c8-4bce-b993-1cc439c0b4f8",
             start_date: new Date("2025-11-29T17:00:00.000Z"),
             end_date: new Date("2025-11-29T17:00:00.000Z"),
             price_change_type: undefined,
             price_change_value: NaN
           },
           {
             property_id: "aefc4c51-4dcf-4e5d-8caf-dbe6ac3f5e6f",
             room_id: "633e3a45-b2c8-4bce-b993-1cc439c0b4f8",
             start_date: new Date("2025-12-05T17:00:00.000Z"),
             end_date: new Date("2025-12-05T17:00:00.000Z"),
             price_change_type: undefined,
             price_change_value: NaN
           },
           {
             property_id: "aefc4c51-4dcf-4e5d-8caf-dbe6ac3f5e6f",
             room_id: "633e3a45-b2c8-4bce-b993-1cc439c0b4f8",
             start_date: new Date("2025-12-06T17:00:00.000Z"),
             end_date: new Date("2025-12-06T17:00:00.000Z"),
             price_change_type: undefined,
             price_change_value: NaN
           },
           {
             property_id: "aefc4c51-4dcf-4e5d-8caf-dbe6ac3f5e6f",
             room_id: "633e3a45-b2c8-4bce-b993-1cc439c0b4f8",
             start_date: new Date("2025-12-12T17:00:00.000Z"),
             end_date: new Date("2025-12-12T17:00:00.000Z"),
             price_change_type: undefined,
             price_change_value: NaN
           },
           {
             property_id: "aefc4c51-4dcf-4e5d-8caf-dbe6ac3f5e6f",
             room_id: "633e3a45-b2c8-4bce-b993-1cc439c0b4f8",
             start_date: new Date("2025-12-13T17:00:00.000Z"),
             end_date: new Date("2025-12-13T17:00:00.000Z"),
             price_change_type: undefined,
             price_change_value: NaN
           },
           {
             property_id: "aefc4c51-4dcf-4e5d-8caf-dbe6ac3f5e6f",
             room_id: "633e3a45-b2c8-4bce-b993-1cc439c0b4f8",
             start_date: new Date("2025-12-19T17:00:00.000Z"),
             end_date: new Date("2025-12-19T17:00:00.000Z"),
             price_change_type: undefined,
             price_change_value: NaN
           },
           {
             property_id: "aefc4c51-4dcf-4e5d-8caf-dbe6ac3f5e6f",
             room_id: "633e3a45-b2c8-4bce-b993-1cc439c0b4f8",
             start_date: new Date("2025-12-20T17:00:00.000Z"),
             end_date: new Date("2025-12-20T17:00:00.000Z"),
             price_change_type: undefined,
             price_change_value: NaN
           },
           {
             property_id: "aefc4c51-4dcf-4e5d-8caf-dbe6ac3f5e6f",
             room_id: "633e3a45-b2c8-4bce-b993-1cc439c0b4f8",
             start_date: new Date("2025-12-26T17:00:00.000Z"),
             end_date: new Date("2025-12-26T17:00:00.000Z"),
             price_change_type: undefined,
             price_change_value: NaN
           },
           {
             property_id: "aefc4c51-4dcf-4e5d-8caf-dbe6ac3f5e6f",
             room_id: "633e3a45-b2c8-4bce-b993-1cc439c0b4f8",
             start_date: new Date("2025-12-27T17:00:00.000Z"),
             end_date: new Date("2025-12-27T17:00:00.000Z"),
             price_change_type: undefined,
             price_change_value: NaN
           },
           {
             property_id: "aefc4c51-4dcf-4e5d-8caf-dbe6ac3f5e6f",
             room_id: "633e3a45-b2c8-4bce-b993-1cc439c0b4f8",
             start_date: new Date("2026-01-02T17:00:00.000Z"),
             end_date: new Date("2026-01-02T17:00:00.000Z"),
             price_change_type: undefined,
             price_change_value: NaN
           },
           {
             property_id: "aefc4c51-4dcf-4e5d-8caf-dbe6ac3f5e6f",
             room_id: "633e3a45-b2c8-4bce-b993-1cc439c0b4f8",
             start_date: new Date("2026-01-03T17:00:00.000Z"),
             end_date: new Date("2026-01-03T17:00:00.000Z"),
             price_change_type: undefined,
             price_change_value: NaN
           },
           {
             property_id: "aefc4c51-4dcf-4e5d-8caf-dbe6ac3f5e6f",
             room_id: "633e3a45-b2c8-4bce-b993-1cc439c0b4f8",
             start_date: new Date("2026-01-09T17:00:00.000Z"),
             end_date: new Date("2026-01-09T17:00:00.000Z"),
             price_change_type: undefined,
             price_change_value: NaN
           },
           {
             property_id: "aefc4c51-4dcf-4e5d-8caf-dbe6ac3f5e6f",
             room_id: "633e3a45-b2c8-4bce-b993-1cc439c0b4f8",
             start_date: new Date("2026-01-10T17:00:00.000Z"),
             end_date: new Date("2026-01-10T17:00:00.000Z"),
             price_change_type: undefined,
             price_change_value: NaN
           },
           {
             property_id: "aefc4c51-4dcf-4e5d-8caf-dbe6ac3f5e6f",
             room_id: "633e3a45-b2c8-4bce-b993-1cc439c0b4f8",
             start_date: new Date("2026-01-16T17:00:00.000Z"),
             end_date: new Date("2026-01-16T17:00:00.000Z"),
             price_change_type: undefined,
             price_change_value: NaN
           },
           {
             property_id: "aefc4c51-4dcf-4e5d-8caf-dbe6ac3f5e6f",
             room_id: "633e3a45-b2c8-4bce-b993-1cc439c0b4f8",
             start_date: new Date("2026-01-17T17:00:00.000Z"),
             end_date: new Date("2026-01-17T17:00:00.000Z"),
             price_change_type: undefined,
             price_change_value: NaN
           },
           {
             property_id: "aefc4c51-4dcf-4e5d-8caf-dbe6ac3f5e6f",
             room_id: "633e3a45-b2c8-4bce-b993-1cc439c0b4f8",
             start_date: new Date("2026-01-23T17:00:00.000Z"),
             end_date: new Date("2026-01-23T17:00:00.000Z"),
             price_change_type: undefined,
             price_change_value: NaN
           },
           {
             property_id: "aefc4c51-4dcf-4e5d-8caf-dbe6ac3f5e6f",
             room_id: "633e3a45-b2c8-4bce-b993-1cc439c0b4f8",
             start_date: new Date("2026-01-24T17:00:00.000Z"),
             end_date: new Date("2026-01-24T17:00:00.000Z"),
             price_change_type: undefined,
             price_change_value: NaN
           },
           {
             property_id: "aefc4c51-4dcf-4e5d-8caf-dbe6ac3f5e6f",
             room_id: "633e3a45-b2c8-4bce-b993-1cc439c0b4f8",
             start_date: new Date("2026-01-30T17:00:00.000Z"),
             end_date: new Date("2026-01-30T17:00:00.000Z"),
             price_change_type: undefined,
             price_change_value: NaN
           },
           {
             property_id: "aefc4c51-4dcf-4e5d-8caf-dbe6ac3f5e6f",
             room_id: "633e3a45-b2c8-4bce-b993-1cc439c0b4f8",
             start_date: new Date("2026-01-31T17:00:00.000Z"),
             end_date: new Date("2026-01-31T17:00:00.000Z"),
             price_change_type: undefined,
             price_change_value: NaN
           },
           {
             property_id: "aefc4c51-4dcf-4e5d-8caf-dbe6ac3f5e6f",
             room_id: "633e3a45-b2c8-4bce-b993-1cc439c0b4f8",
             start_date: new Date("2026-02-06T17:00:00.000Z"),
             end_date: new Date("2026-02-06T17:00:00.000Z"),
             price_change_type: undefined,
             price_change_value: NaN
           },
           {
             property_id: "aefc4c51-4dcf-4e5d-8caf-dbe6ac3f5e6f",
             room_id: "633e3a45-b2c8-4bce-b993-1cc439c0b4f8",
             start_date: new Date("2026-02-07T17:00:00.000Z"),
             end_date: new Date("2026-02-07T17:00:00.000Z"),
             price_change_type: undefined,
             price_change_value: NaN
           },
           {
             property_id: "aefc4c51-4dcf-4e5d-8caf-dbe6ac3f5e6f",
             room_id: "633e3a45-b2c8-4bce-b993-1cc439c0b4f8",
             start_date: new Date("2026-02-13T17:00:00.000Z"),
             end_date: new Date("2026-02-13T17:00:00.000Z"),
             price_change_type: undefined,
             price_change_value: NaN
           },
           {
             property_id: "aefc4c51-4dcf-4e5d-8caf-dbe6ac3f5e6f",
             room_id: "633e3a45-b2c8-4bce-b993-1cc439c0b4f8",
             start_date: new Date("2026-02-14T17:00:00.000Z"),
             end_date: new Date("2026-02-14T17:00:00.000Z"),
             price_change_type: undefined,
             price_change_value: NaN
           },
           {
             property_id: "aefc4c51-4dcf-4e5d-8caf-dbe6ac3f5e6f",
             room_id: "633e3a45-b2c8-4bce-b993-1cc439c0b4f8",
             start_date: new Date("2026-02-20T17:00:00.000Z"),
             end_date: new Date("2026-02-20T17:00:00.000Z"),
             price_change_type: undefined,
             price_change_value: NaN
           },
           {
             property_id: "aefc4c51-4dcf-4e5d-8caf-dbe6ac3f5e6f",
             room_id: "633e3a45-b2c8-4bce-b993-1cc439c0b4f8",
             start_date: new Date("2026-02-21T17:00:00.000Z"),
             end_date: new Date("2026-02-21T17:00:00.000Z"),
             price_change_type: undefined,
             price_change_value: NaN
           },
           {
             property_id: "aefc4c51-4dcf-4e5d-8caf-dbe6ac3f5e6f",
             room_id: "633e3a45-b2c8-4bce-b993-1cc439c0b4f8",
             start_date: new Date("2026-02-27T17:00:00.000Z"),
             end_date: new Date("2026-02-27T17:00:00.000Z"),
             price_change_type: undefined,
             price_change_value: NaN
           },
           {
             property_id: "aefc4c51-4dcf-4e5d-8caf-dbe6ac3f5e6f",
             room_id: "633e3a45-b2c8-4bce-b993-1cc439c0b4f8",
             start_date: new Date("2026-02-28T17:00:00.000Z"),
             end_date: new Date("2026-02-28T17:00:00.000Z"),
             price_change_type: undefined,
             price_change_value: NaN
           },
           {
             property_id: "aefc4c51-4dcf-4e5d-8caf-dbe6ac3f5e6f",
             room_id: "633e3a45-b2c8-4bce-b993-1cc439c0b4f8",
             start_date: new Date("2026-03-06T17:00:00.000Z"),
             end_date: new Date("2026-03-06T17:00:00.000Z"),
             price_change_type: undefined,
             price_change_value: NaN
           },
           {
             property_id: "aefc4c51-4dcf-4e5d-8caf-dbe6ac3f5e6f",
             room_id: "633e3a45-b2c8-4bce-b993-1cc439c0b4f8",
             start_date: new Date("2026-03-07T17:00:00.000Z"),
             end_date: new Date("2026-03-07T17:00:00.000Z"),
             price_change_type: undefined,
             price_change_value: NaN
           },
           {
             property_id: "aefc4c51-4dcf-4e5d-8caf-dbe6ac3f5e6f",
             room_id: "633e3a45-b2c8-4bce-b993-1cc439c0b4f8",
             start_date: new Date("2026-03-13T17:00:00.000Z"),
             end_date: new Date("2026-03-13T17:00:00.000Z"),
             price_change_type: undefined,
             price_change_value: NaN
           },
           {
             property_id: "aefc4c51-4dcf-4e5d-8caf-dbe6ac3f5e6f",
             room_id: "633e3a45-b2c8-4bce-b993-1cc439c0b4f8",
             start_date: new Date("2026-03-14T17:00:00.000Z"),
             end_date: new Date("2026-03-14T17:00:00.000Z"),
             price_change_type: undefined,
             price_change_value: NaN
           }
         ],
         skipDuplicates: true
       })

Argument `price_change_type` is missing. | MESSAGE: {"name":"PrismaClientValidationError","clientVersion":"6.13.0"}
2025-09-17 14:25:54 [ERROR]: POST /room/create | STATUS: 
Invalid `prisma.peak_season_rates.createMany()` invocation in
/Users/Farizkey/Documents/Purwadhika - JCWDOL 020 /Property-Renting-Web-App/backend/src/services/rooms/rooms.services.ts:92:38

  89 }
  90 
  91 if (peakRatesData.length > 0) {
→ 92   await prisma.peak_season_rates.createMany({
         data: [
           {
             property_id: "aefc4c51-4dcf-4e5d-8caf-dbe6ac3f5e6f",
             room_id: "23c4db4a-ff0f-4c97-8f43-3655cc9601ff",
             start_date: new Date("2025-09-19T17:00:00.000Z"),
             end_date: new Date("2025-09-19T17:00:00.000Z"),
             price_change_type: undefined,
             price_change_value: NaN
           },
           {
             property_id: "aefc4c51-4dcf-4e5d-8caf-dbe6ac3f5e6f",
             room_id: "23c4db4a-ff0f-4c97-8f43-3655cc9601ff",
             start_date: new Date("2025-09-20T17:00:00.000Z"),
             end_date: new Date("2025-09-20T17:00:00.000Z"),
             price_change_type: undefined,
             price_change_value: NaN
           },
           {
             property_id: "aefc4c51-4dcf-4e5d-8caf-dbe6ac3f5e6f",
             room_id: "23c4db4a-ff0f-4c97-8f43-3655cc9601ff",
             start_date: new Date("2025-09-26T17:00:00.000Z"),
             end_date: new Date("2025-09-26T17:00:00.000Z"),
             price_change_type: undefined,
             price_change_value: NaN
           },
           {
             property_id: "aefc4c51-4dcf-4e5d-8caf-dbe6ac3f5e6f",
             room_id: "23c4db4a-ff0f-4c97-8f43-3655cc9601ff",
             start_date: new Date("2025-09-27T17:00:00.000Z"),
             end_date: new Date("2025-09-27T17:00:00.000Z"),
             price_change_type: undefined,
             price_change_value: NaN
           },
           {
             property_id: "aefc4c51-4dcf-4e5d-8caf-dbe6ac3f5e6f",
             room_id: "23c4db4a-ff0f-4c97-8f43-3655cc9601ff",
             start_date: new Date("2025-10-03T17:00:00.000Z"),
             end_date: new Date("2025-10-03T17:00:00.000Z"),
             price_change_type: undefined,
             price_change_value: NaN
           },
           {
             property_id: "aefc4c51-4dcf-4e5d-8caf-dbe6ac3f5e6f",
             room_id: "23c4db4a-ff0f-4c97-8f43-3655cc9601ff",
             start_date: new Date("2025-10-04T17:00:00.000Z"),
             end_date: new Date("2025-10-04T17:00:00.000Z"),
             price_change_type: undefined,
             price_change_value: NaN
           },
           {
             property_id: "aefc4c51-4dcf-4e5d-8caf-dbe6ac3f5e6f",
             room_id: "23c4db4a-ff0f-4c97-8f43-3655cc9601ff",
             start_date: new Date("2025-10-10T17:00:00.000Z"),
             end_date: new Date("2025-10-10T17:00:00.000Z"),
             price_change_type: undefined,
             price_change_value: NaN
           },
           {
             property_id: "aefc4c51-4dcf-4e5d-8caf-dbe6ac3f5e6f",
             room_id: "23c4db4a-ff0f-4c97-8f43-3655cc9601ff",
             start_date: new Date("2025-10-11T17:00:00.000Z"),
             end_date: new Date("2025-10-11T17:00:00.000Z"),
             price_change_type: undefined,
             price_change_value: NaN
           },
           {
             property_id: "aefc4c51-4dcf-4e5d-8caf-dbe6ac3f5e6f",
             room_id: "23c4db4a-ff0f-4c97-8f43-3655cc9601ff",
             start_date: new Date("2025-10-17T17:00:00.000Z"),
             end_date: new Date("2025-10-17T17:00:00.000Z"),
             price_change_type: undefined,
             price_change_value: NaN
           },
           {
             property_id: "aefc4c51-4dcf-4e5d-8caf-dbe6ac3f5e6f",
             room_id: "23c4db4a-ff0f-4c97-8f43-3655cc9601ff",
             start_date: new Date("2025-10-18T17:00:00.000Z"),
             end_date: new Date("2025-10-18T17:00:00.000Z"),
             price_change_type: undefined,
             price_change_value: NaN
           },
           {
             property_id: "aefc4c51-4dcf-4e5d-8caf-dbe6ac3f5e6f",
             room_id: "23c4db4a-ff0f-4c97-8f43-3655cc9601ff",
             start_date: new Date("2025-10-24T17:00:00.000Z"),
             end_date: new Date("2025-10-24T17:00:00.000Z"),
             price_change_type: undefined,
             price_change_value: NaN
           },
           {
             property_id: "aefc4c51-4dcf-4e5d-8caf-dbe6ac3f5e6f",
             room_id: "23c4db4a-ff0f-4c97-8f43-3655cc9601ff",
             start_date: new Date("2025-10-25T17:00:00.000Z"),
             end_date: new Date("2025-10-25T17:00:00.000Z"),
             price_change_type: undefined,
             price_change_value: NaN
           },
           {
             property_id: "aefc4c51-4dcf-4e5d-8caf-dbe6ac3f5e6f",
             room_id: "23c4db4a-ff0f-4c97-8f43-3655cc9601ff",
             start_date: new Date("2025-10-31T17:00:00.000Z"),
             end_date: new Date("2025-10-31T17:00:00.000Z"),
             price_change_type: undefined,
             price_change_value: NaN
           },
           {
             property_id: "aefc4c51-4dcf-4e5d-8caf-dbe6ac3f5e6f",
             room_id: "23c4db4a-ff0f-4c97-8f43-3655cc9601ff",
             start_date: new Date("2025-11-01T17:00:00.000Z"),
             end_date: new Date("2025-11-01T17:00:00.000Z"),
             price_change_type: undefined,
             price_change_value: NaN
           },
           {
             property_id: "aefc4c51-4dcf-4e5d-8caf-dbe6ac3f5e6f",
             room_id: "23c4db4a-ff0f-4c97-8f43-3655cc9601ff",
             start_date: new Date("2025-11-07T17:00:00.000Z"),
             end_date: new Date("2025-11-07T17:00:00.000Z"),
             price_change_type: undefined,
             price_change_value: NaN
           },
           {
             property_id: "aefc4c51-4dcf-4e5d-8caf-dbe6ac3f5e6f",
             room_id: "23c4db4a-ff0f-4c97-8f43-3655cc9601ff",
             start_date: new Date("2025-11-08T17:00:00.000Z"),
             end_date: new Date("2025-11-08T17:00:00.000Z"),
             price_change_type: undefined,
             price_change_value: NaN
           },
           {
             property_id: "aefc4c51-4dcf-4e5d-8caf-dbe6ac3f5e6f",
             room_id: "23c4db4a-ff0f-4c97-8f43-3655cc9601ff",
             start_date: new Date("2025-11-14T17:00:00.000Z"),
             end_date: new Date("2025-11-14T17:00:00.000Z"),
             price_change_type: undefined,
             price_change_value: NaN
           },
           {
             property_id: "aefc4c51-4dcf-4e5d-8caf-dbe6ac3f5e6f",
             room_id: "23c4db4a-ff0f-4c97-8f43-3655cc9601ff",
             start_date: new Date("2025-11-15T17:00:00.000Z"),
             end_date: new Date("2025-11-15T17:00:00.000Z"),
             price_change_type: undefined,
             price_change_value: NaN
           },
           {
             property_id: "aefc4c51-4dcf-4e5d-8caf-dbe6ac3f5e6f",
             room_id: "23c4db4a-ff0f-4c97-8f43-3655cc9601ff",
             start_date: new Date("2025-11-21T17:00:00.000Z"),
             end_date: new Date("2025-11-21T17:00:00.000Z"),
             price_change_type: undefined,
             price_change_value: NaN
           },
           {
             property_id: "aefc4c51-4dcf-4e5d-8caf-dbe6ac3f5e6f",
             room_id: "23c4db4a-ff0f-4c97-8f43-3655cc9601ff",
             start_date: new Date("2025-11-22T17:00:00.000Z"),
             end_date: new Date("2025-11-22T17:00:00.000Z"),
             price_change_type: undefined,
             price_change_value: NaN
           },
           {
             property_id: "aefc4c51-4dcf-4e5d-8caf-dbe6ac3f5e6f",
             room_id: "23c4db4a-ff0f-4c97-8f43-3655cc9601ff",
             start_date: new Date("2025-11-28T17:00:00.000Z"),
             end_date: new Date("2025-11-28T17:00:00.000Z"),
             price_change_type: undefined,
             price_change_value: NaN
           },
           {
             property_id: "aefc4c51-4dcf-4e5d-8caf-dbe6ac3f5e6f",
             room_id: "23c4db4a-ff0f-4c97-8f43-3655cc9601ff",
             start_date: new Date("2025-11-29T17:00:00.000Z"),
             end_date: new Date("2025-11-29T17:00:00.000Z"),
             price_change_type: undefined,
             price_change_value: NaN
           },
           {
             property_id: "aefc4c51-4dcf-4e5d-8caf-dbe6ac3f5e6f",
             room_id: "23c4db4a-ff0f-4c97-8f43-3655cc9601ff",
             start_date: new Date("2025-12-05T17:00:00.000Z"),
             end_date: new Date("2025-12-05T17:00:00.000Z"),
             price_change_type: undefined,
             price_change_value: NaN
           },
           {
             property_id: "aefc4c51-4dcf-4e5d-8caf-dbe6ac3f5e6f",
             room_id: "23c4db4a-ff0f-4c97-8f43-3655cc9601ff",
             start_date: new Date("2025-12-06T17:00:00.000Z"),
             end_date: new Date("2025-12-06T17:00:00.000Z"),
             price_change_type: undefined,
             price_change_value: NaN
           },
           {
             property_id: "aefc4c51-4dcf-4e5d-8caf-dbe6ac3f5e6f",
             room_id: "23c4db4a-ff0f-4c97-8f43-3655cc9601ff",
             start_date: new Date("2025-12-12T17:00:00.000Z"),
             end_date: new Date("2025-12-12T17:00:00.000Z"),
             price_change_type: undefined,
             price_change_value: NaN
           },
           {
             property_id: "aefc4c51-4dcf-4e5d-8caf-dbe6ac3f5e6f",
             room_id: "23c4db4a-ff0f-4c97-8f43-3655cc9601ff",
             start_date: new Date("2025-12-13T17:00:00.000Z"),
             end_date: new Date("2025-12-13T17:00:00.000Z"),
             price_change_type: undefined,
             price_change_value: NaN
           },
           {
             property_id: "aefc4c51-4dcf-4e5d-8caf-dbe6ac3f5e6f",
             room_id: "23c4db4a-ff0f-4c97-8f43-3655cc9601ff",
             start_date: new Date("2025-12-19T17:00:00.000Z"),
             end_date: new Date("2025-12-19T17:00:00.000Z"),
             price_change_type: undefined,
             price_change_value: NaN
           },
           {
             property_id: "aefc4c51-4dcf-4e5d-8caf-dbe6ac3f5e6f",
             room_id: "23c4db4a-ff0f-4c97-8f43-3655cc9601ff",
             start_date: new Date("2025-12-20T17:00:00.000Z"),
             end_date: new Date("2025-12-20T17:00:00.000Z"),
             price_change_type: undefined,
             price_change_value: NaN
           },
           {
             property_id: "aefc4c51-4dcf-4e5d-8caf-dbe6ac3f5e6f",
             room_id: "23c4db4a-ff0f-4c97-8f43-3655cc9601ff",
             start_date: new Date("2025-12-26T17:00:00.000Z"),
             end_date: new Date("2025-12-26T17:00:00.000Z"),
             price_change_type: undefined,
             price_change_value: NaN
           },
           {
             property_id: "aefc4c51-4dcf-4e5d-8caf-dbe6ac3f5e6f",
             room_id: "23c4db4a-ff0f-4c97-8f43-3655cc9601ff",
             start_date: new Date("2025-12-27T17:00:00.000Z"),
             end_date: new Date("2025-12-27T17:00:00.000Z"),
             price_change_type: undefined,
             price_change_value: NaN
           },
           {
             property_id: "aefc4c51-4dcf-4e5d-8caf-dbe6ac3f5e6f",
             room_id: "23c4db4a-ff0f-4c97-8f43-3655cc9601ff",
             start_date: new Date("2026-01-02T17:00:00.000Z"),
             end_date: new Date("2026-01-02T17:00:00.000Z"),
             price_change_type: undefined,
             price_change_value: NaN
           },
           {
             property_id: "aefc4c51-4dcf-4e5d-8caf-dbe6ac3f5e6f",
             room_id: "23c4db4a-ff0f-4c97-8f43-3655cc9601ff",
             start_date: new Date("2026-01-03T17:00:00.000Z"),
             end_date: new Date("2026-01-03T17:00:00.000Z"),
             price_change_type: undefined,
             price_change_value: NaN
           },
           {
             property_id: "aefc4c51-4dcf-4e5d-8caf-dbe6ac3f5e6f",
             room_id: "23c4db4a-ff0f-4c97-8f43-3655cc9601ff",
             start_date: new Date("2026-01-09T17:00:00.000Z"),
             end_date: new Date("2026-01-09T17:00:00.000Z"),
             price_change_type: undefined,
             price_change_value: NaN
           },
           {
             property_id: "aefc4c51-4dcf-4e5d-8caf-dbe6ac3f5e6f",
             room_id: "23c4db4a-ff0f-4c97-8f43-3655cc9601ff",
             start_date: new Date("2026-01-10T17:00:00.000Z"),
             end_date: new Date("2026-01-10T17:00:00.000Z"),
             price_change_type: undefined,
             price_change_value: NaN
           },
           {
             property_id: "aefc4c51-4dcf-4e5d-8caf-dbe6ac3f5e6f",
             room_id: "23c4db4a-ff0f-4c97-8f43-3655cc9601ff",
             start_date: new Date("2026-01-16T17:00:00.000Z"),
             end_date: new Date("2026-01-16T17:00:00.000Z"),
             price_change_type: undefined,
             price_change_value: NaN
           },
           {
             property_id: "aefc4c51-4dcf-4e5d-8caf-dbe6ac3f5e6f",
             room_id: "23c4db4a-ff0f-4c97-8f43-3655cc9601ff",
             start_date: new Date("2026-01-17T17:00:00.000Z"),
             end_date: new Date("2026-01-17T17:00:00.000Z"),
             price_change_type: undefined,
             price_change_value: NaN
           },
           {
             property_id: "aefc4c51-4dcf-4e5d-8caf-dbe6ac3f5e6f",
             room_id: "23c4db4a-ff0f-4c97-8f43-3655cc9601ff",
             start_date: new Date("2026-01-23T17:00:00.000Z"),
             end_date: new Date("2026-01-23T17:00:00.000Z"),
             price_change_type: undefined,
             price_change_value: NaN
           },
           {
             property_id: "aefc4c51-4dcf-4e5d-8caf-dbe6ac3f5e6f",
             room_id: "23c4db4a-ff0f-4c97-8f43-3655cc9601ff",
             start_date: new Date("2026-01-24T17:00:00.000Z"),
             end_date: new Date("2026-01-24T17:00:00.000Z"),
             price_change_type: undefined,
             price_change_value: NaN
           },
           {
             property_id: "aefc4c51-4dcf-4e5d-8caf-dbe6ac3f5e6f",
             room_id: "23c4db4a-ff0f-4c97-8f43-3655cc9601ff",
             start_date: new Date("2026-01-30T17:00:00.000Z"),
             end_date: new Date("2026-01-30T17:00:00.000Z"),
             price_change_type: undefined,
             price_change_value: NaN
           },
           {
             property_id: "aefc4c51-4dcf-4e5d-8caf-dbe6ac3f5e6f",
             room_id: "23c4db4a-ff0f-4c97-8f43-3655cc9601ff",
             start_date: new Date("2026-01-31T17:00:00.000Z"),
             end_date: new Date("2026-01-31T17:00:00.000Z"),
             price_change_type: undefined,
             price_change_value: NaN
           },
           {
             property_id: "aefc4c51-4dcf-4e5d-8caf-dbe6ac3f5e6f",
             room_id: "23c4db4a-ff0f-4c97-8f43-3655cc9601ff",
             start_date: new Date("2026-02-06T17:00:00.000Z"),
             end_date: new Date("2026-02-06T17:00:00.000Z"),
             price_change_type: undefined,
             price_change_value: NaN
           },
           {
             property_id: "aefc4c51-4dcf-4e5d-8caf-dbe6ac3f5e6f",
             room_id: "23c4db4a-ff0f-4c97-8f43-3655cc9601ff",
             start_date: new Date("2026-02-07T17:00:00.000Z"),
             end_date: new Date("2026-02-07T17:00:00.000Z"),
             price_change_type: undefined,
             price_change_value: NaN
           },
           {
             property_id: "aefc4c51-4dcf-4e5d-8caf-dbe6ac3f5e6f",
             room_id: "23c4db4a-ff0f-4c97-8f43-3655cc9601ff",
             start_date: new Date("2026-02-13T17:00:00.000Z"),
             end_date: new Date("2026-02-13T17:00:00.000Z"),
             price_change_type: undefined,
             price_change_value: NaN
           },
           {
             property_id: "aefc4c51-4dcf-4e5d-8caf-dbe6ac3f5e6f",
             room_id: "23c4db4a-ff0f-4c97-8f43-3655cc9601ff",
             start_date: new Date("2026-02-14T17:00:00.000Z"),
             end_date: new Date("2026-02-14T17:00:00.000Z"),
             price_change_type: undefined,
             price_change_value: NaN
           },
           {
             property_id: "aefc4c51-4dcf-4e5d-8caf-dbe6ac3f5e6f",
             room_id: "23c4db4a-ff0f-4c97-8f43-3655cc9601ff",
             start_date: new Date("2026-02-20T17:00:00.000Z"),
             end_date: new Date("2026-02-20T17:00:00.000Z"),
             price_change_type: undefined,
             price_change_value: NaN
           },
           {
             property_id: "aefc4c51-4dcf-4e5d-8caf-dbe6ac3f5e6f",
             room_id: "23c4db4a-ff0f-4c97-8f43-3655cc9601ff",
             start_date: new Date("2026-02-21T17:00:00.000Z"),
             end_date: new Date("2026-02-21T17:00:00.000Z"),
             price_change_type: undefined,
             price_change_value: NaN
           },
           {
             property_id: "aefc4c51-4dcf-4e5d-8caf-dbe6ac3f5e6f",
             room_id: "23c4db4a-ff0f-4c97-8f43-3655cc9601ff",
             start_date: new Date("2026-02-27T17:00:00.000Z"),
             end_date: new Date("2026-02-27T17:00:00.000Z"),
             price_change_type: undefined,
             price_change_value: NaN
           },
           {
             property_id: "aefc4c51-4dcf-4e5d-8caf-dbe6ac3f5e6f",
             room_id: "23c4db4a-ff0f-4c97-8f43-3655cc9601ff",
             start_date: new Date("2026-02-28T17:00:00.000Z"),
             end_date: new Date("2026-02-28T17:00:00.000Z"),
             price_change_type: undefined,
             price_change_value: NaN
           },
           {
             property_id: "aefc4c51-4dcf-4e5d-8caf-dbe6ac3f5e6f",
             room_id: "23c4db4a-ff0f-4c97-8f43-3655cc9601ff",
             start_date: new Date("2026-03-06T17:00:00.000Z"),
             end_date: new Date("2026-03-06T17:00:00.000Z"),
             price_change_type: undefined,
             price_change_value: NaN
           },
           {
             property_id: "aefc4c51-4dcf-4e5d-8caf-dbe6ac3f5e6f",
             room_id: "23c4db4a-ff0f-4c97-8f43-3655cc9601ff",
             start_date: new Date("2026-03-07T17:00:00.000Z"),
             end_date: new Date("2026-03-07T17:00:00.000Z"),
             price_change_type: undefined,
             price_change_value: NaN
           },
           {
             property_id: "aefc4c51-4dcf-4e5d-8caf-dbe6ac3f5e6f",
             room_id: "23c4db4a-ff0f-4c97-8f43-3655cc9601ff",
             start_date: new Date("2026-03-13T17:00:00.000Z"),
             end_date: new Date("2026-03-13T17:00:00.000Z"),
             price_change_type: undefined,
             price_change_value: NaN
           },
           {
             property_id: "aefc4c51-4dcf-4e5d-8caf-dbe6ac3f5e6f",
             room_id: "23c4db4a-ff0f-4c97-8f43-3655cc9601ff",
             start_date: new Date("2026-03-14T17:00:00.000Z"),
             end_date: new Date("2026-03-14T17:00:00.000Z"),
             price_change_type: undefined,
             price_change_value: NaN
           }
         ],
         skipDuplicates: true
       })

Argument `price_change_type` is missing. | MESSAGE: {"name":"PrismaClientValidationError","clientVersion":"6.13.0"}
2025-09-17 14:32:08 [ERROR]: POST /room/create | STATUS: 
Invalid `prisma.peak_season_rates.createMany()` invocation in
/Users/Farizkey/Documents/Purwadhika - JCWDOL 020 /Property-Renting-Web-App/backend/src/services/rooms/rooms.services.ts:92:38

  89 }
  90 
  91 if (peakRatesData.length > 0) {
→ 92   await prisma.peak_season_rates.createMany({
         data: [
           {
             property_id: "aefc4c51-4dcf-4e5d-8caf-dbe6ac3f5e6f",
             room_id: "3b9ee5aa-1b1e-41a6-914b-dcc9ae0cfd16",
             start_date: new Date("2025-09-19T17:00:00.000Z"),
             end_date: new Date("2025-09-19T17:00:00.000Z"),
             price_change_type: undefined,
             price_change_value: NaN
           },
           {
             property_id: "aefc4c51-4dcf-4e5d-8caf-dbe6ac3f5e6f",
             room_id: "3b9ee5aa-1b1e-41a6-914b-dcc9ae0cfd16",
             start_date: new Date("2025-09-20T17:00:00.000Z"),
             end_date: new Date("2025-09-20T17:00:00.000Z"),
             price_change_type: undefined,
             price_change_value: NaN
           },
           {
             property_id: "aefc4c51-4dcf-4e5d-8caf-dbe6ac3f5e6f",
             room_id: "3b9ee5aa-1b1e-41a6-914b-dcc9ae0cfd16",
             start_date: new Date("2025-09-26T17:00:00.000Z"),
             end_date: new Date("2025-09-26T17:00:00.000Z"),
             price_change_type: undefined,
             price_change_value: NaN
           },
           {
             property_id: "aefc4c51-4dcf-4e5d-8caf-dbe6ac3f5e6f",
             room_id: "3b9ee5aa-1b1e-41a6-914b-dcc9ae0cfd16",
             start_date: new Date("2025-09-27T17:00:00.000Z"),
             end_date: new Date("2025-09-27T17:00:00.000Z"),
             price_change_type: undefined,
             price_change_value: NaN
           },
           {
             property_id: "aefc4c51-4dcf-4e5d-8caf-dbe6ac3f5e6f",
             room_id: "3b9ee5aa-1b1e-41a6-914b-dcc9ae0cfd16",
             start_date: new Date("2025-10-03T17:00:00.000Z"),
             end_date: new Date("2025-10-03T17:00:00.000Z"),
             price_change_type: undefined,
             price_change_value: NaN
           },
           {
             property_id: "aefc4c51-4dcf-4e5d-8caf-dbe6ac3f5e6f",
             room_id: "3b9ee5aa-1b1e-41a6-914b-dcc9ae0cfd16",
             start_date: new Date("2025-10-04T17:00:00.000Z"),
             end_date: new Date("2025-10-04T17:00:00.000Z"),
             price_change_type: undefined,
             price_change_value: NaN
           },
           {
             property_id: "aefc4c51-4dcf-4e5d-8caf-dbe6ac3f5e6f",
             room_id: "3b9ee5aa-1b1e-41a6-914b-dcc9ae0cfd16",
             start_date: new Date("2025-10-10T17:00:00.000Z"),
             end_date: new Date("2025-10-10T17:00:00.000Z"),
             price_change_type: undefined,
             price_change_value: NaN
           },
           {
             property_id: "aefc4c51-4dcf-4e5d-8caf-dbe6ac3f5e6f",
             room_id: "3b9ee5aa-1b1e-41a6-914b-dcc9ae0cfd16",
             start_date: new Date("2025-10-11T17:00:00.000Z"),
             end_date: new Date("2025-10-11T17:00:00.000Z"),
             price_change_type: undefined,
             price_change_value: NaN
           },
           {
             property_id: "aefc4c51-4dcf-4e5d-8caf-dbe6ac3f5e6f",
             room_id: "3b9ee5aa-1b1e-41a6-914b-dcc9ae0cfd16",
             start_date: new Date("2025-10-17T17:00:00.000Z"),
             end_date: new Date("2025-10-17T17:00:00.000Z"),
             price_change_type: undefined,
             price_change_value: NaN
           },
           {
             property_id: "aefc4c51-4dcf-4e5d-8caf-dbe6ac3f5e6f",
             room_id: "3b9ee5aa-1b1e-41a6-914b-dcc9ae0cfd16",
             start_date: new Date("2025-10-18T17:00:00.000Z"),
             end_date: new Date("2025-10-18T17:00:00.000Z"),
             price_change_type: undefined,
             price_change_value: NaN
           },
           {
             property_id: "aefc4c51-4dcf-4e5d-8caf-dbe6ac3f5e6f",
             room_id: "3b9ee5aa-1b1e-41a6-914b-dcc9ae0cfd16",
             start_date: new Date("2025-10-24T17:00:00.000Z"),
             end_date: new Date("2025-10-24T17:00:00.000Z"),
             price_change_type: undefined,
             price_change_value: NaN
           },
           {
             property_id: "aefc4c51-4dcf-4e5d-8caf-dbe6ac3f5e6f",
             room_id: "3b9ee5aa-1b1e-41a6-914b-dcc9ae0cfd16",
             start_date: new Date("2025-10-25T17:00:00.000Z"),
             end_date: new Date("2025-10-25T17:00:00.000Z"),
             price_change_type: undefined,
             price_change_value: NaN
           },
           {
             property_id: "aefc4c51-4dcf-4e5d-8caf-dbe6ac3f5e6f",
             room_id: "3b9ee5aa-1b1e-41a6-914b-dcc9ae0cfd16",
             start_date: new Date("2025-10-31T17:00:00.000Z"),
             end_date: new Date("2025-10-31T17:00:00.000Z"),
             price_change_type: undefined,
             price_change_value: NaN
           },
           {
             property_id: "aefc4c51-4dcf-4e5d-8caf-dbe6ac3f5e6f",
             room_id: "3b9ee5aa-1b1e-41a6-914b-dcc9ae0cfd16",
             start_date: new Date("2025-11-01T17:00:00.000Z"),
             end_date: new Date("2025-11-01T17:00:00.000Z"),
             price_change_type: undefined,
             price_change_value: NaN
           },
           {
             property_id: "aefc4c51-4dcf-4e5d-8caf-dbe6ac3f5e6f",
             room_id: "3b9ee5aa-1b1e-41a6-914b-dcc9ae0cfd16",
             start_date: new Date("2025-11-07T17:00:00.000Z"),
             end_date: new Date("2025-11-07T17:00:00.000Z"),
             price_change_type: undefined,
             price_change_value: NaN
           },
           {
             property_id: "aefc4c51-4dcf-4e5d-8caf-dbe6ac3f5e6f",
             room_id: "3b9ee5aa-1b1e-41a6-914b-dcc9ae0cfd16",
             start_date: new Date("2025-11-08T17:00:00.000Z"),
             end_date: new Date("2025-11-08T17:00:00.000Z"),
             price_change_type: undefined,
             price_change_value: NaN
           },
           {
             property_id: "aefc4c51-4dcf-4e5d-8caf-dbe6ac3f5e6f",
             room_id: "3b9ee5aa-1b1e-41a6-914b-dcc9ae0cfd16",
             start_date: new Date("2025-11-14T17:00:00.000Z"),
             end_date: new Date("2025-11-14T17:00:00.000Z"),
             price_change_type: undefined,
             price_change_value: NaN
           },
           {
             property_id: "aefc4c51-4dcf-4e5d-8caf-dbe6ac3f5e6f",
             room_id: "3b9ee5aa-1b1e-41a6-914b-dcc9ae0cfd16",
             start_date: new Date("2025-11-15T17:00:00.000Z"),
             end_date: new Date("2025-11-15T17:00:00.000Z"),
             price_change_type: undefined,
             price_change_value: NaN
           },
           {
             property_id: "aefc4c51-4dcf-4e5d-8caf-dbe6ac3f5e6f",
             room_id: "3b9ee5aa-1b1e-41a6-914b-dcc9ae0cfd16",
             start_date: new Date("2025-11-21T17:00:00.000Z"),
             end_date: new Date("2025-11-21T17:00:00.000Z"),
             price_change_type: undefined,
             price_change_value: NaN
           },
           {
             property_id: "aefc4c51-4dcf-4e5d-8caf-dbe6ac3f5e6f",
             room_id: "3b9ee5aa-1b1e-41a6-914b-dcc9ae0cfd16",
             start_date: new Date("2025-11-22T17:00:00.000Z"),
             end_date: new Date("2025-11-22T17:00:00.000Z"),
             price_change_type: undefined,
             price_change_value: NaN
           },
           {
             property_id: "aefc4c51-4dcf-4e5d-8caf-dbe6ac3f5e6f",
             room_id: "3b9ee5aa-1b1e-41a6-914b-dcc9ae0cfd16",
             start_date: new Date("2025-11-28T17:00:00.000Z"),
             end_date: new Date("2025-11-28T17:00:00.000Z"),
             price_change_type: undefined,
             price_change_value: NaN
           },
           {
             property_id: "aefc4c51-4dcf-4e5d-8caf-dbe6ac3f5e6f",
             room_id: "3b9ee5aa-1b1e-41a6-914b-dcc9ae0cfd16",
             start_date: new Date("2025-11-29T17:00:00.000Z"),
             end_date: new Date("2025-11-29T17:00:00.000Z"),
             price_change_type: undefined,
             price_change_value: NaN
           },
           {
             property_id: "aefc4c51-4dcf-4e5d-8caf-dbe6ac3f5e6f",
             room_id: "3b9ee5aa-1b1e-41a6-914b-dcc9ae0cfd16",
             start_date: new Date("2025-12-05T17:00:00.000Z"),
             end_date: new Date("2025-12-05T17:00:00.000Z"),
             price_change_type: undefined,
             price_change_value: NaN
           },
           {
             property_id: "aefc4c51-4dcf-4e5d-8caf-dbe6ac3f5e6f",
             room_id: "3b9ee5aa-1b1e-41a6-914b-dcc9ae0cfd16",
             start_date: new Date("2025-12-06T17:00:00.000Z"),
             end_date: new Date("2025-12-06T17:00:00.000Z"),
             price_change_type: undefined,
             price_change_value: NaN
           },
           {
             property_id: "aefc4c51-4dcf-4e5d-8caf-dbe6ac3f5e6f",
             room_id: "3b9ee5aa-1b1e-41a6-914b-dcc9ae0cfd16",
             start_date: new Date("2025-12-12T17:00:00.000Z"),
             end_date: new Date("2025-12-12T17:00:00.000Z"),
             price_change_type: undefined,
             price_change_value: NaN
           },
           {
             property_id: "aefc4c51-4dcf-4e5d-8caf-dbe6ac3f5e6f",
             room_id: "3b9ee5aa-1b1e-41a6-914b-dcc9ae0cfd16",
             start_date: new Date("2025-12-13T17:00:00.000Z"),
             end_date: new Date("2025-12-13T17:00:00.000Z"),
             price_change_type: undefined,
             price_change_value: NaN
           },
           {
             property_id: "aefc4c51-4dcf-4e5d-8caf-dbe6ac3f5e6f",
             room_id: "3b9ee5aa-1b1e-41a6-914b-dcc9ae0cfd16",
             start_date: new Date("2025-12-19T17:00:00.000Z"),
             end_date: new Date("2025-12-19T17:00:00.000Z"),
             price_change_type: undefined,
             price_change_value: NaN
           },
           {
             property_id: "aefc4c51-4dcf-4e5d-8caf-dbe6ac3f5e6f",
             room_id: "3b9ee5aa-1b1e-41a6-914b-dcc9ae0cfd16",
             start_date: new Date("2025-12-20T17:00:00.000Z"),
             end_date: new Date("2025-12-20T17:00:00.000Z"),
             price_change_type: undefined,
             price_change_value: NaN
           },
           {
             property_id: "aefc4c51-4dcf-4e5d-8caf-dbe6ac3f5e6f",
             room_id: "3b9ee5aa-1b1e-41a6-914b-dcc9ae0cfd16",
             start_date: new Date("2025-12-26T17:00:00.000Z"),
             end_date: new Date("2025-12-26T17:00:00.000Z"),
             price_change_type: undefined,
             price_change_value: NaN
           },
           {
             property_id: "aefc4c51-4dcf-4e5d-8caf-dbe6ac3f5e6f",
             room_id: "3b9ee5aa-1b1e-41a6-914b-dcc9ae0cfd16",
             start_date: new Date("2025-12-27T17:00:00.000Z"),
             end_date: new Date("2025-12-27T17:00:00.000Z"),
             price_change_type: undefined,
             price_change_value: NaN
           },
           {
             property_id: "aefc4c51-4dcf-4e5d-8caf-dbe6ac3f5e6f",
             room_id: "3b9ee5aa-1b1e-41a6-914b-dcc9ae0cfd16",
             start_date: new Date("2026-01-02T17:00:00.000Z"),
             end_date: new Date("2026-01-02T17:00:00.000Z"),
             price_change_type: undefined,
             price_change_value: NaN
           },
           {
             property_id: "aefc4c51-4dcf-4e5d-8caf-dbe6ac3f5e6f",
             room_id: "3b9ee5aa-1b1e-41a6-914b-dcc9ae0cfd16",
             start_date: new Date("2026-01-03T17:00:00.000Z"),
             end_date: new Date("2026-01-03T17:00:00.000Z"),
             price_change_type: undefined,
             price_change_value: NaN
           },
           {
             property_id: "aefc4c51-4dcf-4e5d-8caf-dbe6ac3f5e6f",
             room_id: "3b9ee5aa-1b1e-41a6-914b-dcc9ae0cfd16",
             start_date: new Date("2026-01-09T17:00:00.000Z"),
             end_date: new Date("2026-01-09T17:00:00.000Z"),
             price_change_type: undefined,
             price_change_value: NaN
           },
           {
             property_id: "aefc4c51-4dcf-4e5d-8caf-dbe6ac3f5e6f",
             room_id: "3b9ee5aa-1b1e-41a6-914b-dcc9ae0cfd16",
             start_date: new Date("2026-01-10T17:00:00.000Z"),
             end_date: new Date("2026-01-10T17:00:00.000Z"),
             price_change_type: undefined,
             price_change_value: NaN
           },
           {
             property_id: "aefc4c51-4dcf-4e5d-8caf-dbe6ac3f5e6f",
             room_id: "3b9ee5aa-1b1e-41a6-914b-dcc9ae0cfd16",
             start_date: new Date("2026-01-16T17:00:00.000Z"),
             end_date: new Date("2026-01-16T17:00:00.000Z"),
             price_change_type: undefined,
             price_change_value: NaN
           },
           {
             property_id: "aefc4c51-4dcf-4e5d-8caf-dbe6ac3f5e6f",
             room_id: "3b9ee5aa-1b1e-41a6-914b-dcc9ae0cfd16",
             start_date: new Date("2026-01-17T17:00:00.000Z"),
             end_date: new Date("2026-01-17T17:00:00.000Z"),
             price_change_type: undefined,
             price_change_value: NaN
           },
           {
             property_id: "aefc4c51-4dcf-4e5d-8caf-dbe6ac3f5e6f",
             room_id: "3b9ee5aa-1b1e-41a6-914b-dcc9ae0cfd16",
             start_date: new Date("2026-01-23T17:00:00.000Z"),
             end_date: new Date("2026-01-23T17:00:00.000Z"),
             price_change_type: undefined,
             price_change_value: NaN
           },
           {
             property_id: "aefc4c51-4dcf-4e5d-8caf-dbe6ac3f5e6f",
             room_id: "3b9ee5aa-1b1e-41a6-914b-dcc9ae0cfd16",
             start_date: new Date("2026-01-24T17:00:00.000Z"),
             end_date: new Date("2026-01-24T17:00:00.000Z"),
             price_change_type: undefined,
             price_change_value: NaN
           },
           {
             property_id: "aefc4c51-4dcf-4e5d-8caf-dbe6ac3f5e6f",
             room_id: "3b9ee5aa-1b1e-41a6-914b-dcc9ae0cfd16",
             start_date: new Date("2026-01-30T17:00:00.000Z"),
             end_date: new Date("2026-01-30T17:00:00.000Z"),
             price_change_type: undefined,
             price_change_value: NaN
           },
           {
             property_id: "aefc4c51-4dcf-4e5d-8caf-dbe6ac3f5e6f",
             room_id: "3b9ee5aa-1b1e-41a6-914b-dcc9ae0cfd16",
             start_date: new Date("2026-01-31T17:00:00.000Z"),
             end_date: new Date("2026-01-31T17:00:00.000Z"),
             price_change_type: undefined,
             price_change_value: NaN
           },
           {
             property_id: "aefc4c51-4dcf-4e5d-8caf-dbe6ac3f5e6f",
             room_id: "3b9ee5aa-1b1e-41a6-914b-dcc9ae0cfd16",
             start_date: new Date("2026-02-06T17:00:00.000Z"),
             end_date: new Date("2026-02-06T17:00:00.000Z"),
             price_change_type: undefined,
             price_change_value: NaN
           },
           {
             property_id: "aefc4c51-4dcf-4e5d-8caf-dbe6ac3f5e6f",
             room_id: "3b9ee5aa-1b1e-41a6-914b-dcc9ae0cfd16",
             start_date: new Date("2026-02-07T17:00:00.000Z"),
             end_date: new Date("2026-02-07T17:00:00.000Z"),
             price_change_type: undefined,
             price_change_value: NaN
           },
           {
             property_id: "aefc4c51-4dcf-4e5d-8caf-dbe6ac3f5e6f",
             room_id: "3b9ee5aa-1b1e-41a6-914b-dcc9ae0cfd16",
             start_date: new Date("2026-02-13T17:00:00.000Z"),
             end_date: new Date("2026-02-13T17:00:00.000Z"),
             price_change_type: undefined,
             price_change_value: NaN
           },
           {
             property_id: "aefc4c51-4dcf-4e5d-8caf-dbe6ac3f5e6f",
             room_id: "3b9ee5aa-1b1e-41a6-914b-dcc9ae0cfd16",
             start_date: new Date("2026-02-14T17:00:00.000Z"),
             end_date: new Date("2026-02-14T17:00:00.000Z"),
             price_change_type: undefined,
             price_change_value: NaN
           },
           {
             property_id: "aefc4c51-4dcf-4e5d-8caf-dbe6ac3f5e6f",
             room_id: "3b9ee5aa-1b1e-41a6-914b-dcc9ae0cfd16",
             start_date: new Date("2026-02-20T17:00:00.000Z"),
             end_date: new Date("2026-02-20T17:00:00.000Z"),
             price_change_type: undefined,
             price_change_value: NaN
           },
           {
             property_id: "aefc4c51-4dcf-4e5d-8caf-dbe6ac3f5e6f",
             room_id: "3b9ee5aa-1b1e-41a6-914b-dcc9ae0cfd16",
             start_date: new Date("2026-02-21T17:00:00.000Z"),
             end_date: new Date("2026-02-21T17:00:00.000Z"),
             price_change_type: undefined,
             price_change_value: NaN
           },
           {
             property_id: "aefc4c51-4dcf-4e5d-8caf-dbe6ac3f5e6f",
             room_id: "3b9ee5aa-1b1e-41a6-914b-dcc9ae0cfd16",
             start_date: new Date("2026-02-27T17:00:00.000Z"),
             end_date: new Date("2026-02-27T17:00:00.000Z"),
             price_change_type: undefined,
             price_change_value: NaN
           },
           {
             property_id: "aefc4c51-4dcf-4e5d-8caf-dbe6ac3f5e6f",
             room_id: "3b9ee5aa-1b1e-41a6-914b-dcc9ae0cfd16",
             start_date: new Date("2026-02-28T17:00:00.000Z"),
             end_date: new Date("2026-02-28T17:00:00.000Z"),
             price_change_type: undefined,
             price_change_value: NaN
           },
           {
             property_id: "aefc4c51-4dcf-4e5d-8caf-dbe6ac3f5e6f",
             room_id: "3b9ee5aa-1b1e-41a6-914b-dcc9ae0cfd16",
             start_date: new Date("2026-03-06T17:00:00.000Z"),
             end_date: new Date("2026-03-06T17:00:00.000Z"),
             price_change_type: undefined,
             price_change_value: NaN
           },
           {
             property_id: "aefc4c51-4dcf-4e5d-8caf-dbe6ac3f5e6f",
             room_id: "3b9ee5aa-1b1e-41a6-914b-dcc9ae0cfd16",
             start_date: new Date("2026-03-07T17:00:00.000Z"),
             end_date: new Date("2026-03-07T17:00:00.000Z"),
             price_change_type: undefined,
             price_change_value: NaN
           },
           {
             property_id: "aefc4c51-4dcf-4e5d-8caf-dbe6ac3f5e6f",
             room_id: "3b9ee5aa-1b1e-41a6-914b-dcc9ae0cfd16",
             start_date: new Date("2026-03-13T17:00:00.000Z"),
             end_date: new Date("2026-03-13T17:00:00.000Z"),
             price_change_type: undefined,
             price_change_value: NaN
           },
           {
             property_id: "aefc4c51-4dcf-4e5d-8caf-dbe6ac3f5e6f",
             room_id: "3b9ee5aa-1b1e-41a6-914b-dcc9ae0cfd16",
             start_date: new Date("2026-03-14T17:00:00.000Z"),
             end_date: new Date("2026-03-14T17:00:00.000Z"),
             price_change_type: undefined,
             price_change_value: NaN
           }
         ],
         skipDuplicates: true
       })

Argument `price_change_type` is missing. | MESSAGE: {"name":"PrismaClientValidationError","clientVersion":"6.13.0"}
2025-09-17 14:32:23 [ERROR]: GET /reservations/b75bab76-3424-4cd9-a121-e2c29c21bd8a | STATUS: Unauthorized access, only user can access this route | MESSAGE: {"statusCode":403,"success":false,"message":"Unauthorized access, only user can access this route"}
2025-09-17 14:37:26 [ERROR]: PATCH /room/delete/61b3ffd5-40ac-434d-9f81-33f00636fd5a | STATUS: Room not found | MESSAGE: {"statusCode":404,"success":false,"message":"Room not found"}
2025-09-17 14:37:37 [ERROR]: PATCH /room/delete/61b3ffd5-40ac-434d-9f81-33f00636fd5a | STATUS: Room not found | MESSAGE: {"statusCode":404,"success":false,"message":"Room not found"}
2025-09-17 14:38:59 [ERROR]: PATCH /room/delete/61b3ffd5-40ac-434d-9f81-33f00636fd5a | STATUS: Room not found | MESSAGE: {"statusCode":404,"success":false,"message":"Room not found"}
2025-09-17 14:40:56 [ERROR]: PATCH /room/delete/633e3a45-b2c8-4bce-b993-1cc439c0b4f8 | STATUS: Room not found | MESSAGE: {"statusCode":404,"success":false,"message":"Room not found"}
2025-09-17 14:42:10 [ERROR]: PATCH /room/delete/b5f54dcd-a9bc-43b3-ba33-1e8bcf47cbd7 | STATUS: Room not found | MESSAGE: {"statusCode":404,"success":false,"message":"Room not found"}
2025-09-17 14:42:23 [ERROR]: GET /user/me | STATUS: Unauthorized | MESSAGE: {"statusCode":401,"success":false,"message":"Unauthorized"}
2025-09-17 14:44:14 [ERROR]: GET /reservations/b75bab76-3424-4cd9-a121-e2c29c21bd8a | STATUS: Unauthorized | MESSAGE: {"statusCode":401,"success":false,"message":"Unauthorized"}
2025-09-17 14:46:04 [ERROR]: PATCH /room/delete/633e3a45-b2c8-4bce-b993-1cc439c0b4f8 | STATUS: Room not found | MESSAGE: {"statusCode":404,"success":false,"message":"Room not found"}
2025-09-17 14:53:18 [ERROR]: PATCH /room/delete/b5f54dcd-a9bc-43b3-ba33-1e8bcf47cbd7 | STATUS: Room not found | MESSAGE: {"statusCode":404,"success":false,"message":"Room not found"}
2025-09-17 14:56:02 [ERROR]: GET /reservations/b75bab76-3424-4cd9-a121-e2c29c21bd8a | STATUS: Unauthorized access, only user can access this route | MESSAGE: {"statusCode":403,"success":false,"message":"Unauthorized access, only user can access this route"}
2025-09-17 14:56:03 [ERROR]: GET /reservations/b75bab76-3424-4cd9-a121-e2c29c21bd8a | STATUS: Unauthorized access, only user can access this route | MESSAGE: {"statusCode":403,"success":false,"message":"Unauthorized access, only user can access this route"}
2025-09-17 14:56:18 [ERROR]: PATCH /room/delete/633e3a45-b2c8-4bce-b993-1cc439c0b4f8 | STATUS: Room not found | MESSAGE: {"statusCode":404,"success":false,"message":"Room not found"}
2025-09-17 15:29:50 [ERROR]: PATCH /room/delete/cea68ce3-c526-4bbe-8156-7ab03fcc51b9 | STATUS: Room not found | MESSAGE: {"statusCode":404,"success":false,"message":"Room not found"}
2025-09-17 15:30:01 [ERROR]: PATCH /room/delete/473389d1-a23c-4685-b6b9-a420a9987a27 | STATUS: Room not found | MESSAGE: {"statusCode":404,"success":false,"message":"Room not found"}
2025-09-17 15:30:17 [ERROR]: PATCH /room/delete/3b9ee5aa-1b1e-41a6-914b-dcc9ae0cfd16 | STATUS: Room not found | MESSAGE: {"statusCode":404,"success":false,"message":"Room not found"}
2025-09-17 15:42:20 [ERROR]: GET /user/me | STATUS: Unauthorized | MESSAGE: {"statusCode":401,"success":false,"message":"Unauthorized"}
2025-09-17 15:45:11 [ERROR]: GET /user/me | STATUS: Unauthorized | MESSAGE: {"statusCode":401,"success":false,"message":"Unauthorized"}
2025-09-17 16:09:06 [ERROR]: GET /reservations/1e75fbc3-3e2e-482f-9af1-0ba909077dbf | STATUS: Unauthorized access, only user can access this route | MESSAGE: {"statusCode":403,"success":false,"message":"Unauthorized access, only user can access this route"}
2025-09-17 16:09:07 [ERROR]: GET /reservations/1e75fbc3-3e2e-482f-9af1-0ba909077dbf | STATUS: Unauthorized access, only user can access this route | MESSAGE: {"statusCode":403,"success":false,"message":"Unauthorized access, only user can access this route"}
2025-09-17 16:13:49 [ERROR]: PATCH /payment/accept/1e75fbc3-3e2e-482f-9af1-0ba909077dbf | STATUS: Invalid time value | MESSAGE: {}
2025-09-17 16:27:51 [ERROR]: GET /reservations/1e75fbc3-3e2e-482f-9af1-0ba909077dbf | STATUS: Unauthorized access, only user can access this route | MESSAGE: {"statusCode":403,"success":false,"message":"Unauthorized access, only user can access this route"}
2025-09-17 17:30:23 [ERROR]: GET /reservations/1e75fbc3-3e2e-482f-9af1-0ba909077dbf | STATUS: Unauthorized access, only user can access this route | MESSAGE: {"statusCode":403,"success":false,"message":"Unauthorized access, only user can access this route"}
2025-09-17 17:33:36 [ERROR]: GET /reservations/1e75fbc3-3e2e-482f-9af1-0ba909077dbf | STATUS: Unauthorized access, only user can access this route | MESSAGE: {"statusCode":403,"success":false,"message":"Unauthorized access, only user can access this route"}
2025-09-17 17:33:37 [ERROR]: GET /reservations/1e75fbc3-3e2e-482f-9af1-0ba909077dbf | STATUS: Unauthorized access, only user can access this route | MESSAGE: {"statusCode":403,"success":false,"message":"Unauthorized access, only user can access this route"}
2025-09-18 04:07:49 [ERROR]: GET /reservations/1e75fbc3-3e2e-482f-9af1-0ba909077dbf | STATUS: Unauthorized access, only user can access this route | MESSAGE: {"statusCode":403,"success":false,"message":"Unauthorized access, only user can access this route"}
2025-09-18 04:07:53 [ERROR]: GET /reservations/1e75fbc3-3e2e-482f-9af1-0ba909077dbf | STATUS: Unauthorized access, only user can access this route | MESSAGE: {"statusCode":403,"success":false,"message":"Unauthorized access, only user can access this route"}
2025-09-18 04:08:13 [ERROR]: GET /reservations/1e75fbc3-3e2e-482f-9af1-0ba909077dbf | STATUS: Unauthorized access, only user can access this route | MESSAGE: {"statusCode":403,"success":false,"message":"Unauthorized access, only user can access this route"}
2025-09-18 04:08:14 [ERROR]: GET /reservations/1e75fbc3-3e2e-482f-9af1-0ba909077dbf | STATUS: Unauthorized access, only user can access this route | MESSAGE: {"statusCode":403,"success":false,"message":"Unauthorized access, only user can access this route"}
2025-09-18 04:12:10 [ERROR]: POST /reservations/create | STATUS: Unauthorized access, only user can access this route | MESSAGE: {"statusCode":403,"success":false,"message":"Unauthorized access, only user can access this route"}
2025-09-18 04:12:29 [ERROR]: POST /reservations/create | STATUS: Unauthorized access, only user can access this route | MESSAGE: {"statusCode":403,"success":false,"message":"Unauthorized access, only user can access this route"}
2025-09-18 04:12:50 [ERROR]: GET /reservations/1e75fbc3-3e2e-482f-9af1-0ba909077dbf | STATUS: Unauthorized access, only user can access this route | MESSAGE: {"statusCode":403,"success":false,"message":"Unauthorized access, only user can access this route"}
2025-09-18 04:12:55 [ERROR]: GET /user/me | STATUS: Unauthorized | MESSAGE: {"statusCode":401,"success":false,"message":"Unauthorized"}
2025-09-18 04:37:33 [ERROR]: POST /midtrans/create-transaction/744db390-7012-4688-9007-4592f8d55281 | MESSAGE: Midtrans API is returning API error. HTTP status code: 400. API response: {"error_messages":["transaction_details.order_id sudah digunakan"]} | STACK: MidtransError: Midtrans API is returning API error. HTTP status code: 400. API response: {"error_messages":["transaction_details.order_id sudah digunakan"]}
    at /Users/Farizkey/Documents/Purwadhika - JCWDOL 020 /Property-Renting-Web-App/backend/node_modules/midtrans-client/lib/httpClient.js:85:13
    at processTicksAndRejections (node:internal/process/task_queues:95:5)
2025-09-18 05:07:32 [ERROR]: POST /midtrans/notification | MESSAGE: Unauthorized | STACK: undefined
2025-09-18 05:08:00 [ERROR]: POST /midtrans/notification | MESSAGE: Unauthorized | STACK: undefined
2025-09-18 08:38:44 [ERROR]: POST /auth/logout | MESSAGE: Unauthorized | STACK: undefined
2025-09-18 08:38:44 [ERROR]: POST /auth/logout | MESSAGE: Unauthorized | STACK: undefined
2025-09-18 08:38:54 [ERROR]: POST /auth/logout | MESSAGE: Unauthorized | STACK: undefined
2025-09-18 08:39:09 [ERROR]: GET /user/me | MESSAGE: Unauthorized | STACK: undefined
2025-09-18 08:43:14 [ERROR]: PATCH /payment/accept/e113f6a2-4e58-47fe-b1d1-9b4710e87c0d | MESSAGE: Invalid time value | STACK: RangeError: Invalid time value
    at Date.toISOString (<anonymous>)
    at Object.checkSendArgs (/Users/Farizkey/Documents/Purwadhika - JCWDOL 020 /Property-Renting-Web-App/backend/node_modules/pg-boss/src/attorney.js:87:18)
    at Manager.send (/Users/Farizkey/Documents/Purwadhika - JCWDOL 020 /Property-Renting-Web-App/backend/node_modules/pg-boss/src/manager.js:299:46)
    at PgBoss.<computed> [as send] (/Users/Farizkey/Documents/Purwadhika - JCWDOL 020 /Property-Renting-Web-App/backend/node_modules/pg-boss/src/index.js:105:43)
    at /Users/Farizkey/Documents/Purwadhika - JCWDOL 020 /Property-Renting-Web-App/backend/src/services/transaction/transaction.service.ts:110:14
    at Generator.next (<anonymous>)
    at fulfilled (/Users/Farizkey/Documents/Purwadhika - JCWDOL 020 /Property-Renting-Web-App/backend/src/services/transaction/transaction.service.ts:5:58)
2025-09-18 15:35:27 [ERROR]: GET /payment/orders/tenant | MESSAGE: 
Invalid `db.bookings.findMany()` invocation in
/Users/Farizkey/Documents/Purwadhika - JCWDOL 020 /Property-Renting-Web-App/backend/src/repositories/transaction/tenant-tx.repository.ts:207:39

  204   tx?: Prisma.TransactionClient
  205 ) => {
  206   const db = tx ?? prisma;
→ 207   const orderList = await db.bookings.findMany({
          where: {
            property: {
              tenant_id: "ce519591-964e-4add-9c74-deb7890c855a"
            },
            status: {
              in: [
                "confirmed"
              ]
            }
          },
          orderBy: {
            created_at: "asc"
          },
          include: {
            property: {
              include: {
                main_image: true,
                ~~~~~~~~~~
                name: true,
                city: true,
                room: {
                  select: {
                    name: true
                  }
                },
        ?       bookings?: true,
        ?       peak_season_rates?: true,
        ?       tenant?: true,
        ?       property_images?: true,
        ?       reviews?: true,
        ?       rooms?: true
              }
            },
            booking_rooms: {
              select: {
                guests_count: true,
                price_per_night: true
              }
            }
          }
        })

Invalid scalar field `main_image` for include statement on model properties. Available options are marked with ?.
Note that include statements only accept relation fields. | STACK: PrismaClientValidationError: 
Invalid `db.bookings.findMany()` invocation in
/Users/Farizkey/Documents/Purwadhika - JCWDOL 020 /Property-Renting-Web-App/backend/src/repositories/transaction/tenant-tx.repository.ts:207:39

  204   tx?: Prisma.TransactionClient
  205 ) => {
  206   const db = tx ?? prisma;
→ 207   const orderList = await db.bookings.findMany({
          where: {
            property: {
              tenant_id: "ce519591-964e-4add-9c74-deb7890c855a"
            },
            status: {
              in: [
                "confirmed"
              ]
            }
          },
          orderBy: {
            created_at: "asc"
          },
          include: {
            property: {
              include: {
                main_image: true,
                ~~~~~~~~~~
                name: true,
                city: true,
                room: {
                  select: {
                    name: true
                  }
                },
        ?       bookings?: true,
        ?       peak_season_rates?: true,
        ?       tenant?: true,
        ?       property_images?: true,
        ?       reviews?: true,
        ?       rooms?: true
              }
            },
            booking_rooms: {
              select: {
                guests_count: true,
                price_per_night: true
              }
            }
          }
        })

Invalid scalar field `main_image` for include statement on model properties. Available options are marked with ?.
Note that include statements only accept relation fields.
    at _n (/Users/Farizkey/Documents/Purwadhika - JCWDOL 020 /Property-Renting-Web-App/backend/prisma/generated/client/runtime/library.js:32:1363)
    at e.throwValidationError (/Users/Farizkey/Documents/Purwadhika - JCWDOL 020 /Property-Renting-Web-App/backend/prisma/generated/client/runtime/library.js:32:10051)
    at sm (/Users/Farizkey/Documents/Purwadhika - JCWDOL 020 /Property-Renting-Web-App/backend/prisma/generated/client/runtime/library.js:32:6514)
    at om (/Users/Farizkey/Documents/Purwadhika - JCWDOL 020 /Property-Renting-Web-App/backend/prisma/generated/client/runtime/library.js:32:6300)
    at im (/Users/Farizkey/Documents/Purwadhika - JCWDOL 020 /Property-Renting-Web-App/backend/prisma/generated/client/runtime/library.js:32:6186)
    at Et (/Users/Farizkey/Documents/Purwadhika - JCWDOL 020 /Property-Renting-Web-App/backend/prisma/generated/client/runtime/library.js:32:5863)
    at sm (/Users/Farizkey/Documents/Purwadhika - JCWDOL 020 /Property-Renting-Web-App/backend/prisma/generated/client/runtime/library.js:32:6654)
    at om (/Users/Farizkey/Documents/Purwadhika - JCWDOL 020 /Property-Renting-Web-App/backend/prisma/generated/client/runtime/library.js:32:6300)
    at im (/Users/Farizkey/Documents/Purwadhika - JCWDOL 020 /Property-Renting-Web-App/backend/prisma/generated/client/runtime/library.js:32:6186)
    at Et (/Users/Farizkey/Documents/Purwadhika - JCWDOL 020 /Property-Renting-Web-App/backend/prisma/generated/client/runtime/library.js:32:5863)
2025-09-18 15:41:01 [ERROR]: GET /payment/orders/tenant | MESSAGE: 
Invalid `db.bookings.findMany()` invocation in
/Users/Farizkey/Documents/Purwadhika - JCWDOL 020 /Property-Renting-Web-App/backend/src/repositories/transaction/tenant-tx.repository.ts:207:39

  204   tx?: Prisma.TransactionClient
  205 ) => {
  206   const db = tx ?? prisma;
→ 207   const orderList = await db.bookings.findMany({
          where: {
            property: {
              tenant_id: "ce519591-964e-4add-9c74-deb7890c855a"
            },
            status: {
              in: [
                "confirmed"
              ]
            }
          },
          orderBy: {
            created_at: "asc"
          },
          include: {
            property: {
              include: {
                main_image: true,
                ~~~~~~~~~~
                name: true,
                city: true,
                room: {
                  select: {
                    name: true
                  }
                },
        ?       bookings?: true,
        ?       peak_season_rates?: true,
        ?       tenant?: true,
        ?       property_images?: true,
        ?       reviews?: true,
        ?       rooms?: true
              }
            },
            booking_rooms: {
              select: {
                guests_count: true,
                price_per_night: true
              }
            }
          }
        })

Invalid scalar field `main_image` for include statement on model properties. Available options are marked with ?.
Note that include statements only accept relation fields. | STACK: PrismaClientValidationError: 
Invalid `db.bookings.findMany()` invocation in
/Users/Farizkey/Documents/Purwadhika - JCWDOL 020 /Property-Renting-Web-App/backend/src/repositories/transaction/tenant-tx.repository.ts:207:39

  204   tx?: Prisma.TransactionClient
  205 ) => {
  206   const db = tx ?? prisma;
→ 207   const orderList = await db.bookings.findMany({
          where: {
            property: {
              tenant_id: "ce519591-964e-4add-9c74-deb7890c855a"
            },
            status: {
              in: [
                "confirmed"
              ]
            }
          },
          orderBy: {
            created_at: "asc"
          },
          include: {
            property: {
              include: {
                main_image: true,
                ~~~~~~~~~~
                name: true,
                city: true,
                room: {
                  select: {
                    name: true
                  }
                },
        ?       bookings?: true,
        ?       peak_season_rates?: true,
        ?       tenant?: true,
        ?       property_images?: true,
        ?       reviews?: true,
        ?       rooms?: true
              }
            },
            booking_rooms: {
              select: {
                guests_count: true,
                price_per_night: true
              }
            }
          }
        })

Invalid scalar field `main_image` for include statement on model properties. Available options are marked with ?.
Note that include statements only accept relation fields.
    at _n (/Users/Farizkey/Documents/Purwadhika - JCWDOL 020 /Property-Renting-Web-App/backend/prisma/generated/client/runtime/library.js:32:1363)
    at e.throwValidationError (/Users/Farizkey/Documents/Purwadhika - JCWDOL 020 /Property-Renting-Web-App/backend/prisma/generated/client/runtime/library.js:32:10051)
    at sm (/Users/Farizkey/Documents/Purwadhika - JCWDOL 020 /Property-Renting-Web-App/backend/prisma/generated/client/runtime/library.js:32:6514)
    at om (/Users/Farizkey/Documents/Purwadhika - JCWDOL 020 /Property-Renting-Web-App/backend/prisma/generated/client/runtime/library.js:32:6300)
    at im (/Users/Farizkey/Documents/Purwadhika - JCWDOL 020 /Property-Renting-Web-App/backend/prisma/generated/client/runtime/library.js:32:6186)
    at Et (/Users/Farizkey/Documents/Purwadhika - JCWDOL 020 /Property-Renting-Web-App/backend/prisma/generated/client/runtime/library.js:32:5863)
    at sm (/Users/Farizkey/Documents/Purwadhika - JCWDOL 020 /Property-Renting-Web-App/backend/prisma/generated/client/runtime/library.js:32:6654)
    at om (/Users/Farizkey/Documents/Purwadhika - JCWDOL 020 /Property-Renting-Web-App/backend/prisma/generated/client/runtime/library.js:32:6300)
    at im (/Users/Farizkey/Documents/Purwadhika - JCWDOL 020 /Property-Renting-Web-App/backend/prisma/generated/client/runtime/library.js:32:6186)
    at Et (/Users/Farizkey/Documents/Purwadhika - JCWDOL 020 /Property-Renting-Web-App/backend/prisma/generated/client/runtime/library.js:32:5863)
2025-09-18 15:41:04 [ERROR]: GET /payment/orders/tenant | MESSAGE: 
Invalid `db.bookings.findMany()` invocation in
/Users/Farizkey/Documents/Purwadhika - JCWDOL 020 /Property-Renting-Web-App/backend/src/repositories/transaction/tenant-tx.repository.ts:207:39

  204   tx?: Prisma.TransactionClient
  205 ) => {
  206   const db = tx ?? prisma;
→ 207   const orderList = await db.bookings.findMany({
          where: {
            property: {
              tenant_id: "ce519591-964e-4add-9c74-deb7890c855a"
            },
            status: {
              in: [
                "confirmed"
              ]
            }
          },
          orderBy: {
            created_at: "asc"
          },
          include: {
            property: {
              include: {
                main_image: true,
                ~~~~~~~~~~
                name: true,
                city: true,
                room: {
                  select: {
                    name: true
                  }
                },
        ?       bookings?: true,
        ?       peak_season_rates?: true,
        ?       tenant?: true,
        ?       property_images?: true,
        ?       reviews?: true,
        ?       rooms?: true
              }
            },
            booking_rooms: {
              select: {
                guests_count: true,
                price_per_night: true
              }
            }
          }
        })

Invalid scalar field `main_image` for include statement on model properties. Available options are marked with ?.
Note that include statements only accept relation fields. | STACK: PrismaClientValidationError: 
Invalid `db.bookings.findMany()` invocation in
/Users/Farizkey/Documents/Purwadhika - JCWDOL 020 /Property-Renting-Web-App/backend/src/repositories/transaction/tenant-tx.repository.ts:207:39

  204   tx?: Prisma.TransactionClient
  205 ) => {
  206   const db = tx ?? prisma;
→ 207   const orderList = await db.bookings.findMany({
          where: {
            property: {
              tenant_id: "ce519591-964e-4add-9c74-deb7890c855a"
            },
            status: {
              in: [
                "confirmed"
              ]
            }
          },
          orderBy: {
            created_at: "asc"
          },
          include: {
            property: {
              include: {
                main_image: true,
                ~~~~~~~~~~
                name: true,
                city: true,
                room: {
                  select: {
                    name: true
                  }
                },
        ?       bookings?: true,
        ?       peak_season_rates?: true,
        ?       tenant?: true,
        ?       property_images?: true,
        ?       reviews?: true,
        ?       rooms?: true
              }
            },
            booking_rooms: {
              select: {
                guests_count: true,
                price_per_night: true
              }
            }
          }
        })

Invalid scalar field `main_image` for include statement on model properties. Available options are marked with ?.
Note that include statements only accept relation fields.
    at _n (/Users/Farizkey/Documents/Purwadhika - JCWDOL 020 /Property-Renting-Web-App/backend/prisma/generated/client/runtime/library.js:32:1363)
    at e.throwValidationError (/Users/Farizkey/Documents/Purwadhika - JCWDOL 020 /Property-Renting-Web-App/backend/prisma/generated/client/runtime/library.js:32:10051)
    at sm (/Users/Farizkey/Documents/Purwadhika - JCWDOL 020 /Property-Renting-Web-App/backend/prisma/generated/client/runtime/library.js:32:6514)
    at om (/Users/Farizkey/Documents/Purwadhika - JCWDOL 020 /Property-Renting-Web-App/backend/prisma/generated/client/runtime/library.js:32:6300)
    at im (/Users/Farizkey/Documents/Purwadhika - JCWDOL 020 /Property-Renting-Web-App/backend/prisma/generated/client/runtime/library.js:32:6186)
    at Et (/Users/Farizkey/Documents/Purwadhika - JCWDOL 020 /Property-Renting-Web-App/backend/prisma/generated/client/runtime/library.js:32:5863)
    at sm (/Users/Farizkey/Documents/Purwadhika - JCWDOL 020 /Property-Renting-Web-App/backend/prisma/generated/client/runtime/library.js:32:6654)
    at om (/Users/Farizkey/Documents/Purwadhika - JCWDOL 020 /Property-Renting-Web-App/backend/prisma/generated/client/runtime/library.js:32:6300)
    at im (/Users/Farizkey/Documents/Purwadhika - JCWDOL 020 /Property-Renting-Web-App/backend/prisma/generated/client/runtime/library.js:32:6186)
    at Et (/Users/Farizkey/Documents/Purwadhika - JCWDOL 020 /Property-Renting-Web-App/backend/prisma/generated/client/runtime/library.js:32:5863)
2025-09-18 15:41:10 [ERROR]: GET /payment/orders/tenant | MESSAGE: 
Invalid `db.bookings.findMany()` invocation in
/Users/Farizkey/Documents/Purwadhika - JCWDOL 020 /Property-Renting-Web-App/backend/src/repositories/transaction/tenant-tx.repository.ts:207:39

  204   tx?: Prisma.TransactionClient
  205 ) => {
  206   const db = tx ?? prisma;
→ 207   const orderList = await db.bookings.findMany({
          where: {
            property: {
              tenant_id: "ce519591-964e-4add-9c74-deb7890c855a"
            },
            status: {
              in: [
                "confirmed"
              ]
            }
          },
          orderBy: {
            created_at: "asc"
          },
          include: {
            property: {
              include: {
                main_image: true,
                ~~~~~~~~~~
                name: true,
                city: true,
                room: {
                  select: {
                    name: true
                  }
                },
        ?       bookings?: true,
        ?       peak_season_rates?: true,
        ?       tenant?: true,
        ?       property_images?: true,
        ?       reviews?: true,
        ?       rooms?: true
              }
            },
            booking_rooms: {
              select: {
                guests_count: true,
                price_per_night: true
              }
            }
          }
        })

Invalid scalar field `main_image` for include statement on model properties. Available options are marked with ?.
Note that include statements only accept relation fields. | STACK: PrismaClientValidationError: 
Invalid `db.bookings.findMany()` invocation in
/Users/Farizkey/Documents/Purwadhika - JCWDOL 020 /Property-Renting-Web-App/backend/src/repositories/transaction/tenant-tx.repository.ts:207:39

  204   tx?: Prisma.TransactionClient
  205 ) => {
  206   const db = tx ?? prisma;
→ 207   const orderList = await db.bookings.findMany({
          where: {
            property: {
              tenant_id: "ce519591-964e-4add-9c74-deb7890c855a"
            },
            status: {
              in: [
                "confirmed"
              ]
            }
          },
          orderBy: {
            created_at: "asc"
          },
          include: {
            property: {
              include: {
                main_image: true,
                ~~~~~~~~~~
                name: true,
                city: true,
                room: {
                  select: {
                    name: true
                  }
                },
        ?       bookings?: true,
        ?       peak_season_rates?: true,
        ?       tenant?: true,
        ?       property_images?: true,
        ?       reviews?: true,
        ?       rooms?: true
              }
            },
            booking_rooms: {
              select: {
                guests_count: true,
                price_per_night: true
              }
            }
          }
        })

Invalid scalar field `main_image` for include statement on model properties. Available options are marked with ?.
Note that include statements only accept relation fields.
    at _n (/Users/Farizkey/Documents/Purwadhika - JCWDOL 020 /Property-Renting-Web-App/backend/prisma/generated/client/runtime/library.js:32:1363)
    at e.throwValidationError (/Users/Farizkey/Documents/Purwadhika - JCWDOL 020 /Property-Renting-Web-App/backend/prisma/generated/client/runtime/library.js:32:10051)
    at sm (/Users/Farizkey/Documents/Purwadhika - JCWDOL 020 /Property-Renting-Web-App/backend/prisma/generated/client/runtime/library.js:32:6514)
    at om (/Users/Farizkey/Documents/Purwadhika - JCWDOL 020 /Property-Renting-Web-App/backend/prisma/generated/client/runtime/library.js:32:6300)
    at im (/Users/Farizkey/Documents/Purwadhika - JCWDOL 020 /Property-Renting-Web-App/backend/prisma/generated/client/runtime/library.js:32:6186)
    at Et (/Users/Farizkey/Documents/Purwadhika - JCWDOL 020 /Property-Renting-Web-App/backend/prisma/generated/client/runtime/library.js:32:5863)
    at sm (/Users/Farizkey/Documents/Purwadhika - JCWDOL 020 /Property-Renting-Web-App/backend/prisma/generated/client/runtime/library.js:32:6654)
    at om (/Users/Farizkey/Documents/Purwadhika - JCWDOL 020 /Property-Renting-Web-App/backend/prisma/generated/client/runtime/library.js:32:6300)
    at im (/Users/Farizkey/Documents/Purwadhika - JCWDOL 020 /Property-Renting-Web-App/backend/prisma/generated/client/runtime/library.js:32:6186)
    at Et (/Users/Farizkey/Documents/Purwadhika - JCWDOL 020 /Property-Renting-Web-App/backend/prisma/generated/client/runtime/library.js:32:5863)
2025-09-18 15:41:21 [ERROR]: GET /payment/orders/tenant | MESSAGE: 
Invalid `db.bookings.findMany()` invocation in
/Users/Farizkey/Documents/Purwadhika - JCWDOL 020 /Property-Renting-Web-App/backend/src/repositories/transaction/tenant-tx.repository.ts:207:39

  204   tx?: Prisma.TransactionClient
  205 ) => {
  206   const db = tx ?? prisma;
→ 207   const orderList = await db.bookings.findMany({
          where: {
            property: {
              tenant_id: "ce519591-964e-4add-9c74-deb7890c855a"
            },
            status: {
              in: [
                "confirmed"
              ]
            }
          },
          orderBy: {
            created_at: "asc"
          },
          include: {
            property: {
              include: {
                main_image: true,
                ~~~~~~~~~~
                name: true,
                city: true,
                room: {
                  select: {
                    name: true
                  }
                },
        ?       bookings?: true,
        ?       peak_season_rates?: true,
        ?       tenant?: true,
        ?       property_images?: true,
        ?       reviews?: true,
        ?       rooms?: true
              }
            },
            booking_rooms: {
              select: {
                guests_count: true,
                price_per_night: true
              }
            }
          }
        })

Invalid scalar field `main_image` for include statement on model properties. Available options are marked with ?.
Note that include statements only accept relation fields. | STACK: PrismaClientValidationError: 
Invalid `db.bookings.findMany()` invocation in
/Users/Farizkey/Documents/Purwadhika - JCWDOL 020 /Property-Renting-Web-App/backend/src/repositories/transaction/tenant-tx.repository.ts:207:39

  204   tx?: Prisma.TransactionClient
  205 ) => {
  206   const db = tx ?? prisma;
→ 207   const orderList = await db.bookings.findMany({
          where: {
            property: {
              tenant_id: "ce519591-964e-4add-9c74-deb7890c855a"
            },
            status: {
              in: [
                "confirmed"
              ]
            }
          },
          orderBy: {
            created_at: "asc"
          },
          include: {
            property: {
              include: {
                main_image: true,
                ~~~~~~~~~~
                name: true,
                city: true,
                room: {
                  select: {
                    name: true
                  }
                },
        ?       bookings?: true,
        ?       peak_season_rates?: true,
        ?       tenant?: true,
        ?       property_images?: true,
        ?       reviews?: true,
        ?       rooms?: true
              }
            },
            booking_rooms: {
              select: {
                guests_count: true,
                price_per_night: true
              }
            }
          }
        })

Invalid scalar field `main_image` for include statement on model properties. Available options are marked with ?.
Note that include statements only accept relation fields.
    at _n (/Users/Farizkey/Documents/Purwadhika - JCWDOL 020 /Property-Renting-Web-App/backend/prisma/generated/client/runtime/library.js:32:1363)
    at e.throwValidationError (/Users/Farizkey/Documents/Purwadhika - JCWDOL 020 /Property-Renting-Web-App/backend/prisma/generated/client/runtime/library.js:32:10051)
    at sm (/Users/Farizkey/Documents/Purwadhika - JCWDOL 020 /Property-Renting-Web-App/backend/prisma/generated/client/runtime/library.js:32:6514)
    at om (/Users/Farizkey/Documents/Purwadhika - JCWDOL 020 /Property-Renting-Web-App/backend/prisma/generated/client/runtime/library.js:32:6300)
    at im (/Users/Farizkey/Documents/Purwadhika - JCWDOL 020 /Property-Renting-Web-App/backend/prisma/generated/client/runtime/library.js:32:6186)
    at Et (/Users/Farizkey/Documents/Purwadhika - JCWDOL 020 /Property-Renting-Web-App/backend/prisma/generated/client/runtime/library.js:32:5863)
    at sm (/Users/Farizkey/Documents/Purwadhika - JCWDOL 020 /Property-Renting-Web-App/backend/prisma/generated/client/runtime/library.js:32:6654)
    at om (/Users/Farizkey/Documents/Purwadhika - JCWDOL 020 /Property-Renting-Web-App/backend/prisma/generated/client/runtime/library.js:32:6300)
    at im (/Users/Farizkey/Documents/Purwadhika - JCWDOL 020 /Property-Renting-Web-App/backend/prisma/generated/client/runtime/library.js:32:6186)
    at Et (/Users/Farizkey/Documents/Purwadhika - JCWDOL 020 /Property-Renting-Web-App/backend/prisma/generated/client/runtime/library.js:32:5863)
2025-09-18 15:41:23 [ERROR]: GET /payment/orders/tenant | MESSAGE: 
Invalid `db.bookings.findMany()` invocation in
/Users/Farizkey/Documents/Purwadhika - JCWDOL 020 /Property-Renting-Web-App/backend/src/repositories/transaction/tenant-tx.repository.ts:207:39

  204   tx?: Prisma.TransactionClient
  205 ) => {
  206   const db = tx ?? prisma;
→ 207   const orderList = await db.bookings.findMany({
          where: {
            property: {
              tenant_id: "ce519591-964e-4add-9c74-deb7890c855a"
            },
            status: {
              in: [
                "confirmed"
              ]
            }
          },
          orderBy: {
            created_at: "asc"
          },
          include: {
            property: {
              include: {
                main_image: true,
                ~~~~~~~~~~
                name: true,
                city: true,
                room: {
                  select: {
                    name: true
                  }
                },
        ?       bookings?: true,
        ?       peak_season_rates?: true,
        ?       tenant?: true,
        ?       property_images?: true,
        ?       reviews?: true,
        ?       rooms?: true
              }
            },
            booking_rooms: {
              select: {
                guests_count: true,
                price_per_night: true
              }
            }
          }
        })

Invalid scalar field `main_image` for include statement on model properties. Available options are marked with ?.
Note that include statements only accept relation fields. | STACK: PrismaClientValidationError: 
Invalid `db.bookings.findMany()` invocation in
/Users/Farizkey/Documents/Purwadhika - JCWDOL 020 /Property-Renting-Web-App/backend/src/repositories/transaction/tenant-tx.repository.ts:207:39

  204   tx?: Prisma.TransactionClient
  205 ) => {
  206   const db = tx ?? prisma;
→ 207   const orderList = await db.bookings.findMany({
          where: {
            property: {
              tenant_id: "ce519591-964e-4add-9c74-deb7890c855a"
            },
            status: {
              in: [
                "confirmed"
              ]
            }
          },
          orderBy: {
            created_at: "asc"
          },
          include: {
            property: {
              include: {
                main_image: true,
                ~~~~~~~~~~
                name: true,
                city: true,
                room: {
                  select: {
                    name: true
                  }
                },
        ?       bookings?: true,
        ?       peak_season_rates?: true,
        ?       tenant?: true,
        ?       property_images?: true,
        ?       reviews?: true,
        ?       rooms?: true
              }
            },
            booking_rooms: {
              select: {
                guests_count: true,
                price_per_night: true
              }
            }
          }
        })

Invalid scalar field `main_image` for include statement on model properties. Available options are marked with ?.
Note that include statements only accept relation fields.
    at _n (/Users/Farizkey/Documents/Purwadhika - JCWDOL 020 /Property-Renting-Web-App/backend/prisma/generated/client/runtime/library.js:32:1363)
    at e.throwValidationError (/Users/Farizkey/Documents/Purwadhika - JCWDOL 020 /Property-Renting-Web-App/backend/prisma/generated/client/runtime/library.js:32:10051)
    at sm (/Users/Farizkey/Documents/Purwadhika - JCWDOL 020 /Property-Renting-Web-App/backend/prisma/generated/client/runtime/library.js:32:6514)
    at om (/Users/Farizkey/Documents/Purwadhika - JCWDOL 020 /Property-Renting-Web-App/backend/prisma/generated/client/runtime/library.js:32:6300)
    at im (/Users/Farizkey/Documents/Purwadhika - JCWDOL 020 /Property-Renting-Web-App/backend/prisma/generated/client/runtime/library.js:32:6186)
    at Et (/Users/Farizkey/Documents/Purwadhika - JCWDOL 020 /Property-Renting-Web-App/backend/prisma/generated/client/runtime/library.js:32:5863)
    at sm (/Users/Farizkey/Documents/Purwadhika - JCWDOL 020 /Property-Renting-Web-App/backend/prisma/generated/client/runtime/library.js:32:6654)
    at om (/Users/Farizkey/Documents/Purwadhika - JCWDOL 020 /Property-Renting-Web-App/backend/prisma/generated/client/runtime/library.js:32:6300)
    at im (/Users/Farizkey/Documents/Purwadhika - JCWDOL 020 /Property-Renting-Web-App/backend/prisma/generated/client/runtime/library.js:32:6186)
    at Et (/Users/Farizkey/Documents/Purwadhika - JCWDOL 020 /Property-Renting-Web-App/backend/prisma/generated/client/runtime/library.js:32:5863)
2025-09-18 15:41:26 [ERROR]: GET /payment/orders/tenant | MESSAGE: 
Invalid `db.bookings.findMany()` invocation in
/Users/Farizkey/Documents/Purwadhika - JCWDOL 020 /Property-Renting-Web-App/backend/src/repositories/transaction/tenant-tx.repository.ts:207:39

  204   tx?: Prisma.TransactionClient
  205 ) => {
  206   const db = tx ?? prisma;
→ 207   const orderList = await db.bookings.findMany({
          where: {
            property: {
              tenant_id: "ce519591-964e-4add-9c74-deb7890c855a"
            },
            status: {
              in: [
                "confirmed"
              ]
            }
          },
          orderBy: {
            created_at: "asc"
          },
          include: {
            property: {
              include: {
                main_image: true,
                ~~~~~~~~~~
                name: true,
                city: true,
                room: {
                  select: {
                    name: true
                  }
                },
        ?       bookings?: true,
        ?       peak_season_rates?: true,
        ?       tenant?: true,
        ?       property_images?: true,
        ?       reviews?: true,
        ?       rooms?: true
              }
            },
            booking_rooms: {
              select: {
                guests_count: true,
                price_per_night: true
              }
            }
          }
        })

Invalid scalar field `main_image` for include statement on model properties. Available options are marked with ?.
Note that include statements only accept relation fields. | STACK: PrismaClientValidationError: 
Invalid `db.bookings.findMany()` invocation in
/Users/Farizkey/Documents/Purwadhika - JCWDOL 020 /Property-Renting-Web-App/backend/src/repositories/transaction/tenant-tx.repository.ts:207:39

  204   tx?: Prisma.TransactionClient
  205 ) => {
  206   const db = tx ?? prisma;
→ 207   const orderList = await db.bookings.findMany({
          where: {
            property: {
              tenant_id: "ce519591-964e-4add-9c74-deb7890c855a"
            },
            status: {
              in: [
                "confirmed"
              ]
            }
          },
          orderBy: {
            created_at: "asc"
          },
          include: {
            property: {
              include: {
                main_image: true,
                ~~~~~~~~~~
                name: true,
                city: true,
                room: {
                  select: {
                    name: true
                  }
                },
        ?       bookings?: true,
        ?       peak_season_rates?: true,
        ?       tenant?: true,
        ?       property_images?: true,
        ?       reviews?: true,
        ?       rooms?: true
              }
            },
            booking_rooms: {
              select: {
                guests_count: true,
                price_per_night: true
              }
            }
          }
        })

Invalid scalar field `main_image` for include statement on model properties. Available options are marked with ?.
Note that include statements only accept relation fields.
    at _n (/Users/Farizkey/Documents/Purwadhika - JCWDOL 020 /Property-Renting-Web-App/backend/prisma/generated/client/runtime/library.js:32:1363)
    at e.throwValidationError (/Users/Farizkey/Documents/Purwadhika - JCWDOL 020 /Property-Renting-Web-App/backend/prisma/generated/client/runtime/library.js:32:10051)
    at sm (/Users/Farizkey/Documents/Purwadhika - JCWDOL 020 /Property-Renting-Web-App/backend/prisma/generated/client/runtime/library.js:32:6514)
    at om (/Users/Farizkey/Documents/Purwadhika - JCWDOL 020 /Property-Renting-Web-App/backend/prisma/generated/client/runtime/library.js:32:6300)
    at im (/Users/Farizkey/Documents/Purwadhika - JCWDOL 020 /Property-Renting-Web-App/backend/prisma/generated/client/runtime/library.js:32:6186)
    at Et (/Users/Farizkey/Documents/Purwadhika - JCWDOL 020 /Property-Renting-Web-App/backend/prisma/generated/client/runtime/library.js:32:5863)
    at sm (/Users/Farizkey/Documents/Purwadhika - JCWDOL 020 /Property-Renting-Web-App/backend/prisma/generated/client/runtime/library.js:32:6654)
    at om (/Users/Farizkey/Documents/Purwadhika - JCWDOL 020 /Property-Renting-Web-App/backend/prisma/generated/client/runtime/library.js:32:6300)
    at im (/Users/Farizkey/Documents/Purwadhika - JCWDOL 020 /Property-Renting-Web-App/backend/prisma/generated/client/runtime/library.js:32:6186)
    at Et (/Users/Farizkey/Documents/Purwadhika - JCWDOL 020 /Property-Renting-Web-App/backend/prisma/generated/client/runtime/library.js:32:5863)
2025-09-18 15:41:31 [ERROR]: GET /payment/orders/tenant | MESSAGE: 
Invalid `db.bookings.findMany()` invocation in
/Users/Farizkey/Documents/Purwadhika - JCWDOL 020 /Property-Renting-Web-App/backend/src/repositories/transaction/tenant-tx.repository.ts:207:39

  204   tx?: Prisma.TransactionClient
  205 ) => {
  206   const db = tx ?? prisma;
→ 207   const orderList = await db.bookings.findMany({
          where: {
            property: {
              tenant_id: "ce519591-964e-4add-9c74-deb7890c855a"
            },
            status: {
              in: [
                "confirmed"
              ]
            }
          },
          orderBy: {
            created_at: "asc"
          },
          include: {
            property: {
              include: {
                main_image: true,
                ~~~~~~~~~~
                name: true,
                city: true,
                room: {
                  select: {
                    name: true
                  }
                },
        ?       bookings?: true,
        ?       peak_season_rates?: true,
        ?       tenant?: true,
        ?       property_images?: true,
        ?       reviews?: true,
        ?       rooms?: true
              }
            },
            booking_rooms: {
              select: {
                guests_count: true,
                price_per_night: true
              }
            }
          }
        })

Invalid scalar field `main_image` for include statement on model properties. Available options are marked with ?.
Note that include statements only accept relation fields. | STACK: PrismaClientValidationError: 
Invalid `db.bookings.findMany()` invocation in
/Users/Farizkey/Documents/Purwadhika - JCWDOL 020 /Property-Renting-Web-App/backend/src/repositories/transaction/tenant-tx.repository.ts:207:39

  204   tx?: Prisma.TransactionClient
  205 ) => {
  206   const db = tx ?? prisma;
→ 207   const orderList = await db.bookings.findMany({
          where: {
            property: {
              tenant_id: "ce519591-964e-4add-9c74-deb7890c855a"
            },
            status: {
              in: [
                "confirmed"
              ]
            }
          },
          orderBy: {
            created_at: "asc"
          },
          include: {
            property: {
              include: {
                main_image: true,
                ~~~~~~~~~~
                name: true,
                city: true,
                room: {
                  select: {
                    name: true
                  }
                },
        ?       bookings?: true,
        ?       peak_season_rates?: true,
        ?       tenant?: true,
        ?       property_images?: true,
        ?       reviews?: true,
        ?       rooms?: true
              }
            },
            booking_rooms: {
              select: {
                guests_count: true,
                price_per_night: true
              }
            }
          }
        })

Invalid scalar field `main_image` for include statement on model properties. Available options are marked with ?.
Note that include statements only accept relation fields.
    at _n (/Users/Farizkey/Documents/Purwadhika - JCWDOL 020 /Property-Renting-Web-App/backend/prisma/generated/client/runtime/library.js:32:1363)
    at e.throwValidationError (/Users/Farizkey/Documents/Purwadhika - JCWDOL 020 /Property-Renting-Web-App/backend/prisma/generated/client/runtime/library.js:32:10051)
    at sm (/Users/Farizkey/Documents/Purwadhika - JCWDOL 020 /Property-Renting-Web-App/backend/prisma/generated/client/runtime/library.js:32:6514)
    at om (/Users/Farizkey/Documents/Purwadhika - JCWDOL 020 /Property-Renting-Web-App/backend/prisma/generated/client/runtime/library.js:32:6300)
    at im (/Users/Farizkey/Documents/Purwadhika - JCWDOL 020 /Property-Renting-Web-App/backend/prisma/generated/client/runtime/library.js:32:6186)
    at Et (/Users/Farizkey/Documents/Purwadhika - JCWDOL 020 /Property-Renting-Web-App/backend/prisma/generated/client/runtime/library.js:32:5863)
    at sm (/Users/Farizkey/Documents/Purwadhika - JCWDOL 020 /Property-Renting-Web-App/backend/prisma/generated/client/runtime/library.js:32:6654)
    at om (/Users/Farizkey/Documents/Purwadhika - JCWDOL 020 /Property-Renting-Web-App/backend/prisma/generated/client/runtime/library.js:32:6300)
    at im (/Users/Farizkey/Documents/Purwadhika - JCWDOL 020 /Property-Renting-Web-App/backend/prisma/generated/client/runtime/library.js:32:6186)
    at Et (/Users/Farizkey/Documents/Purwadhika - JCWDOL 020 /Property-Renting-Web-App/backend/prisma/generated/client/runtime/library.js:32:5863)
2025-09-18 15:42:42 [ERROR]: GET /payment/orders/tenant | MESSAGE: 
Invalid `db.bookings.findMany()` invocation in
/Users/Farizkey/Documents/Purwadhika - JCWDOL 020 /Property-Renting-Web-App/backend/src/repositories/transaction/tenant-tx.repository.ts:207:39

  204   tx?: Prisma.TransactionClient
  205 ) => {
  206   const db = tx ?? prisma;
→ 207   const orderList = await db.bookings.findMany({
          where: {
            property: {
              tenant_id: "ce519591-964e-4add-9c74-deb7890c855a"
            },
            status: {
              in: [
                "confirmed"
              ]
            }
          },
          orderBy: {
            created_at: "asc"
          },
          include: {
            property: {
              include: {
                main_image: true,
                ~~~~~~~~~~
                name: true,
                city: true,
                room: {
                  select: {
                    name: true
                  }
                },
        ?       bookings?: true,
        ?       peak_season_rates?: true,
        ?       tenant?: true,
        ?       property_images?: true,
        ?       reviews?: true,
        ?       rooms?: true
              }
            },
            booking_rooms: {
              select: {
                guests_count: true,
                price_per_night: true
              }
            }
          }
        })

Invalid scalar field `main_image` for include statement on model properties. Available options are marked with ?.
Note that include statements only accept relation fields. | STACK: PrismaClientValidationError: 
Invalid `db.bookings.findMany()` invocation in
/Users/Farizkey/Documents/Purwadhika - JCWDOL 020 /Property-Renting-Web-App/backend/src/repositories/transaction/tenant-tx.repository.ts:207:39

  204   tx?: Prisma.TransactionClient
  205 ) => {
  206   const db = tx ?? prisma;
→ 207   const orderList = await db.bookings.findMany({
          where: {
            property: {
              tenant_id: "ce519591-964e-4add-9c74-deb7890c855a"
            },
            status: {
              in: [
                "confirmed"
              ]
            }
          },
          orderBy: {
            created_at: "asc"
          },
          include: {
            property: {
              include: {
                main_image: true,
                ~~~~~~~~~~
                name: true,
                city: true,
                room: {
                  select: {
                    name: true
                  }
                },
        ?       bookings?: true,
        ?       peak_season_rates?: true,
        ?       tenant?: true,
        ?       property_images?: true,
        ?       reviews?: true,
        ?       rooms?: true
              }
            },
            booking_rooms: {
              select: {
                guests_count: true,
                price_per_night: true
              }
            }
          }
        })

Invalid scalar field `main_image` for include statement on model properties. Available options are marked with ?.
Note that include statements only accept relation fields.
    at _n (/Users/Farizkey/Documents/Purwadhika - JCWDOL 020 /Property-Renting-Web-App/backend/prisma/generated/client/runtime/library.js:32:1363)
    at e.throwValidationError (/Users/Farizkey/Documents/Purwadhika - JCWDOL 020 /Property-Renting-Web-App/backend/prisma/generated/client/runtime/library.js:32:10051)
    at sm (/Users/Farizkey/Documents/Purwadhika - JCWDOL 020 /Property-Renting-Web-App/backend/prisma/generated/client/runtime/library.js:32:6514)
    at om (/Users/Farizkey/Documents/Purwadhika - JCWDOL 020 /Property-Renting-Web-App/backend/prisma/generated/client/runtime/library.js:32:6300)
    at im (/Users/Farizkey/Documents/Purwadhika - JCWDOL 020 /Property-Renting-Web-App/backend/prisma/generated/client/runtime/library.js:32:6186)
    at Et (/Users/Farizkey/Documents/Purwadhika - JCWDOL 020 /Property-Renting-Web-App/backend/prisma/generated/client/runtime/library.js:32:5863)
    at sm (/Users/Farizkey/Documents/Purwadhika - JCWDOL 020 /Property-Renting-Web-App/backend/prisma/generated/client/runtime/library.js:32:6654)
    at om (/Users/Farizkey/Documents/Purwadhika - JCWDOL 020 /Property-Renting-Web-App/backend/prisma/generated/client/runtime/library.js:32:6300)
    at im (/Users/Farizkey/Documents/Purwadhika - JCWDOL 020 /Property-Renting-Web-App/backend/prisma/generated/client/runtime/library.js:32:6186)
    at Et (/Users/Farizkey/Documents/Purwadhika - JCWDOL 020 /Property-Renting-Web-App/backend/prisma/generated/client/runtime/library.js:32:5863)
2025-09-18 15:42:45 [ERROR]: GET /payment/orders/tenant | MESSAGE: 
Invalid `db.bookings.findMany()` invocation in
/Users/Farizkey/Documents/Purwadhika - JCWDOL 020 /Property-Renting-Web-App/backend/src/repositories/transaction/tenant-tx.repository.ts:207:39

  204   tx?: Prisma.TransactionClient
  205 ) => {
  206   const db = tx ?? prisma;
→ 207   const orderList = await db.bookings.findMany({
          where: {
            property: {
              tenant_id: "ce519591-964e-4add-9c74-deb7890c855a"
            },
            status: {
              in: [
                "confirmed"
              ]
            }
          },
          orderBy: {
            created_at: "asc"
          },
          include: {
            property: {
              include: {
                main_image: true,
                ~~~~~~~~~~
                name: true,
                city: true,
                room: {
                  select: {
                    name: true
                  }
                },
        ?       bookings?: true,
        ?       peak_season_rates?: true,
        ?       tenant?: true,
        ?       property_images?: true,
        ?       reviews?: true,
        ?       rooms?: true
              }
            },
            booking_rooms: {
              select: {
                guests_count: true,
                price_per_night: true
              }
            }
          }
        })

Invalid scalar field `main_image` for include statement on model properties. Available options are marked with ?.
Note that include statements only accept relation fields. | STACK: PrismaClientValidationError: 
Invalid `db.bookings.findMany()` invocation in
/Users/Farizkey/Documents/Purwadhika - JCWDOL 020 /Property-Renting-Web-App/backend/src/repositories/transaction/tenant-tx.repository.ts:207:39

  204   tx?: Prisma.TransactionClient
  205 ) => {
  206   const db = tx ?? prisma;
→ 207   const orderList = await db.bookings.findMany({
          where: {
            property: {
              tenant_id: "ce519591-964e-4add-9c74-deb7890c855a"
            },
            status: {
              in: [
                "confirmed"
              ]
            }
          },
          orderBy: {
            created_at: "asc"
          },
          include: {
            property: {
              include: {
                main_image: true,
                ~~~~~~~~~~
                name: true,
                city: true,
                room: {
                  select: {
                    name: true
                  }
                },
        ?       bookings?: true,
        ?       peak_season_rates?: true,
        ?       tenant?: true,
        ?       property_images?: true,
        ?       reviews?: true,
        ?       rooms?: true
              }
            },
            booking_rooms: {
              select: {
                guests_count: true,
                price_per_night: true
              }
            }
          }
        })

Invalid scalar field `main_image` for include statement on model properties. Available options are marked with ?.
Note that include statements only accept relation fields.
    at _n (/Users/Farizkey/Documents/Purwadhika - JCWDOL 020 /Property-Renting-Web-App/backend/prisma/generated/client/runtime/library.js:32:1363)
    at e.throwValidationError (/Users/Farizkey/Documents/Purwadhika - JCWDOL 020 /Property-Renting-Web-App/backend/prisma/generated/client/runtime/library.js:32:10051)
    at sm (/Users/Farizkey/Documents/Purwadhika - JCWDOL 020 /Property-Renting-Web-App/backend/prisma/generated/client/runtime/library.js:32:6514)
    at om (/Users/Farizkey/Documents/Purwadhika - JCWDOL 020 /Property-Renting-Web-App/backend/prisma/generated/client/runtime/library.js:32:6300)
    at im (/Users/Farizkey/Documents/Purwadhika - JCWDOL 020 /Property-Renting-Web-App/backend/prisma/generated/client/runtime/library.js:32:6186)
    at Et (/Users/Farizkey/Documents/Purwadhika - JCWDOL 020 /Property-Renting-Web-App/backend/prisma/generated/client/runtime/library.js:32:5863)
    at sm (/Users/Farizkey/Documents/Purwadhika - JCWDOL 020 /Property-Renting-Web-App/backend/prisma/generated/client/runtime/library.js:32:6654)
    at om (/Users/Farizkey/Documents/Purwadhika - JCWDOL 020 /Property-Renting-Web-App/backend/prisma/generated/client/runtime/library.js:32:6300)
    at im (/Users/Farizkey/Documents/Purwadhika - JCWDOL 020 /Property-Renting-Web-App/backend/prisma/generated/client/runtime/library.js:32:6186)
    at Et (/Users/Farizkey/Documents/Purwadhika - JCWDOL 020 /Property-Renting-Web-App/backend/prisma/generated/client/runtime/library.js:32:5863)
2025-09-18 15:42:48 [ERROR]: GET /payment/orders/tenant | MESSAGE: 
Invalid `db.bookings.findMany()` invocation in
/Users/Farizkey/Documents/Purwadhika - JCWDOL 020 /Property-Renting-Web-App/backend/src/repositories/transaction/tenant-tx.repository.ts:207:39

  204   tx?: Prisma.TransactionClient
  205 ) => {
  206   const db = tx ?? prisma;
→ 207   const orderList = await db.bookings.findMany({
          where: {
            property: {
              tenant_id: "ce519591-964e-4add-9c74-deb7890c855a"
            },
            status: {
              in: [
                "confirmed"
              ]
            }
          },
          orderBy: {
            created_at: "asc"
          },
          include: {
            property: {
              include: {
                main_image: true,
                ~~~~~~~~~~
                name: true,
                city: true,
                room: {
                  select: {
                    name: true
                  }
                },
        ?       bookings?: true,
        ?       peak_season_rates?: true,
        ?       tenant?: true,
        ?       property_images?: true,
        ?       reviews?: true,
        ?       rooms?: true
              }
            },
            booking_rooms: {
              select: {
                guests_count: true,
                price_per_night: true
              }
            }
          }
        })

Invalid scalar field `main_image` for include statement on model properties. Available options are marked with ?.
Note that include statements only accept relation fields. | STACK: PrismaClientValidationError: 
Invalid `db.bookings.findMany()` invocation in
/Users/Farizkey/Documents/Purwadhika - JCWDOL 020 /Property-Renting-Web-App/backend/src/repositories/transaction/tenant-tx.repository.ts:207:39

  204   tx?: Prisma.TransactionClient
  205 ) => {
  206   const db = tx ?? prisma;
→ 207   const orderList = await db.bookings.findMany({
          where: {
            property: {
              tenant_id: "ce519591-964e-4add-9c74-deb7890c855a"
            },
            status: {
              in: [
                "confirmed"
              ]
            }
          },
          orderBy: {
            created_at: "asc"
          },
          include: {
            property: {
              include: {
                main_image: true,
                ~~~~~~~~~~
                name: true,
                city: true,
                room: {
                  select: {
                    name: true
                  }
                },
        ?       bookings?: true,
        ?       peak_season_rates?: true,
        ?       tenant?: true,
        ?       property_images?: true,
        ?       reviews?: true,
        ?       rooms?: true
              }
            },
            booking_rooms: {
              select: {
                guests_count: true,
                price_per_night: true
              }
            }
          }
        })

Invalid scalar field `main_image` for include statement on model properties. Available options are marked with ?.
Note that include statements only accept relation fields.
    at _n (/Users/Farizkey/Documents/Purwadhika - JCWDOL 020 /Property-Renting-Web-App/backend/prisma/generated/client/runtime/library.js:32:1363)
    at e.throwValidationError (/Users/Farizkey/Documents/Purwadhika - JCWDOL 020 /Property-Renting-Web-App/backend/prisma/generated/client/runtime/library.js:32:10051)
    at sm (/Users/Farizkey/Documents/Purwadhika - JCWDOL 020 /Property-Renting-Web-App/backend/prisma/generated/client/runtime/library.js:32:6514)
    at om (/Users/Farizkey/Documents/Purwadhika - JCWDOL 020 /Property-Renting-Web-App/backend/prisma/generated/client/runtime/library.js:32:6300)
    at im (/Users/Farizkey/Documents/Purwadhika - JCWDOL 020 /Property-Renting-Web-App/backend/prisma/generated/client/runtime/library.js:32:6186)
    at Et (/Users/Farizkey/Documents/Purwadhika - JCWDOL 020 /Property-Renting-Web-App/backend/prisma/generated/client/runtime/library.js:32:5863)
    at sm (/Users/Farizkey/Documents/Purwadhika - JCWDOL 020 /Property-Renting-Web-App/backend/prisma/generated/client/runtime/library.js:32:6654)
    at om (/Users/Farizkey/Documents/Purwadhika - JCWDOL 020 /Property-Renting-Web-App/backend/prisma/generated/client/runtime/library.js:32:6300)
    at im (/Users/Farizkey/Documents/Purwadhika - JCWDOL 020 /Property-Renting-Web-App/backend/prisma/generated/client/runtime/library.js:32:6186)
    at Et (/Users/Farizkey/Documents/Purwadhika - JCWDOL 020 /Property-Renting-Web-App/backend/prisma/generated/client/runtime/library.js:32:5863)
2025-09-18 15:42:53 [ERROR]: GET /payment/orders/tenant | MESSAGE: 
Invalid `db.bookings.findMany()` invocation in
/Users/Farizkey/Documents/Purwadhika - JCWDOL 020 /Property-Renting-Web-App/backend/src/repositories/transaction/tenant-tx.repository.ts:207:39

  204   tx?: Prisma.TransactionClient
  205 ) => {
  206   const db = tx ?? prisma;
→ 207   const orderList = await db.bookings.findMany({
          where: {
            property: {
              tenant_id: "ce519591-964e-4add-9c74-deb7890c855a"
            },
            status: {
              in: [
                "confirmed"
              ]
            }
          },
          orderBy: {
            created_at: "asc"
          },
          include: {
            property: {
              include: {
                main_image: true,
                ~~~~~~~~~~
                name: true,
                city: true,
                room: {
                  select: {
                    name: true
                  }
                },
        ?       bookings?: true,
        ?       peak_season_rates?: true,
        ?       tenant?: true,
        ?       property_images?: true,
        ?       reviews?: true,
        ?       rooms?: true
              }
            },
            booking_rooms: {
              select: {
                guests_count: true,
                price_per_night: true
              }
            }
          }
        })

Invalid scalar field `main_image` for include statement on model properties. Available options are marked with ?.
Note that include statements only accept relation fields. | STACK: PrismaClientValidationError: 
Invalid `db.bookings.findMany()` invocation in
/Users/Farizkey/Documents/Purwadhika - JCWDOL 020 /Property-Renting-Web-App/backend/src/repositories/transaction/tenant-tx.repository.ts:207:39

  204   tx?: Prisma.TransactionClient
  205 ) => {
  206   const db = tx ?? prisma;
→ 207   const orderList = await db.bookings.findMany({
          where: {
            property: {
              tenant_id: "ce519591-964e-4add-9c74-deb7890c855a"
            },
            status: {
              in: [
                "confirmed"
              ]
            }
          },
          orderBy: {
            created_at: "asc"
          },
          include: {
            property: {
              include: {
                main_image: true,
                ~~~~~~~~~~
                name: true,
                city: true,
                room: {
                  select: {
                    name: true
                  }
                },
        ?       bookings?: true,
        ?       peak_season_rates?: true,
        ?       tenant?: true,
        ?       property_images?: true,
        ?       reviews?: true,
        ?       rooms?: true
              }
            },
            booking_rooms: {
              select: {
                guests_count: true,
                price_per_night: true
              }
            }
          }
        })

Invalid scalar field `main_image` for include statement on model properties. Available options are marked with ?.
Note that include statements only accept relation fields.
    at _n (/Users/Farizkey/Documents/Purwadhika - JCWDOL 020 /Property-Renting-Web-App/backend/prisma/generated/client/runtime/library.js:32:1363)
    at e.throwValidationError (/Users/Farizkey/Documents/Purwadhika - JCWDOL 020 /Property-Renting-Web-App/backend/prisma/generated/client/runtime/library.js:32:10051)
    at sm (/Users/Farizkey/Documents/Purwadhika - JCWDOL 020 /Property-Renting-Web-App/backend/prisma/generated/client/runtime/library.js:32:6514)
    at om (/Users/Farizkey/Documents/Purwadhika - JCWDOL 020 /Property-Renting-Web-App/backend/prisma/generated/client/runtime/library.js:32:6300)
    at im (/Users/Farizkey/Documents/Purwadhika - JCWDOL 020 /Property-Renting-Web-App/backend/prisma/generated/client/runtime/library.js:32:6186)
    at Et (/Users/Farizkey/Documents/Purwadhika - JCWDOL 020 /Property-Renting-Web-App/backend/prisma/generated/client/runtime/library.js:32:5863)
    at sm (/Users/Farizkey/Documents/Purwadhika - JCWDOL 020 /Property-Renting-Web-App/backend/prisma/generated/client/runtime/library.js:32:6654)
    at om (/Users/Farizkey/Documents/Purwadhika - JCWDOL 020 /Property-Renting-Web-App/backend/prisma/generated/client/runtime/library.js:32:6300)
    at im (/Users/Farizkey/Documents/Purwadhika - JCWDOL 020 /Property-Renting-Web-App/backend/prisma/generated/client/runtime/library.js:32:6186)
    at Et (/Users/Farizkey/Documents/Purwadhika - JCWDOL 020 /Property-Renting-Web-App/backend/prisma/generated/client/runtime/library.js:32:5863)
2025-09-18 15:44:36 [ERROR]: GET /payment/orders/tenant | MESSAGE: 
Invalid `db.bookings.findMany()` invocation in
/Users/Farizkey/Documents/Purwadhika - JCWDOL 020 /Property-Renting-Web-App/backend/src/repositories/transaction/tenant-tx.repository.ts:207:39

  204   tx?: Prisma.TransactionClient
  205 ) => {
  206   const db = tx ?? prisma;
→ 207   const orderList = await db.bookings.findMany({
          where: {
            property: {
              tenant_id: "ce519591-964e-4add-9c74-deb7890c855a"
            },
            status: {
              in: [
                "confirmed"
              ]
            }
          },
          orderBy: {
            created_at: "asc"
          },
          include: {
            property: {
              include: {
                main_image: true,
                ~~~~~~~~~~
                name: true,
                city: true,
                room: {
                  select: {
                    name: true
                  }
                },
        ?       bookings?: true,
        ?       peak_season_rates?: true,
        ?       tenant?: true,
        ?       property_images?: true,
        ?       reviews?: true,
        ?       rooms?: true
              }
            },
            booking_rooms: {
              select: {
                guests_count: true,
                price_per_night: true
              }
            }
          }
        })

Invalid scalar field `main_image` for include statement on model properties. Available options are marked with ?.
Note that include statements only accept relation fields. | STACK: PrismaClientValidationError: 
Invalid `db.bookings.findMany()` invocation in
/Users/Farizkey/Documents/Purwadhika - JCWDOL 020 /Property-Renting-Web-App/backend/src/repositories/transaction/tenant-tx.repository.ts:207:39

  204   tx?: Prisma.TransactionClient
  205 ) => {
  206   const db = tx ?? prisma;
→ 207   const orderList = await db.bookings.findMany({
          where: {
            property: {
              tenant_id: "ce519591-964e-4add-9c74-deb7890c855a"
            },
            status: {
              in: [
                "confirmed"
              ]
            }
          },
          orderBy: {
            created_at: "asc"
          },
          include: {
            property: {
              include: {
                main_image: true,
                ~~~~~~~~~~
                name: true,
                city: true,
                room: {
                  select: {
                    name: true
                  }
                },
        ?       bookings?: true,
        ?       peak_season_rates?: true,
        ?       tenant?: true,
        ?       property_images?: true,
        ?       reviews?: true,
        ?       rooms?: true
              }
            },
            booking_rooms: {
              select: {
                guests_count: true,
                price_per_night: true
              }
            }
          }
        })

Invalid scalar field `main_image` for include statement on model properties. Available options are marked with ?.
Note that include statements only accept relation fields.
    at _n (/Users/Farizkey/Documents/Purwadhika - JCWDOL 020 /Property-Renting-Web-App/backend/prisma/generated/client/runtime/library.js:32:1363)
    at e.throwValidationError (/Users/Farizkey/Documents/Purwadhika - JCWDOL 020 /Property-Renting-Web-App/backend/prisma/generated/client/runtime/library.js:32:10051)
    at sm (/Users/Farizkey/Documents/Purwadhika - JCWDOL 020 /Property-Renting-Web-App/backend/prisma/generated/client/runtime/library.js:32:6514)
    at om (/Users/Farizkey/Documents/Purwadhika - JCWDOL 020 /Property-Renting-Web-App/backend/prisma/generated/client/runtime/library.js:32:6300)
    at im (/Users/Farizkey/Documents/Purwadhika - JCWDOL 020 /Property-Renting-Web-App/backend/prisma/generated/client/runtime/library.js:32:6186)
    at Et (/Users/Farizkey/Documents/Purwadhika - JCWDOL 020 /Property-Renting-Web-App/backend/prisma/generated/client/runtime/library.js:32:5863)
    at sm (/Users/Farizkey/Documents/Purwadhika - JCWDOL 020 /Property-Renting-Web-App/backend/prisma/generated/client/runtime/library.js:32:6654)
    at om (/Users/Farizkey/Documents/Purwadhika - JCWDOL 020 /Property-Renting-Web-App/backend/prisma/generated/client/runtime/library.js:32:6300)
    at im (/Users/Farizkey/Documents/Purwadhika - JCWDOL 020 /Property-Renting-Web-App/backend/prisma/generated/client/runtime/library.js:32:6186)
    at Et (/Users/Farizkey/Documents/Purwadhika - JCWDOL 020 /Property-Renting-Web-App/backend/prisma/generated/client/runtime/library.js:32:5863)
2025-09-18 15:45:58 [ERROR]: GET /payment/orders/tenant | MESSAGE: 
Invalid `db.bookings.findMany()` invocation in
/Users/Farizkey/Documents/Purwadhika - JCWDOL 020 /Property-Renting-Web-App/backend/src/repositories/transaction/tenant-tx.repository.ts:207:39

  204   tx?: Prisma.TransactionClient
  205 ) => {
  206   const db = tx ?? prisma;
→ 207   const orderList = await db.bookings.findMany({
          where: {
            property: {
              tenant_id: "ce519591-964e-4add-9c74-deb7890c855a"
            },
            status: {
              in: [
                "confirmed"
              ]
            }
          },
          orderBy: {
            created_at: "asc"
          },
          include: {
            property: {
              include: {
                main_image: true,
                ~~~~~~~~~~
                name: true,
                city: true,
        ?       bookings?: true,
        ?       peak_season_rates?: true,
        ?       tenant?: true,
        ?       property_images?: true,
        ?       reviews?: true,
        ?       rooms?: true
              }
            },
            booking_rooms: {
              include: {
                guests_count: true,
                price_per_night: true,
                room: {
                  select: {
                    name: true
                  }
                }
              }
            }
          }
        })

Invalid scalar field `main_image` for include statement on model properties. Available options are marked with ?.
Note that include statements only accept relation fields. | STACK: PrismaClientValidationError: 
Invalid `db.bookings.findMany()` invocation in
/Users/Farizkey/Documents/Purwadhika - JCWDOL 020 /Property-Renting-Web-App/backend/src/repositories/transaction/tenant-tx.repository.ts:207:39

  204   tx?: Prisma.TransactionClient
  205 ) => {
  206   const db = tx ?? prisma;
→ 207   const orderList = await db.bookings.findMany({
          where: {
            property: {
              tenant_id: "ce519591-964e-4add-9c74-deb7890c855a"
            },
            status: {
              in: [
                "confirmed"
              ]
            }
          },
          orderBy: {
            created_at: "asc"
          },
          include: {
            property: {
              include: {
                main_image: true,
                ~~~~~~~~~~
                name: true,
                city: true,
        ?       bookings?: true,
        ?       peak_season_rates?: true,
        ?       tenant?: true,
        ?       property_images?: true,
        ?       reviews?: true,
        ?       rooms?: true
              }
            },
            booking_rooms: {
              include: {
                guests_count: true,
                price_per_night: true,
                room: {
                  select: {
                    name: true
                  }
                }
              }
            }
          }
        })

Invalid scalar field `main_image` for include statement on model properties. Available options are marked with ?.
Note that include statements only accept relation fields.
    at _n (/Users/Farizkey/Documents/Purwadhika - JCWDOL 020 /Property-Renting-Web-App/backend/prisma/generated/client/runtime/library.js:32:1363)
    at e.throwValidationError (/Users/Farizkey/Documents/Purwadhika - JCWDOL 020 /Property-Renting-Web-App/backend/prisma/generated/client/runtime/library.js:32:10051)
    at sm (/Users/Farizkey/Documents/Purwadhika - JCWDOL 020 /Property-Renting-Web-App/backend/prisma/generated/client/runtime/library.js:32:6514)
    at om (/Users/Farizkey/Documents/Purwadhika - JCWDOL 020 /Property-Renting-Web-App/backend/prisma/generated/client/runtime/library.js:32:6300)
    at im (/Users/Farizkey/Documents/Purwadhika - JCWDOL 020 /Property-Renting-Web-App/backend/prisma/generated/client/runtime/library.js:32:6186)
    at Et (/Users/Farizkey/Documents/Purwadhika - JCWDOL 020 /Property-Renting-Web-App/backend/prisma/generated/client/runtime/library.js:32:5863)
    at sm (/Users/Farizkey/Documents/Purwadhika - JCWDOL 020 /Property-Renting-Web-App/backend/prisma/generated/client/runtime/library.js:32:6654)
    at om (/Users/Farizkey/Documents/Purwadhika - JCWDOL 020 /Property-Renting-Web-App/backend/prisma/generated/client/runtime/library.js:32:6300)
    at im (/Users/Farizkey/Documents/Purwadhika - JCWDOL 020 /Property-Renting-Web-App/backend/prisma/generated/client/runtime/library.js:32:6186)
    at Et (/Users/Farizkey/Documents/Purwadhika - JCWDOL 020 /Property-Renting-Web-App/backend/prisma/generated/client/runtime/library.js:32:5863)
2025-09-18 15:46:00 [ERROR]: GET /payment/orders/tenant | MESSAGE: 
Invalid `db.bookings.findMany()` invocation in
/Users/Farizkey/Documents/Purwadhika - JCWDOL 020 /Property-Renting-Web-App/backend/src/repositories/transaction/tenant-tx.repository.ts:207:39

  204   tx?: Prisma.TransactionClient
  205 ) => {
  206   const db = tx ?? prisma;
→ 207   const orderList = await db.bookings.findMany({
          where: {
            property: {
              tenant_id: "ce519591-964e-4add-9c74-deb7890c855a"
            },
            status: {
              in: [
                "confirmed"
              ]
            }
          },
          orderBy: {
            created_at: "asc"
          },
          include: {
            property: {
              include: {
                main_image: true,
                ~~~~~~~~~~
                name: true,
                city: true,
        ?       bookings?: true,
        ?       peak_season_rates?: true,
        ?       tenant?: true,
        ?       property_images?: true,
        ?       reviews?: true,
        ?       rooms?: true
              }
            },
            booking_rooms: {
              include: {
                guests_count: true,
                price_per_night: true,
                room: {
                  select: {
                    name: true
                  }
                }
              }
            }
          }
        })

Invalid scalar field `main_image` for include statement on model properties. Available options are marked with ?.
Note that include statements only accept relation fields. | STACK: PrismaClientValidationError: 
Invalid `db.bookings.findMany()` invocation in
/Users/Farizkey/Documents/Purwadhika - JCWDOL 020 /Property-Renting-Web-App/backend/src/repositories/transaction/tenant-tx.repository.ts:207:39

  204   tx?: Prisma.TransactionClient
  205 ) => {
  206   const db = tx ?? prisma;
→ 207   const orderList = await db.bookings.findMany({
          where: {
            property: {
              tenant_id: "ce519591-964e-4add-9c74-deb7890c855a"
            },
            status: {
              in: [
                "confirmed"
              ]
            }
          },
          orderBy: {
            created_at: "asc"
          },
          include: {
            property: {
              include: {
                main_image: true,
                ~~~~~~~~~~
                name: true,
                city: true,
        ?       bookings?: true,
        ?       peak_season_rates?: true,
        ?       tenant?: true,
        ?       property_images?: true,
        ?       reviews?: true,
        ?       rooms?: true
              }
            },
            booking_rooms: {
              include: {
                guests_count: true,
                price_per_night: true,
                room: {
                  select: {
                    name: true
                  }
                }
              }
            }
          }
        })

Invalid scalar field `main_image` for include statement on model properties. Available options are marked with ?.
Note that include statements only accept relation fields.
    at _n (/Users/Farizkey/Documents/Purwadhika - JCWDOL 020 /Property-Renting-Web-App/backend/prisma/generated/client/runtime/library.js:32:1363)
    at e.throwValidationError (/Users/Farizkey/Documents/Purwadhika - JCWDOL 020 /Property-Renting-Web-App/backend/prisma/generated/client/runtime/library.js:32:10051)
    at sm (/Users/Farizkey/Documents/Purwadhika - JCWDOL 020 /Property-Renting-Web-App/backend/prisma/generated/client/runtime/library.js:32:6514)
    at om (/Users/Farizkey/Documents/Purwadhika - JCWDOL 020 /Property-Renting-Web-App/backend/prisma/generated/client/runtime/library.js:32:6300)
    at im (/Users/Farizkey/Documents/Purwadhika - JCWDOL 020 /Property-Renting-Web-App/backend/prisma/generated/client/runtime/library.js:32:6186)
    at Et (/Users/Farizkey/Documents/Purwadhika - JCWDOL 020 /Property-Renting-Web-App/backend/prisma/generated/client/runtime/library.js:32:5863)
    at sm (/Users/Farizkey/Documents/Purwadhika - JCWDOL 020 /Property-Renting-Web-App/backend/prisma/generated/client/runtime/library.js:32:6654)
    at om (/Users/Farizkey/Documents/Purwadhika - JCWDOL 020 /Property-Renting-Web-App/backend/prisma/generated/client/runtime/library.js:32:6300)
    at im (/Users/Farizkey/Documents/Purwadhika - JCWDOL 020 /Property-Renting-Web-App/backend/prisma/generated/client/runtime/library.js:32:6186)
    at Et (/Users/Farizkey/Documents/Purwadhika - JCWDOL 020 /Property-Renting-Web-App/backend/prisma/generated/client/runtime/library.js:32:5863)
2025-09-18 15:46:03 [ERROR]: GET /payment/orders/tenant | MESSAGE: 
Invalid `db.bookings.findMany()` invocation in
/Users/Farizkey/Documents/Purwadhika - JCWDOL 020 /Property-Renting-Web-App/backend/src/repositories/transaction/tenant-tx.repository.ts:207:39

  204   tx?: Prisma.TransactionClient
  205 ) => {
  206   const db = tx ?? prisma;
→ 207   const orderList = await db.bookings.findMany({
          where: {
            property: {
              tenant_id: "ce519591-964e-4add-9c74-deb7890c855a"
            },
            status: {
              in: [
                "confirmed"
              ]
            }
          },
          orderBy: {
            created_at: "asc"
          },
          include: {
            property: {
              include: {
                main_image: true,
                ~~~~~~~~~~
                name: true,
                city: true,
        ?       bookings?: true,
        ?       peak_season_rates?: true,
        ?       tenant?: true,
        ?       property_images?: true,
        ?       reviews?: true,
        ?       rooms?: true
              }
            },
            booking_rooms: {
              include: {
                guests_count: true,
                price_per_night: true,
                room: {
                  select: {
                    name: true
                  }
                }
              }
            }
          }
        })

Invalid scalar field `main_image` for include statement on model properties. Available options are marked with ?.
Note that include statements only accept relation fields. | STACK: PrismaClientValidationError: 
Invalid `db.bookings.findMany()` invocation in
/Users/Farizkey/Documents/Purwadhika - JCWDOL 020 /Property-Renting-Web-App/backend/src/repositories/transaction/tenant-tx.repository.ts:207:39

  204   tx?: Prisma.TransactionClient
  205 ) => {
  206   const db = tx ?? prisma;
→ 207   const orderList = await db.bookings.findMany({
          where: {
            property: {
              tenant_id: "ce519591-964e-4add-9c74-deb7890c855a"
            },
            status: {
              in: [
                "confirmed"
              ]
            }
          },
          orderBy: {
            created_at: "asc"
          },
          include: {
            property: {
              include: {
                main_image: true,
                ~~~~~~~~~~
                name: true,
                city: true,
        ?       bookings?: true,
        ?       peak_season_rates?: true,
        ?       tenant?: true,
        ?       property_images?: true,
        ?       reviews?: true,
        ?       rooms?: true
              }
            },
            booking_rooms: {
              include: {
                guests_count: true,
                price_per_night: true,
                room: {
                  select: {
                    name: true
                  }
                }
              }
            }
          }
        })

Invalid scalar field `main_image` for include statement on model properties. Available options are marked with ?.
Note that include statements only accept relation fields.
    at _n (/Users/Farizkey/Documents/Purwadhika - JCWDOL 020 /Property-Renting-Web-App/backend/prisma/generated/client/runtime/library.js:32:1363)
    at e.throwValidationError (/Users/Farizkey/Documents/Purwadhika - JCWDOL 020 /Property-Renting-Web-App/backend/prisma/generated/client/runtime/library.js:32:10051)
    at sm (/Users/Farizkey/Documents/Purwadhika - JCWDOL 020 /Property-Renting-Web-App/backend/prisma/generated/client/runtime/library.js:32:6514)
    at om (/Users/Farizkey/Documents/Purwadhika - JCWDOL 020 /Property-Renting-Web-App/backend/prisma/generated/client/runtime/library.js:32:6300)
    at im (/Users/Farizkey/Documents/Purwadhika - JCWDOL 020 /Property-Renting-Web-App/backend/prisma/generated/client/runtime/library.js:32:6186)
    at Et (/Users/Farizkey/Documents/Purwadhika - JCWDOL 020 /Property-Renting-Web-App/backend/prisma/generated/client/runtime/library.js:32:5863)
    at sm (/Users/Farizkey/Documents/Purwadhika - JCWDOL 020 /Property-Renting-Web-App/backend/prisma/generated/client/runtime/library.js:32:6654)
    at om (/Users/Farizkey/Documents/Purwadhika - JCWDOL 020 /Property-Renting-Web-App/backend/prisma/generated/client/runtime/library.js:32:6300)
    at im (/Users/Farizkey/Documents/Purwadhika - JCWDOL 020 /Property-Renting-Web-App/backend/prisma/generated/client/runtime/library.js:32:6186)
    at Et (/Users/Farizkey/Documents/Purwadhika - JCWDOL 020 /Property-Renting-Web-App/backend/prisma/generated/client/runtime/library.js:32:5863)
2025-09-18 15:46:08 [ERROR]: GET /payment/orders/tenant | MESSAGE: 
Invalid `db.bookings.findMany()` invocation in
/Users/Farizkey/Documents/Purwadhika - JCWDOL 020 /Property-Renting-Web-App/backend/src/repositories/transaction/tenant-tx.repository.ts:207:39

  204   tx?: Prisma.TransactionClient
  205 ) => {
  206   const db = tx ?? prisma;
→ 207   const orderList = await db.bookings.findMany({
          where: {
            property: {
              tenant_id: "ce519591-964e-4add-9c74-deb7890c855a"
            },
            status: {
              in: [
                "confirmed"
              ]
            }
          },
          orderBy: {
            created_at: "asc"
          },
          include: {
            property: {
              include: {
                main_image: true,
                ~~~~~~~~~~
                name: true,
                city: true,
        ?       bookings?: true,
        ?       peak_season_rates?: true,
        ?       tenant?: true,
        ?       property_images?: true,
        ?       reviews?: true,
        ?       rooms?: true
              }
            },
            booking_rooms: {
              include: {
                guests_count: true,
                price_per_night: true,
                room: {
                  select: {
                    name: true
                  }
                }
              }
            }
          }
        })

Invalid scalar field `main_image` for include statement on model properties. Available options are marked with ?.
Note that include statements only accept relation fields. | STACK: PrismaClientValidationError: 
Invalid `db.bookings.findMany()` invocation in
/Users/Farizkey/Documents/Purwadhika - JCWDOL 020 /Property-Renting-Web-App/backend/src/repositories/transaction/tenant-tx.repository.ts:207:39

  204   tx?: Prisma.TransactionClient
  205 ) => {
  206   const db = tx ?? prisma;
→ 207   const orderList = await db.bookings.findMany({
          where: {
            property: {
              tenant_id: "ce519591-964e-4add-9c74-deb7890c855a"
            },
            status: {
              in: [
                "confirmed"
              ]
            }
          },
          orderBy: {
            created_at: "asc"
          },
          include: {
            property: {
              include: {
                main_image: true,
                ~~~~~~~~~~
                name: true,
                city: true,
        ?       bookings?: true,
        ?       peak_season_rates?: true,
        ?       tenant?: true,
        ?       property_images?: true,
        ?       reviews?: true,
        ?       rooms?: true
              }
            },
            booking_rooms: {
              include: {
                guests_count: true,
                price_per_night: true,
                room: {
                  select: {
                    name: true
                  }
                }
              }
            }
          }
        })

Invalid scalar field `main_image` for include statement on model properties. Available options are marked with ?.
Note that include statements only accept relation fields.
    at _n (/Users/Farizkey/Documents/Purwadhika - JCWDOL 020 /Property-Renting-Web-App/backend/prisma/generated/client/runtime/library.js:32:1363)
    at e.throwValidationError (/Users/Farizkey/Documents/Purwadhika - JCWDOL 020 /Property-Renting-Web-App/backend/prisma/generated/client/runtime/library.js:32:10051)
    at sm (/Users/Farizkey/Documents/Purwadhika - JCWDOL 020 /Property-Renting-Web-App/backend/prisma/generated/client/runtime/library.js:32:6514)
    at om (/Users/Farizkey/Documents/Purwadhika - JCWDOL 020 /Property-Renting-Web-App/backend/prisma/generated/client/runtime/library.js:32:6300)
    at im (/Users/Farizkey/Documents/Purwadhika - JCWDOL 020 /Property-Renting-Web-App/backend/prisma/generated/client/runtime/library.js:32:6186)
    at Et (/Users/Farizkey/Documents/Purwadhika - JCWDOL 020 /Property-Renting-Web-App/backend/prisma/generated/client/runtime/library.js:32:5863)
    at sm (/Users/Farizkey/Documents/Purwadhika - JCWDOL 020 /Property-Renting-Web-App/backend/prisma/generated/client/runtime/library.js:32:6654)
    at om (/Users/Farizkey/Documents/Purwadhika - JCWDOL 020 /Property-Renting-Web-App/backend/prisma/generated/client/runtime/library.js:32:6300)
    at im (/Users/Farizkey/Documents/Purwadhika - JCWDOL 020 /Property-Renting-Web-App/backend/prisma/generated/client/runtime/library.js:32:6186)
    at Et (/Users/Farizkey/Documents/Purwadhika - JCWDOL 020 /Property-Renting-Web-App/backend/prisma/generated/client/runtime/library.js:32:5863)
2025-09-18 15:46:16 [ERROR]: GET /payment/orders/tenant | MESSAGE: 
Invalid `db.bookings.findMany()` invocation in
/Users/Farizkey/Documents/Purwadhika - JCWDOL 020 /Property-Renting-Web-App/backend/src/repositories/transaction/tenant-tx.repository.ts:207:39

  204   tx?: Prisma.TransactionClient
  205 ) => {
  206   const db = tx ?? prisma;
→ 207   const orderList = await db.bookings.findMany({
          where: {
            property: {
              tenant_id: "ce519591-964e-4add-9c74-deb7890c855a"
            },
            status: {
              in: [
                "confirmed"
              ]
            }
          },
          orderBy: {
            created_at: "asc"
          },
          include: {
            property: {
              include: {
                main_image: true,
                ~~~~~~~~~~
                name: true,
                city: true,
        ?       bookings?: true,
        ?       peak_season_rates?: true,
        ?       tenant?: true,
        ?       property_images?: true,
        ?       reviews?: true,
        ?       rooms?: true
              }
            },
            booking_rooms: {
              include: {
                guests_count: true,
                price_per_night: true,
                room: {
                  select: {
                    name: true
                  }
                }
              }
            }
          }
        })

Invalid scalar field `main_image` for include statement on model properties. Available options are marked with ?.
Note that include statements only accept relation fields. | STACK: PrismaClientValidationError: 
Invalid `db.bookings.findMany()` invocation in
/Users/Farizkey/Documents/Purwadhika - JCWDOL 020 /Property-Renting-Web-App/backend/src/repositories/transaction/tenant-tx.repository.ts:207:39

  204   tx?: Prisma.TransactionClient
  205 ) => {
  206   const db = tx ?? prisma;
→ 207   const orderList = await db.bookings.findMany({
          where: {
            property: {
              tenant_id: "ce519591-964e-4add-9c74-deb7890c855a"
            },
            status: {
              in: [
                "confirmed"
              ]
            }
          },
          orderBy: {
            created_at: "asc"
          },
          include: {
            property: {
              include: {
                main_image: true,
                ~~~~~~~~~~
                name: true,
                city: true,
        ?       bookings?: true,
        ?       peak_season_rates?: true,
        ?       tenant?: true,
        ?       property_images?: true,
        ?       reviews?: true,
        ?       rooms?: true
              }
            },
            booking_rooms: {
              include: {
                guests_count: true,
                price_per_night: true,
                room: {
                  select: {
                    name: true
                  }
                }
              }
            }
          }
        })

Invalid scalar field `main_image` for include statement on model properties. Available options are marked with ?.
Note that include statements only accept relation fields.
    at _n (/Users/Farizkey/Documents/Purwadhika - JCWDOL 020 /Property-Renting-Web-App/backend/prisma/generated/client/runtime/library.js:32:1363)
    at e.throwValidationError (/Users/Farizkey/Documents/Purwadhika - JCWDOL 020 /Property-Renting-Web-App/backend/prisma/generated/client/runtime/library.js:32:10051)
    at sm (/Users/Farizkey/Documents/Purwadhika - JCWDOL 020 /Property-Renting-Web-App/backend/prisma/generated/client/runtime/library.js:32:6514)
    at om (/Users/Farizkey/Documents/Purwadhika - JCWDOL 020 /Property-Renting-Web-App/backend/prisma/generated/client/runtime/library.js:32:6300)
    at im (/Users/Farizkey/Documents/Purwadhika - JCWDOL 020 /Property-Renting-Web-App/backend/prisma/generated/client/runtime/library.js:32:6186)
    at Et (/Users/Farizkey/Documents/Purwadhika - JCWDOL 020 /Property-Renting-Web-App/backend/prisma/generated/client/runtime/library.js:32:5863)
    at sm (/Users/Farizkey/Documents/Purwadhika - JCWDOL 020 /Property-Renting-Web-App/backend/prisma/generated/client/runtime/library.js:32:6654)
    at om (/Users/Farizkey/Documents/Purwadhika - JCWDOL 020 /Property-Renting-Web-App/backend/prisma/generated/client/runtime/library.js:32:6300)
    at im (/Users/Farizkey/Documents/Purwadhika - JCWDOL 020 /Property-Renting-Web-App/backend/prisma/generated/client/runtime/library.js:32:6186)
    at Et (/Users/Farizkey/Documents/Purwadhika - JCWDOL 020 /Property-Renting-Web-App/backend/prisma/generated/client/runtime/library.js:32:5863)
2025-09-18 15:49:11 [ERROR]: GET /payment/orders/tenant | MESSAGE: 
Invalid `db.bookings.findMany()` invocation in
/Users/Farizkey/Documents/Purwadhika - JCWDOL 020 /Property-Renting-Web-App/backend/src/repositories/transaction/tenant-tx.repository.ts:207:39

  204   tx?: Prisma.TransactionClient
  205 ) => {
  206   const db = tx ?? prisma;
→ 207   const orderList = await db.bookings.findMany({
          where: {
            property: {
              tenant_id: "ce519591-964e-4add-9c74-deb7890c855a"
            },
            status: {
              in: [
                "confirmed"
              ]
            }
          },
          orderBy: {
            created_at: "asc"
          },
          include: {
            property: {
              include: {
                main_image: true,
                ~~~~~~~~~~
                name: true,
                city: true,
        ?       bookings?: true,
        ?       peak_season_rates?: true,
        ?       tenant?: true,
        ?       property_images?: true,
        ?       reviews?: true,
        ?       rooms?: true
              }
            },
            booking_rooms: {
              include: {
                guests_count: true,
                price_per_night: true,
                room: {
                  select: {
                    name: true
                  }
                }
              }
            }
          }
        })

Invalid scalar field `main_image` for include statement on model properties. Available options are marked with ?.
Note that include statements only accept relation fields. | STACK: PrismaClientValidationError: 
Invalid `db.bookings.findMany()` invocation in
/Users/Farizkey/Documents/Purwadhika - JCWDOL 020 /Property-Renting-Web-App/backend/src/repositories/transaction/tenant-tx.repository.ts:207:39

  204   tx?: Prisma.TransactionClient
  205 ) => {
  206   const db = tx ?? prisma;
→ 207   const orderList = await db.bookings.findMany({
          where: {
            property: {
              tenant_id: "ce519591-964e-4add-9c74-deb7890c855a"
            },
            status: {
              in: [
                "confirmed"
              ]
            }
          },
          orderBy: {
            created_at: "asc"
          },
          include: {
            property: {
              include: {
                main_image: true,
                ~~~~~~~~~~
                name: true,
                city: true,
        ?       bookings?: true,
        ?       peak_season_rates?: true,
        ?       tenant?: true,
        ?       property_images?: true,
        ?       reviews?: true,
        ?       rooms?: true
              }
            },
            booking_rooms: {
              include: {
                guests_count: true,
                price_per_night: true,
                room: {
                  select: {
                    name: true
                  }
                }
              }
            }
          }
        })

Invalid scalar field `main_image` for include statement on model properties. Available options are marked with ?.
Note that include statements only accept relation fields.
    at _n (/Users/Farizkey/Documents/Purwadhika - JCWDOL 020 /Property-Renting-Web-App/backend/prisma/generated/client/runtime/library.js:32:1363)
    at e.throwValidationError (/Users/Farizkey/Documents/Purwadhika - JCWDOL 020 /Property-Renting-Web-App/backend/prisma/generated/client/runtime/library.js:32:10051)
    at sm (/Users/Farizkey/Documents/Purwadhika - JCWDOL 020 /Property-Renting-Web-App/backend/prisma/generated/client/runtime/library.js:32:6514)
    at om (/Users/Farizkey/Documents/Purwadhika - JCWDOL 020 /Property-Renting-Web-App/backend/prisma/generated/client/runtime/library.js:32:6300)
    at im (/Users/Farizkey/Documents/Purwadhika - JCWDOL 020 /Property-Renting-Web-App/backend/prisma/generated/client/runtime/library.js:32:6186)
    at Et (/Users/Farizkey/Documents/Purwadhika - JCWDOL 020 /Property-Renting-Web-App/backend/prisma/generated/client/runtime/library.js:32:5863)
    at sm (/Users/Farizkey/Documents/Purwadhika - JCWDOL 020 /Property-Renting-Web-App/backend/prisma/generated/client/runtime/library.js:32:6654)
    at om (/Users/Farizkey/Documents/Purwadhika - JCWDOL 020 /Property-Renting-Web-App/backend/prisma/generated/client/runtime/library.js:32:6300)
    at im (/Users/Farizkey/Documents/Purwadhika - JCWDOL 020 /Property-Renting-Web-App/backend/prisma/generated/client/runtime/library.js:32:6186)
    at Et (/Users/Farizkey/Documents/Purwadhika - JCWDOL 020 /Property-Renting-Web-App/backend/prisma/generated/client/runtime/library.js:32:5863)
2025-09-18 15:49:13 [ERROR]: GET /payment/orders/tenant | MESSAGE: 
Invalid `db.bookings.findMany()` invocation in
/Users/Farizkey/Documents/Purwadhika - JCWDOL 020 /Property-Renting-Web-App/backend/src/repositories/transaction/tenant-tx.repository.ts:207:39

  204   tx?: Prisma.TransactionClient
  205 ) => {
  206   const db = tx ?? prisma;
→ 207   const orderList = await db.bookings.findMany({
          where: {
            property: {
              tenant_id: "ce519591-964e-4add-9c74-deb7890c855a"
            },
            status: {
              in: [
                "confirmed"
              ]
            }
          },
          orderBy: {
            created_at: "asc"
          },
          include: {
            property: {
              include: {
                main_image: true,
                ~~~~~~~~~~
                name: true,
                city: true,
        ?       bookings?: true,
        ?       peak_season_rates?: true,
        ?       tenant?: true,
        ?       property_images?: true,
        ?       reviews?: true,
        ?       rooms?: true
              }
            },
            booking_rooms: {
              include: {
                guests_count: true,
                price_per_night: true,
                room: {
                  select: {
                    name: true
                  }
                }
              }
            }
          }
        })

Invalid scalar field `main_image` for include statement on model properties. Available options are marked with ?.
Note that include statements only accept relation fields. | STACK: PrismaClientValidationError: 
Invalid `db.bookings.findMany()` invocation in
/Users/Farizkey/Documents/Purwadhika - JCWDOL 020 /Property-Renting-Web-App/backend/src/repositories/transaction/tenant-tx.repository.ts:207:39

  204   tx?: Prisma.TransactionClient
  205 ) => {
  206   const db = tx ?? prisma;
→ 207   const orderList = await db.bookings.findMany({
          where: {
            property: {
              tenant_id: "ce519591-964e-4add-9c74-deb7890c855a"
            },
            status: {
              in: [
                "confirmed"
              ]
            }
          },
          orderBy: {
            created_at: "asc"
          },
          include: {
            property: {
              include: {
                main_image: true,
                ~~~~~~~~~~
                name: true,
                city: true,
        ?       bookings?: true,
        ?       peak_season_rates?: true,
        ?       tenant?: true,
        ?       property_images?: true,
        ?       reviews?: true,
        ?       rooms?: true
              }
            },
            booking_rooms: {
              include: {
                guests_count: true,
                price_per_night: true,
                room: {
                  select: {
                    name: true
                  }
                }
              }
            }
          }
        })

Invalid scalar field `main_image` for include statement on model properties. Available options are marked with ?.
Note that include statements only accept relation fields.
    at _n (/Users/Farizkey/Documents/Purwadhika - JCWDOL 020 /Property-Renting-Web-App/backend/prisma/generated/client/runtime/library.js:32:1363)
    at e.throwValidationError (/Users/Farizkey/Documents/Purwadhika - JCWDOL 020 /Property-Renting-Web-App/backend/prisma/generated/client/runtime/library.js:32:10051)
    at sm (/Users/Farizkey/Documents/Purwadhika - JCWDOL 020 /Property-Renting-Web-App/backend/prisma/generated/client/runtime/library.js:32:6514)
    at om (/Users/Farizkey/Documents/Purwadhika - JCWDOL 020 /Property-Renting-Web-App/backend/prisma/generated/client/runtime/library.js:32:6300)
    at im (/Users/Farizkey/Documents/Purwadhika - JCWDOL 020 /Property-Renting-Web-App/backend/prisma/generated/client/runtime/library.js:32:6186)
    at Et (/Users/Farizkey/Documents/Purwadhika - JCWDOL 020 /Property-Renting-Web-App/backend/prisma/generated/client/runtime/library.js:32:5863)
    at sm (/Users/Farizkey/Documents/Purwadhika - JCWDOL 020 /Property-Renting-Web-App/backend/prisma/generated/client/runtime/library.js:32:6654)
    at om (/Users/Farizkey/Documents/Purwadhika - JCWDOL 020 /Property-Renting-Web-App/backend/prisma/generated/client/runtime/library.js:32:6300)
    at im (/Users/Farizkey/Documents/Purwadhika - JCWDOL 020 /Property-Renting-Web-App/backend/prisma/generated/client/runtime/library.js:32:6186)
    at Et (/Users/Farizkey/Documents/Purwadhika - JCWDOL 020 /Property-Renting-Web-App/backend/prisma/generated/client/runtime/library.js:32:5863)
2025-09-18 15:49:17 [ERROR]: GET /payment/orders/tenant | MESSAGE: 
Invalid `db.bookings.findMany()` invocation in
/Users/Farizkey/Documents/Purwadhika - JCWDOL 020 /Property-Renting-Web-App/backend/src/repositories/transaction/tenant-tx.repository.ts:207:39

  204   tx?: Prisma.TransactionClient
  205 ) => {
  206   const db = tx ?? prisma;
→ 207   const orderList = await db.bookings.findMany({
          where: {
            property: {
              tenant_id: "ce519591-964e-4add-9c74-deb7890c855a"
            },
            status: {
              in: [
                "confirmed"
              ]
            }
          },
          orderBy: {
            created_at: "asc"
          },
          include: {
            property: {
              include: {
                main_image: true,
                ~~~~~~~~~~
                name: true,
                city: true,
        ?       bookings?: true,
        ?       peak_season_rates?: true,
        ?       tenant?: true,
        ?       property_images?: true,
        ?       reviews?: true,
        ?       rooms?: true
              }
            },
            booking_rooms: {
              include: {
                guests_count: true,
                price_per_night: true,
                room: {
                  select: {
                    name: true
                  }
                }
              }
            }
          }
        })

Invalid scalar field `main_image` for include statement on model properties. Available options are marked with ?.
Note that include statements only accept relation fields. | STACK: PrismaClientValidationError: 
Invalid `db.bookings.findMany()` invocation in
/Users/Farizkey/Documents/Purwadhika - JCWDOL 020 /Property-Renting-Web-App/backend/src/repositories/transaction/tenant-tx.repository.ts:207:39

  204   tx?: Prisma.TransactionClient
  205 ) => {
  206   const db = tx ?? prisma;
→ 207   const orderList = await db.bookings.findMany({
          where: {
            property: {
              tenant_id: "ce519591-964e-4add-9c74-deb7890c855a"
            },
            status: {
              in: [
                "confirmed"
              ]
            }
          },
          orderBy: {
            created_at: "asc"
          },
          include: {
            property: {
              include: {
                main_image: true,
                ~~~~~~~~~~
                name: true,
                city: true,
        ?       bookings?: true,
        ?       peak_season_rates?: true,
        ?       tenant?: true,
        ?       property_images?: true,
        ?       reviews?: true,
        ?       rooms?: true
              }
            },
            booking_rooms: {
              include: {
                guests_count: true,
                price_per_night: true,
                room: {
                  select: {
                    name: true
                  }
                }
              }
            }
          }
        })

Invalid scalar field `main_image` for include statement on model properties. Available options are marked with ?.
Note that include statements only accept relation fields.
    at _n (/Users/Farizkey/Documents/Purwadhika - JCWDOL 020 /Property-Renting-Web-App/backend/prisma/generated/client/runtime/library.js:32:1363)
    at e.throwValidationError (/Users/Farizkey/Documents/Purwadhika - JCWDOL 020 /Property-Renting-Web-App/backend/prisma/generated/client/runtime/library.js:32:10051)
    at sm (/Users/Farizkey/Documents/Purwadhika - JCWDOL 020 /Property-Renting-Web-App/backend/prisma/generated/client/runtime/library.js:32:6514)
    at om (/Users/Farizkey/Documents/Purwadhika - JCWDOL 020 /Property-Renting-Web-App/backend/prisma/generated/client/runtime/library.js:32:6300)
    at im (/Users/Farizkey/Documents/Purwadhika - JCWDOL 020 /Property-Renting-Web-App/backend/prisma/generated/client/runtime/library.js:32:6186)
    at Et (/Users/Farizkey/Documents/Purwadhika - JCWDOL 020 /Property-Renting-Web-App/backend/prisma/generated/client/runtime/library.js:32:5863)
    at sm (/Users/Farizkey/Documents/Purwadhika - JCWDOL 020 /Property-Renting-Web-App/backend/prisma/generated/client/runtime/library.js:32:6654)
    at om (/Users/Farizkey/Documents/Purwadhika - JCWDOL 020 /Property-Renting-Web-App/backend/prisma/generated/client/runtime/library.js:32:6300)
    at im (/Users/Farizkey/Documents/Purwadhika - JCWDOL 020 /Property-Renting-Web-App/backend/prisma/generated/client/runtime/library.js:32:6186)
    at Et (/Users/Farizkey/Documents/Purwadhika - JCWDOL 020 /Property-Renting-Web-App/backend/prisma/generated/client/runtime/library.js:32:5863)
2025-09-18 15:49:22 [ERROR]: GET /payment/orders/tenant | MESSAGE: 
Invalid `db.bookings.findMany()` invocation in
/Users/Farizkey/Documents/Purwadhika - JCWDOL 020 /Property-Renting-Web-App/backend/src/repositories/transaction/tenant-tx.repository.ts:207:39

  204   tx?: Prisma.TransactionClient
  205 ) => {
  206   const db = tx ?? prisma;
→ 207   const orderList = await db.bookings.findMany({
          where: {
            property: {
              tenant_id: "ce519591-964e-4add-9c74-deb7890c855a"
            },
            status: {
              in: [
                "confirmed"
              ]
            }
          },
          orderBy: {
            created_at: "asc"
          },
          include: {
            property: {
              include: {
                main_image: true,
                ~~~~~~~~~~
                name: true,
                city: true,
        ?       bookings?: true,
        ?       peak_season_rates?: true,
        ?       tenant?: true,
        ?       property_images?: true,
        ?       reviews?: true,
        ?       rooms?: true
              }
            },
            booking_rooms: {
              include: {
                guests_count: true,
                price_per_night: true,
                room: {
                  select: {
                    name: true
                  }
                }
              }
            }
          }
        })

Invalid scalar field `main_image` for include statement on model properties. Available options are marked with ?.
Note that include statements only accept relation fields. | STACK: PrismaClientValidationError: 
Invalid `db.bookings.findMany()` invocation in
/Users/Farizkey/Documents/Purwadhika - JCWDOL 020 /Property-Renting-Web-App/backend/src/repositories/transaction/tenant-tx.repository.ts:207:39

  204   tx?: Prisma.TransactionClient
  205 ) => {
  206   const db = tx ?? prisma;
→ 207   const orderList = await db.bookings.findMany({
          where: {
            property: {
              tenant_id: "ce519591-964e-4add-9c74-deb7890c855a"
            },
            status: {
              in: [
                "confirmed"
              ]
            }
          },
          orderBy: {
            created_at: "asc"
          },
          include: {
            property: {
              include: {
                main_image: true,
                ~~~~~~~~~~
                name: true,
                city: true,
        ?       bookings?: true,
        ?       peak_season_rates?: true,
        ?       tenant?: true,
        ?       property_images?: true,
        ?       reviews?: true,
        ?       rooms?: true
              }
            },
            booking_rooms: {
              include: {
                guests_count: true,
                price_per_night: true,
                room: {
                  select: {
                    name: true
                  }
                }
              }
            }
          }
        })

Invalid scalar field `main_image` for include statement on model properties. Available options are marked with ?.
Note that include statements only accept relation fields.
    at _n (/Users/Farizkey/Documents/Purwadhika - JCWDOL 020 /Property-Renting-Web-App/backend/prisma/generated/client/runtime/library.js:32:1363)
    at e.throwValidationError (/Users/Farizkey/Documents/Purwadhika - JCWDOL 020 /Property-Renting-Web-App/backend/prisma/generated/client/runtime/library.js:32:10051)
    at sm (/Users/Farizkey/Documents/Purwadhika - JCWDOL 020 /Property-Renting-Web-App/backend/prisma/generated/client/runtime/library.js:32:6514)
    at om (/Users/Farizkey/Documents/Purwadhika - JCWDOL 020 /Property-Renting-Web-App/backend/prisma/generated/client/runtime/library.js:32:6300)
    at im (/Users/Farizkey/Documents/Purwadhika - JCWDOL 020 /Property-Renting-Web-App/backend/prisma/generated/client/runtime/library.js:32:6186)
    at Et (/Users/Farizkey/Documents/Purwadhika - JCWDOL 020 /Property-Renting-Web-App/backend/prisma/generated/client/runtime/library.js:32:5863)
    at sm (/Users/Farizkey/Documents/Purwadhika - JCWDOL 020 /Property-Renting-Web-App/backend/prisma/generated/client/runtime/library.js:32:6654)
    at om (/Users/Farizkey/Documents/Purwadhika - JCWDOL 020 /Property-Renting-Web-App/backend/prisma/generated/client/runtime/library.js:32:6300)
    at im (/Users/Farizkey/Documents/Purwadhika - JCWDOL 020 /Property-Renting-Web-App/backend/prisma/generated/client/runtime/library.js:32:6186)
    at Et (/Users/Farizkey/Documents/Purwadhika - JCWDOL 020 /Property-Renting-Web-App/backend/prisma/generated/client/runtime/library.js:32:5863)
2025-09-18 15:49:36 [ERROR]: GET /payment/orders/tenant | MESSAGE: 
Invalid `db.bookings.findMany()` invocation in
/Users/Farizkey/Documents/Purwadhika - JCWDOL 020 /Property-Renting-Web-App/backend/src/repositories/transaction/tenant-tx.repository.ts:207:39

  204   tx?: Prisma.TransactionClient
  205 ) => {
  206   const db = tx ?? prisma;
→ 207   const orderList = await db.bookings.findMany({
          where: {
            property: {
              tenant_id: "ce519591-964e-4add-9c74-deb7890c855a"
            },
            status: {
              in: [
                "confirmed"
              ]
            }
          },
          orderBy: {
            created_at: "asc"
          },
          include: {
            property: {
              include: {
                main_image: true,
                ~~~~~~~~~~
                name: true,
                city: true,
        ?       bookings?: true,
        ?       peak_season_rates?: true,
        ?       tenant?: true,
        ?       property_images?: true,
        ?       reviews?: true,
        ?       rooms?: true
              }
            },
            booking_rooms: {
              include: {
                guests_count: true,
                price_per_night: true,
                room: {
                  select: {
                    name: true
                  }
                }
              }
            }
          }
        })

Invalid scalar field `main_image` for include statement on model properties. Available options are marked with ?.
Note that include statements only accept relation fields. | STACK: PrismaClientValidationError: 
Invalid `db.bookings.findMany()` invocation in
/Users/Farizkey/Documents/Purwadhika - JCWDOL 020 /Property-Renting-Web-App/backend/src/repositories/transaction/tenant-tx.repository.ts:207:39

  204   tx?: Prisma.TransactionClient
  205 ) => {
  206   const db = tx ?? prisma;
→ 207   const orderList = await db.bookings.findMany({
          where: {
            property: {
              tenant_id: "ce519591-964e-4add-9c74-deb7890c855a"
            },
            status: {
              in: [
                "confirmed"
              ]
            }
          },
          orderBy: {
            created_at: "asc"
          },
          include: {
            property: {
              include: {
                main_image: true,
                ~~~~~~~~~~
                name: true,
                city: true,
        ?       bookings?: true,
        ?       peak_season_rates?: true,
        ?       tenant?: true,
        ?       property_images?: true,
        ?       reviews?: true,
        ?       rooms?: true
              }
            },
            booking_rooms: {
              include: {
                guests_count: true,
                price_per_night: true,
                room: {
                  select: {
                    name: true
                  }
                }
              }
            }
          }
        })

Invalid scalar field `main_image` for include statement on model properties. Available options are marked with ?.
Note that include statements only accept relation fields.
    at _n (/Users/Farizkey/Documents/Purwadhika - JCWDOL 020 /Property-Renting-Web-App/backend/prisma/generated/client/runtime/library.js:32:1363)
    at e.throwValidationError (/Users/Farizkey/Documents/Purwadhika - JCWDOL 020 /Property-Renting-Web-App/backend/prisma/generated/client/runtime/library.js:32:10051)
    at sm (/Users/Farizkey/Documents/Purwadhika - JCWDOL 020 /Property-Renting-Web-App/backend/prisma/generated/client/runtime/library.js:32:6514)
    at om (/Users/Farizkey/Documents/Purwadhika - JCWDOL 020 /Property-Renting-Web-App/backend/prisma/generated/client/runtime/library.js:32:6300)
    at im (/Users/Farizkey/Documents/Purwadhika - JCWDOL 020 /Property-Renting-Web-App/backend/prisma/generated/client/runtime/library.js:32:6186)
    at Et (/Users/Farizkey/Documents/Purwadhika - JCWDOL 020 /Property-Renting-Web-App/backend/prisma/generated/client/runtime/library.js:32:5863)
    at sm (/Users/Farizkey/Documents/Purwadhika - JCWDOL 020 /Property-Renting-Web-App/backend/prisma/generated/client/runtime/library.js:32:6654)
    at om (/Users/Farizkey/Documents/Purwadhika - JCWDOL 020 /Property-Renting-Web-App/backend/prisma/generated/client/runtime/library.js:32:6300)
    at im (/Users/Farizkey/Documents/Purwadhika - JCWDOL 020 /Property-Renting-Web-App/backend/prisma/generated/client/runtime/library.js:32:6186)
    at Et (/Users/Farizkey/Documents/Purwadhika - JCWDOL 020 /Property-Renting-Web-App/backend/prisma/generated/client/runtime/library.js:32:5863)
2025-09-18 15:50:57 [ERROR]: GET /payment/orders/tenant | MESSAGE: 
Invalid `db.bookings.findMany()` invocation in
/Users/Farizkey/Documents/Purwadhika - JCWDOL 020 /Property-Renting-Web-App/backend/src/repositories/transaction/tenant-tx.repository.ts:207:39

  204   tx?: Prisma.TransactionClient
  205 ) => {
  206   const db = tx ?? prisma;
→ 207   const orderList = await db.bookings.findMany({
          where: {
            property: {
              tenant_id: "ce519591-964e-4add-9c74-deb7890c855a"
            },
            status: {
              in: [
                "confirmed"
              ]
            }
          },
          orderBy: {
            created_at: "asc"
          },
          include: {
            property: {
              select: {
                main_image: true,
                name: true,
                city: true
              }
            },
            booking_rooms: {
              include: {
                guests_count: true,
                ~~~~~~~~~~~~
                price_per_night: true,
                room: {
                  select: {
                    name: true
                  }
                },
        ?       booking?: true,
        ?       room?: true
              }
            }
          }
        })

Invalid scalar field `guests_count` for include statement on model booking_rooms. Available options are marked with ?.
Note that include statements only accept relation fields. | STACK: PrismaClientValidationError: 
Invalid `db.bookings.findMany()` invocation in
/Users/Farizkey/Documents/Purwadhika - JCWDOL 020 /Property-Renting-Web-App/backend/src/repositories/transaction/tenant-tx.repository.ts:207:39

  204   tx?: Prisma.TransactionClient
  205 ) => {
  206   const db = tx ?? prisma;
→ 207   const orderList = await db.bookings.findMany({
          where: {
            property: {
              tenant_id: "ce519591-964e-4add-9c74-deb7890c855a"
            },
            status: {
              in: [
                "confirmed"
              ]
            }
          },
          orderBy: {
            created_at: "asc"
          },
          include: {
            property: {
              select: {
                main_image: true,
                name: true,
                city: true
              }
            },
            booking_rooms: {
              include: {
                guests_count: true,
                ~~~~~~~~~~~~
                price_per_night: true,
                room: {
                  select: {
                    name: true
                  }
                },
        ?       booking?: true,
        ?       room?: true
              }
            }
          }
        })

Invalid scalar field `guests_count` for include statement on model booking_rooms. Available options are marked with ?.
Note that include statements only accept relation fields.
    at _n (/Users/Farizkey/Documents/Purwadhika - JCWDOL 020 /Property-Renting-Web-App/backend/prisma/generated/client/runtime/library.js:32:1363)
    at e.throwValidationError (/Users/Farizkey/Documents/Purwadhika - JCWDOL 020 /Property-Renting-Web-App/backend/prisma/generated/client/runtime/library.js:32:10051)
    at sm (/Users/Farizkey/Documents/Purwadhika - JCWDOL 020 /Property-Renting-Web-App/backend/prisma/generated/client/runtime/library.js:32:6514)
    at om (/Users/Farizkey/Documents/Purwadhika - JCWDOL 020 /Property-Renting-Web-App/backend/prisma/generated/client/runtime/library.js:32:6300)
    at im (/Users/Farizkey/Documents/Purwadhika - JCWDOL 020 /Property-Renting-Web-App/backend/prisma/generated/client/runtime/library.js:32:6186)
    at Et (/Users/Farizkey/Documents/Purwadhika - JCWDOL 020 /Property-Renting-Web-App/backend/prisma/generated/client/runtime/library.js:32:5863)
    at sm (/Users/Farizkey/Documents/Purwadhika - JCWDOL 020 /Property-Renting-Web-App/backend/prisma/generated/client/runtime/library.js:32:6654)
    at om (/Users/Farizkey/Documents/Purwadhika - JCWDOL 020 /Property-Renting-Web-App/backend/prisma/generated/client/runtime/library.js:32:6300)
    at im (/Users/Farizkey/Documents/Purwadhika - JCWDOL 020 /Property-Renting-Web-App/backend/prisma/generated/client/runtime/library.js:32:6186)
    at Et (/Users/Farizkey/Documents/Purwadhika - JCWDOL 020 /Property-Renting-Web-App/backend/prisma/generated/client/runtime/library.js:32:5863)
2025-09-18 15:51:01 [ERROR]: GET /payment/orders/tenant | MESSAGE: 
Invalid `db.bookings.findMany()` invocation in
/Users/Farizkey/Documents/Purwadhika - JCWDOL 020 /Property-Renting-Web-App/backend/src/repositories/transaction/tenant-tx.repository.ts:207:39

  204   tx?: Prisma.TransactionClient
  205 ) => {
  206   const db = tx ?? prisma;
→ 207   const orderList = await db.bookings.findMany({
          where: {
            property: {
              tenant_id: "ce519591-964e-4add-9c74-deb7890c855a"
            },
            status: {
              in: [
                "confirmed"
              ]
            }
          },
          orderBy: {
            created_at: "asc"
          },
          include: {
            property: {
              select: {
                main_image: true,
                name: true,
                city: true
              }
            },
            booking_rooms: {
              include: {
                guests_count: true,
                ~~~~~~~~~~~~
                price_per_night: true,
                room: {
                  select: {
                    name: true
                  }
                },
        ?       booking?: true,
        ?       room?: true
              }
            }
          }
        })

Invalid scalar field `guests_count` for include statement on model booking_rooms. Available options are marked with ?.
Note that include statements only accept relation fields. | STACK: PrismaClientValidationError: 
Invalid `db.bookings.findMany()` invocation in
/Users/Farizkey/Documents/Purwadhika - JCWDOL 020 /Property-Renting-Web-App/backend/src/repositories/transaction/tenant-tx.repository.ts:207:39

  204   tx?: Prisma.TransactionClient
  205 ) => {
  206   const db = tx ?? prisma;
→ 207   const orderList = await db.bookings.findMany({
          where: {
            property: {
              tenant_id: "ce519591-964e-4add-9c74-deb7890c855a"
            },
            status: {
              in: [
                "confirmed"
              ]
            }
          },
          orderBy: {
            created_at: "asc"
          },
          include: {
            property: {
              select: {
                main_image: true,
                name: true,
                city: true
              }
            },
            booking_rooms: {
              include: {
                guests_count: true,
                ~~~~~~~~~~~~
                price_per_night: true,
                room: {
                  select: {
                    name: true
                  }
                },
        ?       booking?: true,
        ?       room?: true
              }
            }
          }
        })

Invalid scalar field `guests_count` for include statement on model booking_rooms. Available options are marked with ?.
Note that include statements only accept relation fields.
    at _n (/Users/Farizkey/Documents/Purwadhika - JCWDOL 020 /Property-Renting-Web-App/backend/prisma/generated/client/runtime/library.js:32:1363)
    at e.throwValidationError (/Users/Farizkey/Documents/Purwadhika - JCWDOL 020 /Property-Renting-Web-App/backend/prisma/generated/client/runtime/library.js:32:10051)
    at sm (/Users/Farizkey/Documents/Purwadhika - JCWDOL 020 /Property-Renting-Web-App/backend/prisma/generated/client/runtime/library.js:32:6514)
    at om (/Users/Farizkey/Documents/Purwadhika - JCWDOL 020 /Property-Renting-Web-App/backend/prisma/generated/client/runtime/library.js:32:6300)
    at im (/Users/Farizkey/Documents/Purwadhika - JCWDOL 020 /Property-Renting-Web-App/backend/prisma/generated/client/runtime/library.js:32:6186)
    at Et (/Users/Farizkey/Documents/Purwadhika - JCWDOL 020 /Property-Renting-Web-App/backend/prisma/generated/client/runtime/library.js:32:5863)
    at sm (/Users/Farizkey/Documents/Purwadhika - JCWDOL 020 /Property-Renting-Web-App/backend/prisma/generated/client/runtime/library.js:32:6654)
    at om (/Users/Farizkey/Documents/Purwadhika - JCWDOL 020 /Property-Renting-Web-App/backend/prisma/generated/client/runtime/library.js:32:6300)
    at im (/Users/Farizkey/Documents/Purwadhika - JCWDOL 020 /Property-Renting-Web-App/backend/prisma/generated/client/runtime/library.js:32:6186)
    at Et (/Users/Farizkey/Documents/Purwadhika - JCWDOL 020 /Property-Renting-Web-App/backend/prisma/generated/client/runtime/library.js:32:5863)
2025-09-18 15:51:05 [ERROR]: GET /payment/orders/tenant | MESSAGE: 
Invalid `db.bookings.findMany()` invocation in
/Users/Farizkey/Documents/Purwadhika - JCWDOL 020 /Property-Renting-Web-App/backend/src/repositories/transaction/tenant-tx.repository.ts:207:39

  204   tx?: Prisma.TransactionClient
  205 ) => {
  206   const db = tx ?? prisma;
→ 207   const orderList = await db.bookings.findMany({
          where: {
            property: {
              tenant_id: "ce519591-964e-4add-9c74-deb7890c855a"
            },
            status: {
              in: [
                "confirmed"
              ]
            }
          },
          orderBy: {
            created_at: "asc"
          },
          include: {
            property: {
              select: {
                main_image: true,
                name: true,
                city: true
              }
            },
            booking_rooms: {
              include: {
                guests_count: true,
                ~~~~~~~~~~~~
                price_per_night: true,
                room: {
                  select: {
                    name: true
                  }
                },
        ?       booking?: true,
        ?       room?: true
              }
            }
          }
        })

Invalid scalar field `guests_count` for include statement on model booking_rooms. Available options are marked with ?.
Note that include statements only accept relation fields. | STACK: PrismaClientValidationError: 
Invalid `db.bookings.findMany()` invocation in
/Users/Farizkey/Documents/Purwadhika - JCWDOL 020 /Property-Renting-Web-App/backend/src/repositories/transaction/tenant-tx.repository.ts:207:39

  204   tx?: Prisma.TransactionClient
  205 ) => {
  206   const db = tx ?? prisma;
→ 207   const orderList = await db.bookings.findMany({
          where: {
            property: {
              tenant_id: "ce519591-964e-4add-9c74-deb7890c855a"
            },
            status: {
              in: [
                "confirmed"
              ]
            }
          },
          orderBy: {
            created_at: "asc"
          },
          include: {
            property: {
              select: {
                main_image: true,
                name: true,
                city: true
              }
            },
            booking_rooms: {
              include: {
                guests_count: true,
                ~~~~~~~~~~~~
                price_per_night: true,
                room: {
                  select: {
                    name: true
                  }
                },
        ?       booking?: true,
        ?       room?: true
              }
            }
          }
        })

Invalid scalar field `guests_count` for include statement on model booking_rooms. Available options are marked with ?.
Note that include statements only accept relation fields.
    at _n (/Users/Farizkey/Documents/Purwadhika - JCWDOL 020 /Property-Renting-Web-App/backend/prisma/generated/client/runtime/library.js:32:1363)
    at e.throwValidationError (/Users/Farizkey/Documents/Purwadhika - JCWDOL 020 /Property-Renting-Web-App/backend/prisma/generated/client/runtime/library.js:32:10051)
    at sm (/Users/Farizkey/Documents/Purwadhika - JCWDOL 020 /Property-Renting-Web-App/backend/prisma/generated/client/runtime/library.js:32:6514)
    at om (/Users/Farizkey/Documents/Purwadhika - JCWDOL 020 /Property-Renting-Web-App/backend/prisma/generated/client/runtime/library.js:32:6300)
    at im (/Users/Farizkey/Documents/Purwadhika - JCWDOL 020 /Property-Renting-Web-App/backend/prisma/generated/client/runtime/library.js:32:6186)
    at Et (/Users/Farizkey/Documents/Purwadhika - JCWDOL 020 /Property-Renting-Web-App/backend/prisma/generated/client/runtime/library.js:32:5863)
    at sm (/Users/Farizkey/Documents/Purwadhika - JCWDOL 020 /Property-Renting-Web-App/backend/prisma/generated/client/runtime/library.js:32:6654)
    at om (/Users/Farizkey/Documents/Purwadhika - JCWDOL 020 /Property-Renting-Web-App/backend/prisma/generated/client/runtime/library.js:32:6300)
    at im (/Users/Farizkey/Documents/Purwadhika - JCWDOL 020 /Property-Renting-Web-App/backend/prisma/generated/client/runtime/library.js:32:6186)
    at Et (/Users/Farizkey/Documents/Purwadhika - JCWDOL 020 /Property-Renting-Web-App/backend/prisma/generated/client/runtime/library.js:32:5863)
2025-09-18 15:51:10 [ERROR]: GET /payment/orders/tenant | MESSAGE: 
Invalid `db.bookings.findMany()` invocation in
/Users/Farizkey/Documents/Purwadhika - JCWDOL 020 /Property-Renting-Web-App/backend/src/repositories/transaction/tenant-tx.repository.ts:207:39

  204   tx?: Prisma.TransactionClient
  205 ) => {
  206   const db = tx ?? prisma;
→ 207   const orderList = await db.bookings.findMany({
          where: {
            property: {
              tenant_id: "ce519591-964e-4add-9c74-deb7890c855a"
            },
            status: {
              in: [
                "confirmed"
              ]
            }
          },
          orderBy: {
            created_at: "asc"
          },
          include: {
            property: {
              select: {
                main_image: true,
                name: true,
                city: true
              }
            },
            booking_rooms: {
              include: {
                guests_count: true,
                ~~~~~~~~~~~~
                price_per_night: true,
                room: {
                  select: {
                    name: true
                  }
                },
        ?       booking?: true,
        ?       room?: true
              }
            }
          }
        })

Invalid scalar field `guests_count` for include statement on model booking_rooms. Available options are marked with ?.
Note that include statements only accept relation fields. | STACK: PrismaClientValidationError: 
Invalid `db.bookings.findMany()` invocation in
/Users/Farizkey/Documents/Purwadhika - JCWDOL 020 /Property-Renting-Web-App/backend/src/repositories/transaction/tenant-tx.repository.ts:207:39

  204   tx?: Prisma.TransactionClient
  205 ) => {
  206   const db = tx ?? prisma;
→ 207   const orderList = await db.bookings.findMany({
          where: {
            property: {
              tenant_id: "ce519591-964e-4add-9c74-deb7890c855a"
            },
            status: {
              in: [
                "confirmed"
              ]
            }
          },
          orderBy: {
            created_at: "asc"
          },
          include: {
            property: {
              select: {
                main_image: true,
                name: true,
                city: true
              }
            },
            booking_rooms: {
              include: {
                guests_count: true,
                ~~~~~~~~~~~~
                price_per_night: true,
                room: {
                  select: {
                    name: true
                  }
                },
        ?       booking?: true,
        ?       room?: true
              }
            }
          }
        })

Invalid scalar field `guests_count` for include statement on model booking_rooms. Available options are marked with ?.
Note that include statements only accept relation fields.
    at _n (/Users/Farizkey/Documents/Purwadhika - JCWDOL 020 /Property-Renting-Web-App/backend/prisma/generated/client/runtime/library.js:32:1363)
    at e.throwValidationError (/Users/Farizkey/Documents/Purwadhika - JCWDOL 020 /Property-Renting-Web-App/backend/prisma/generated/client/runtime/library.js:32:10051)
    at sm (/Users/Farizkey/Documents/Purwadhika - JCWDOL 020 /Property-Renting-Web-App/backend/prisma/generated/client/runtime/library.js:32:6514)
    at om (/Users/Farizkey/Documents/Purwadhika - JCWDOL 020 /Property-Renting-Web-App/backend/prisma/generated/client/runtime/library.js:32:6300)
    at im (/Users/Farizkey/Documents/Purwadhika - JCWDOL 020 /Property-Renting-Web-App/backend/prisma/generated/client/runtime/library.js:32:6186)
    at Et (/Users/Farizkey/Documents/Purwadhika - JCWDOL 020 /Property-Renting-Web-App/backend/prisma/generated/client/runtime/library.js:32:5863)
    at sm (/Users/Farizkey/Documents/Purwadhika - JCWDOL 020 /Property-Renting-Web-App/backend/prisma/generated/client/runtime/library.js:32:6654)
    at om (/Users/Farizkey/Documents/Purwadhika - JCWDOL 020 /Property-Renting-Web-App/backend/prisma/generated/client/runtime/library.js:32:6300)
    at im (/Users/Farizkey/Documents/Purwadhika - JCWDOL 020 /Property-Renting-Web-App/backend/prisma/generated/client/runtime/library.js:32:6186)
    at Et (/Users/Farizkey/Documents/Purwadhika - JCWDOL 020 /Property-Renting-Web-App/backend/prisma/generated/client/runtime/library.js:32:5863)
2025-09-18 15:51:54 [ERROR]: GET /payment/orders/tenant | MESSAGE: 
Invalid `db.bookings.findMany()` invocation in
/Users/Farizkey/Documents/Purwadhika - JCWDOL 020 /Property-Renting-Web-App/backend/src/repositories/transaction/tenant-tx.repository.ts:207:39

  204   tx?: Prisma.TransactionClient
  205 ) => {
  206   const db = tx ?? prisma;
→ 207   const orderList = await db.bookings.findMany({
          where: {
            property: {
              tenant_id: "ce519591-964e-4add-9c74-deb7890c855a"
            },
            status: {
              in: [
                "confirmed"
              ]
            }
          },
          orderBy: {
            created_at: "asc"
          },
          include: {
            property: {
              select: {
                main_image: true,
                name: true,
                city: true
              }
            },
            booking_rooms: {
              include: {
                guests_count: true,
                ~~~~~~~~~~~~
                price_per_night: true,
                room: {
                  select: {
                    name: true
                  }
                },
        ?       booking?: true,
        ?       room?: true
              }
            }
          }
        })

Invalid scalar field `guests_count` for include statement on model booking_rooms. Available options are marked with ?.
Note that include statements only accept relation fields. | STACK: PrismaClientValidationError: 
Invalid `db.bookings.findMany()` invocation in
/Users/Farizkey/Documents/Purwadhika - JCWDOL 020 /Property-Renting-Web-App/backend/src/repositories/transaction/tenant-tx.repository.ts:207:39

  204   tx?: Prisma.TransactionClient
  205 ) => {
  206   const db = tx ?? prisma;
→ 207   const orderList = await db.bookings.findMany({
          where: {
            property: {
              tenant_id: "ce519591-964e-4add-9c74-deb7890c855a"
            },
            status: {
              in: [
                "confirmed"
              ]
            }
          },
          orderBy: {
            created_at: "asc"
          },
          include: {
            property: {
              select: {
                main_image: true,
                name: true,
                city: true
              }
            },
            booking_rooms: {
              include: {
                guests_count: true,
                ~~~~~~~~~~~~
                price_per_night: true,
                room: {
                  select: {
                    name: true
                  }
                },
        ?       booking?: true,
        ?       room?: true
              }
            }
          }
        })

Invalid scalar field `guests_count` for include statement on model booking_rooms. Available options are marked with ?.
Note that include statements only accept relation fields.
    at _n (/Users/Farizkey/Documents/Purwadhika - JCWDOL 020 /Property-Renting-Web-App/backend/prisma/generated/client/runtime/library.js:32:1363)
    at e.throwValidationError (/Users/Farizkey/Documents/Purwadhika - JCWDOL 020 /Property-Renting-Web-App/backend/prisma/generated/client/runtime/library.js:32:10051)
    at sm (/Users/Farizkey/Documents/Purwadhika - JCWDOL 020 /Property-Renting-Web-App/backend/prisma/generated/client/runtime/library.js:32:6514)
    at om (/Users/Farizkey/Documents/Purwadhika - JCWDOL 020 /Property-Renting-Web-App/backend/prisma/generated/client/runtime/library.js:32:6300)
    at im (/Users/Farizkey/Documents/Purwadhika - JCWDOL 020 /Property-Renting-Web-App/backend/prisma/generated/client/runtime/library.js:32:6186)
    at Et (/Users/Farizkey/Documents/Purwadhika - JCWDOL 020 /Property-Renting-Web-App/backend/prisma/generated/client/runtime/library.js:32:5863)
    at sm (/Users/Farizkey/Documents/Purwadhika - JCWDOL 020 /Property-Renting-Web-App/backend/prisma/generated/client/runtime/library.js:32:6654)
    at om (/Users/Farizkey/Documents/Purwadhika - JCWDOL 020 /Property-Renting-Web-App/backend/prisma/generated/client/runtime/library.js:32:6300)
    at im (/Users/Farizkey/Documents/Purwadhika - JCWDOL 020 /Property-Renting-Web-App/backend/prisma/generated/client/runtime/library.js:32:6186)
    at Et (/Users/Farizkey/Documents/Purwadhika - JCWDOL 020 /Property-Renting-Web-App/backend/prisma/generated/client/runtime/library.js:32:5863)
2025-09-18 16:28:17 [ERROR]: POST /auth/logout | MESSAGE: Unauthorized | STACK: undefined
2025-09-18 16:28:30 [ERROR]: GET /user/me | MESSAGE: Unauthorized | STACK: undefined
